customer_id,first_name,last_name,email,street,city,state,country
0,Brooke,Hernandez,ojohnson@example.org,9768 Hernandez Springs Suite 303,Hartmanville,Vermont,Aruba
1,Elijah,Kaiser,annaritter@example.org,943 Jones Junctions Apt. 776,East Andrea,South Dakota,Antigua and Barbuda
2,Chris,Fowler,edwardssteve@example.net,917 Tara Mews Apt. 322,East Gregorystad,New Hampshire,Burundi
3,Allen,Durham,paceerica@example.net,171 Selena Mountain Suite 190,Lake Ericfurt,Nebraska,Cayman Islands
4,Matthew,Soto,kimberlytaylor@example.org,513 Thompson Groves,Kellyton,Alaska,Comoros
5,Cody,Hall,caitlinwalsh@example.com,98128 Wood Flat,West Karen,Louisiana,Jordan
6,John,Garcia,dacevedo@example.com,421 Davis Terrace,New Janetside,Massachusetts,Iraq
7,Melissa,Ray,morganevans@example.org,15403 Christopher Circles,South Emilyton,Nevada,Kenya
8,Denise,Wilson,jwebster@example.com,126 Thomas Forest Suite 208,Port Richardfurt,New Mexico,New Zealand
9,Breanna,Horn,christierobinson@example.org,5280 Patton Circle Suite 238,Kimberlybury,Michigan,Niger
10,Steven,Ward,muellermegan@example.org,073 Kristen Station,New Michael,Colorado,Ethiopia
11,Robert,Lozano,jenniferbrown@example.net,135 Brittany Bridge,Lake Andreaside,New Jersey,Barbados
12,Ronald,King,baileyfelicia@example.com,57527 Tiffany Square Apt. 621,Collinsmouth,Mississippi,Eritrea
13,Deanna,Hopkins,tsexton@example.net,258 Pittman Stream Suite 017,Kennethbury,Massachusetts,Ukraine
14,Courtney,Murray,carolynsnyder@example.net,9843 Philip Camp Apt. 774,New Joseburgh,Montana,British Virgin Islands
15,Jeff,Barnes,cindy19@example.com,13160 Sarah Corner,Davisburgh,Wyoming,New Caledonia
16,Kristen,Perez,cgardner@example.net,42645 Gill Canyon,Hudsonport,Delaware,Madagascar
17,John,York,kenneth73@example.net,7254 Danielle Knoll,East Robin,Wyoming,Central African Republic
18,Tonya,Harrison,keith66@example.net,617 Alexis Stream,Tamaraton,Washington,Kenya
19,Pamela,Contreras,elizabethvelasquez@example.org,262 Black Corners,Matthewchester,Montana,Slovenia
20,Karen,Willis,rodney68@example.com,60919 Nolan Estates Apt. 304,East Patricia,Alaska,Guinea
21,Kimberly,Torres,damonperez@example.net,002 Mitchell Street Apt. 004,Robertburgh,Montana,Ghana
22,Logan,Robinson,jordansmith@example.org,6529 Katie Camp,Gordontown,Alaska,Iran
23,Frederick,Allen,gmartinez@example.org,64726 Rebecca Shores,North Andres,Minnesota,Congo
24,Mary,Edwards,hamiltonpenny@example.com,0202 Spencer Fork Apt. 994,New Hollyside,Idaho,Congo
25,Erin,Morgan,jesus45@example.org,13373 Cox Track,Stevenmouth,Ohio,Gabon
26,John,Evans,ireyes@example.net,15959 Jessica Pass Suite 215,Longville,Maryland,Myanmar
27,Benjamin,Jones,heather04@example.net,865 Johnson Hill,West Taylor,Tennessee,Syrian Arab Republic
28,Douglas,Wilkins,shensley@example.net,72149 Padilla Park,Tiffanyburgh,Vermont,Cameroon
29,Ashley,Burton,abeck@example.net,1567 Mclaughlin Garden,Kellyfurt,Oregon,Cape Verde
30,James,Rodriguez,williamjohnson@example.net,1057 Flores Parks,Harrisberg,Alaska,Botswana
31,Jeremy,Harris,longmichelle@example.com,48389 Turner Ridges Apt. 640,North Bryanborough,Idaho,Bermuda
32,Roy,Herrera,hclay@example.org,200 Jack Summit,Rothport,Rhode Island,Guinea
33,Tamara,Schneider,matthewfoster@example.org,274 Woodward Canyon,Biancahaven,California,Seychelles
34,Lindsey,Baker,yhull@example.net,3835 Johnson Land Suite 190,Clarkeville,Tennessee,Azerbaijan
35,Natalie,Bradley,roberthart@example.com,3645 Baker Inlet Suite 830,Mariaborough,Washington,Vietnam
36,Tiffany,Mendoza,jennifer81@example.com,375 Stephanie Meadow Suite 482,Smithside,West Virginia,Honduras
37,Michele,Blevins,michael38@example.org,2966 Owen Tunnel Suite 461,Clarkchester,Utah,Holy See (Vatican City State)
38,Misty,Fry,stevegordon@example.com,5426 Kristin River Suite 947,Leonardland,Wisconsin,Finland
39,Mary,Whitaker,qwilson@example.org,3393 Amy Common,South Dianamouth,Wisconsin,Paraguay
40,Sarah,Bradford,alvareznatalie@example.org,31637 Stephanie Lodge,Danielburgh,Indiana,Sudan
41,Aaron,Adams,christopher85@example.org,78433 Duncan Flat,East Carol,Utah,Uganda
42,Kayla,Garcia,chris35@example.com,27399 Jones Ridge Apt. 966,Port James,Massachusetts,Libyan Arab Jamahiriya
43,Nicole,Horne,mcguiregregory@example.com,322 James Mission,North Ronnie,Mississippi,Turkmenistan
44,Amanda,Rogers,ramseyjulie@example.org,024 Paula Point Suite 944,East Jonathan,Tennessee,Jordan
45,Kristin,Chandler,vbaker@example.net,900 Morrison Union,Nealtown,Alaska,Bosnia and Herzegovina
46,Michael,Barnes,coxdaniel@example.org,3824 Hale Ville,New Elizabethfurt,Massachusetts,Kenya
47,Karen,White,robinsonmary@example.net,738 Anthony Drive,East Elizabethfort,Pennsylvania,Germany
48,Robert,Guzman,emmawolfe@example.net,65066 Hoffman Harbors Suite 627,Higginsburgh,Washington,Saint Barthelemy
49,Kenneth,Wright,alexis37@example.net,9442 Courtney Forge,East Mary,Delaware,Latvia
50,Anna,Allen,andrewdixon@example.org,489 Ramos Trace,New Brenda,New Mexico,Finland
51,Charles,Cruz,janice01@example.com,438 Davis Views,New Justin,Nevada,Christmas Island
52,Gregg,Ward,canderson@example.org,686 David Mews Apt. 155,East Anthonyshire,Arkansas,Singapore
53,Kayla,Miles,wramos@example.com,45449 Howard Walk Suite 130,Kyleside,Vermont,Serbia
54,Tim,Barnett,durhamcarrie@example.org,6305 Garrett Trail Suite 517,East Patriciaview,Alaska,Papua New Guinea
55,Jennifer,Ayala,lthornton@example.net,64665 Smith Stravenue Apt. 383,Averychester,Ohio,Uzbekistan
56,Timothy,Palmer,justin52@example.net,5676 Edwards Square Suite 366,West John,Georgia,Cambodia
57,Katherine,Baker,curtispatton@example.com,8028 Smith Mission,Walterberg,Hawaii,Czech Republic
58,Kelsey,Alexander,katherine70@example.net,99059 Robert Burg,Alexanderland,Pennsylvania,Saint Helena
59,David,Burch,pchristian@example.org,6948 Black Trail,Seantown,New York,Romania
60,Jacqueline,Howell,okrueger@example.net,820 Richard Landing Apt. 945,New Samuel,Virginia,Mauritius
61,Kayla,Glover,bdavis@example.org,14140 Ibarra Track Suite 424,Ericaville,Wisconsin,Burundi
62,Denise,Gray,hcortez@example.org,879 Yvonne Streets,New Shaunstad,Maine,Georgia
63,Ashley,Wilson,linda64@example.org,616 Lindsey Route,Hardyton,Oklahoma,Israel
64,Steven,Anderson,xhamilton@example.org,21207 Matthew Spur,North Brendaberg,Texas,North Macedonia
65,Bradley,Warner,christophersharp@example.org,576 Oliver Crest,Perryfort,Vermont,Dominica
66,Tyler,Mcclain,ewilliams@example.org,41490 Wilson Meadows,Williamview,South Carolina,Germany
67,Phillip,Mckinney,daniel46@example.org,19939 Michelle Crossing Suite 904,Chanborough,Montana,French Guiana
68,Heidi,Chase,mcguiregregory@example.org,76976 Tracy Tunnel Apt. 630,Karenborough,South Carolina,Estonia
69,Norma,Hoover,michelle85@example.net,98103 Randy Port Apt. 747,South Staceyfort,Delaware,Lesotho
70,Willie,Tyler,ujenkins@example.com,807 Diane Roads Suite 940,Haneychester,West Virginia,Russian Federation
71,Renee,Martinez,jbenitez@example.org,4135 Billy Pass,Knappberg,Indiana,Djibouti
72,Rodney,Sparks,sclark@example.org,0638 Kimberly Motorway,Pittsshire,Connecticut,Liechtenstein
73,John,Leonard,kvazquez@example.org,84198 Bell Extensions Apt. 513,Robertsside,Indiana,Iceland
74,Jessica,Watson,sarahhale@example.org,8220 Teresa Heights,Port Richardport,Texas,British Indian Ocean Territory (Chagos Archipelago)
75,Trevor,Rivera,hernandezwilliam@example.com,7577 Evans Parkway,Turnermouth,Missouri,Suriname
76,Alejandro,Mcdaniel,perezkevin@example.org,65402 Wendy Crescent,New Daniel,Tennessee,Luxembourg
77,Mary,Shaw,william42@example.net,461 David Isle Suite 149,South Stephanietown,New Mexico,Korea
78,Nicholas,Marks,dsmith@example.com,7238 Wilson Prairie,Lake Amyton,Connecticut,Swaziland
79,Larry,House,simmonsmichael@example.net,01043 Jacob Trail Apt. 772,Christianmouth,Georgia,Benin
80,Bradley,Davis,whitebrenda@example.org,18607 Laura Fields,Port Tiffany,Maine,Suriname
81,Yolanda,Jackson,freemanjonathan@example.org,2505 Rogers Crossroad Apt. 386,Alexandramouth,Utah,Western Sahara
82,Jessica,Lynn,robinsonangel@example.org,763 Robert Extension,Hillshire,Maryland,Guam
83,Sandra,Anderson,danielturner@example.com,5713 Oneal Ford Suite 591,West Lauren,South Dakota,Saudi Arabia
84,Martin,Hudson,ymcneil@example.com,58774 Elizabeth Common,North Ashleyside,Wyoming,Indonesia
85,Amanda,Gonzalez,xsmith@example.org,8440 Lisa Wall Apt. 657,North Jamieport,New Mexico,Bangladesh
86,Rebecca,Hale,nicholskaren@example.com,3047 Steven Parkways,Kellyberg,Indiana,Poland
87,Amanda,Smith,joseph19@example.org,7608 Wilson Mission Suite 095,Jaclyntown,Massachusetts,Guernsey
88,Michael,Bowman,andrewmullins@example.net,28190 Hansen Trafficway,Andrewstad,Illinois,Liberia
89,Diane,Phillips,richmondrichard@example.net,34005 White Expressway Suite 569,West Sarah,Hawaii,Fiji
90,Amy,Burns,daniel47@example.com,6425 Steven Square Suite 959,Higginshaven,Massachusetts,Luxembourg
91,Rodney,Lopez,qrodriguez@example.org,5374 Matthew Meadow,Rachelburgh,Michigan,Bahamas
92,Wesley,Reese,zmills@example.net,89988 Mark Creek Suite 487,Lake Vincent,Texas,Burkina Faso
93,Patricia,Perez,darrell32@example.com,507 Martin Ford Suite 829,South Kathleen,North Carolina,Barbados
94,Robert,Mills,tonya28@example.org,776 Denise Canyon Apt. 257,New Kimberly,Arkansas,Libyan Arab Jamahiriya
95,Robert,Johnson,smithcassandra@example.com,813 Smith Mount Apt. 952,East William,Maine,Iraq
96,Rebecca,Rodriguez,ccalderon@example.com,938 Susan Squares,Port Brenda,Wisconsin,Portugal
97,Barbara,Mason,robertsonjason@example.org,7816 Smith Loaf Apt. 544,North Jeffrey,Florida,Cayman Islands
98,Jamie,Torres,hsmith@example.com,57136 Kerr Springs Apt. 826,East Julieborough,Oregon,Mayotte
99,Christian,Cline,lori10@example.org,659 Johnson Plaza,Dianaville,Nevada,Croatia
100,Timothy,Thomas,whitneymatthew@example.net,7822 Kathleen Islands,Davidsonside,Idaho,United States Virgin Islands
101,Patricia,Rodriguez,richard74@example.net,390 Montgomery Land Apt. 173,West Maryborough,Georgia,Central African Republic
102,Ricky,Pratt,jessicaray@example.com,639 Christopher Island,Rickystad,Idaho,Norfolk Island
103,Molly,Thornton,ywilson@example.org,198 Smith Trace,Allisonshire,Vermont,North Macedonia
104,Tammy,Powell,alexiswilliams@example.org,508 Brown Mall,Sarahfurt,Kentucky,Benin
105,Stephanie,Perry,katelyn18@example.com,721 Gregory Harbors,New Audrey,Connecticut,Heard Island and McDonald Islands
106,Kelly,Stevenson,murphymichelle@example.org,659 Moore Light,Morganshire,North Carolina,Bolivia
107,Latoya,Davis,sarah08@example.net,8330 Miller Mills Suite 891,South Laurenbury,Oregon,Australia
108,Beverly,Reyes,cherylnichols@example.com,422 Miles Roads Suite 749,Benjaminstad,Louisiana,Mali
109,Jeremy,Nelson,jordanhuff@example.org,50592 Jonathan Plaza,Port Laurenstad,North Dakota,Saint Kitts and Nevis
110,Lisa,Walker,gwilson@example.net,20592 Watts Drive,East Brian,Idaho,Tuvalu
111,Pamela,Miller,oroy@example.net,0244 Solomon Ridge Apt. 457,Lake Christina,North Carolina,Kyrgyz Republic
112,Juan,Parker,kimberlybailey@example.org,82544 Larson Flat Apt. 963,East Susanhaven,Missouri,El Salvador
113,Tammy,Miller,jackcortez@example.com,6924 Brown Points,West Taylorburgh,Arkansas,Cameroon
114,Angela,Miller,nicolemartin@example.org,3083 Ortiz Knolls Suite 505,Lake Candacetown,Minnesota,Zimbabwe
115,Michael,Lopez,icosta@example.net,78912 Wilkins Avenue Suite 636,Lake Shannon,Hawaii,Saint Helena
116,Jaclyn,Schneider,eric63@example.net,633 Riley Burgs,Rivasberg,Wisconsin,Lithuania
117,Teresa,Nelson,zachary13@example.org,41622 Mark Mill,Owensfurt,Arizona,Nepal
118,Daisy,White,potteranna@example.com,08802 Diaz Fields,North Ashlee,Nevada,Peru
119,Connor,Nichols,mullinschristina@example.com,752 Kimberly Hill,Brownburgh,Hawaii,Korea
120,Luis,Waters,virginia72@example.com,23942 Bauer Mountain,East Selena,Wisconsin,Romania
121,Chelsea,Brown,gwalker@example.net,5849 Joe Summit Apt. 644,Kristinland,New York,Costa Rica
122,Gregory,Burgess,alexanderwright@example.org,30802 Willie Roads Suite 801,Clineberg,Utah,Mauritius
123,Sarah,Brown,robertnunez@example.net,90441 Robbins Alley Suite 189,Paulfurt,Utah,Libyan Arab Jamahiriya
124,Eric,Vasquez,howardamy@example.org,74576 Lane Fork,Christinaport,Wyoming,Togo
125,Jessica,Campbell,meadowsfrancisco@example.com,5431 Goodman Corners Suite 070,Ramirezfort,New Mexico,Togo
126,Gregory,Kelly,valeriestanley@example.net,5787 Tiffany Fort,West Danielle,Michigan,Azerbaijan
127,Isaac,Strong,wardwilliam@example.org,10849 Ruben Underpass,East Jasminefurt,Vermont,Bahamas
128,Heather,Gill,xyoung@example.net,2668 Prince Tunnel Apt. 959,East Sarah,Georgia,Guinea
129,Travis,Kim,wilsoncameron@example.org,831 Ortiz Lock Suite 136,Fisherville,Nebraska,Djibouti
130,Amanda,Clements,masonlaura@example.org,8447 King Center,Stevensonstad,Missouri,Cuba
131,Christie,Jones,nfrank@example.org,06279 Lewis Lodge Apt. 832,Wallaceshire,Florida,Seychelles
132,Robert,House,erin53@example.org,0988 Ruiz Forks,Dudleyview,California,Korea
133,Brittany,Riley,bgregory@example.net,875 Kathleen Avenue Suite 406,North Michaela,Utah,Kiribati
134,Terri,Diaz,callison@example.org,7795 Timothy Plain,New Donald,Pennsylvania,Uzbekistan
135,Edward,Frazier,ilopez@example.com,20902 Ewing Tunnel,Port Tonyaborough,Iowa,Ghana
136,Angela,Love,michael87@example.org,136 Michael Corner,New Sabrinafort,Oregon,Bulgaria
137,Susan,Rogers,matthewjimenez@example.org,66225 Schwartz Hollow,Peckton,Kentucky,Bahrain
138,Tammy,Smith,dmendez@example.com,5478 Pamela Keys Apt. 258,Isaacport,Montana,Jamaica
139,Madison,Parsons,carlaorozco@example.org,0016 Bowen Ferry Apt. 703,New Brian,Ohio,Antigua and Barbuda
140,Raymond,Robinson,kimberlyboyer@example.org,1359 Holly Tunnel,North Janetstad,West Virginia,Moldova
141,Julie,Brown,aliciasmith@example.org,2898 Riggs Knoll Suite 141,West Danielton,Florida,Zambia
142,Preston,Ortiz,joeperez@example.org,05950 Maddox Shoal,West Vincentport,Massachusetts,Tunisia
143,Krista,Downs,mraymond@example.org,89565 Sophia Ford Suite 870,New Ana,Delaware,Sudan
144,David,Moses,cannoncameron@example.com,78316 Mcfarland Haven Suite 570,Port Sheilaburgh,Nevada,Kazakhstan
145,Janet,Huffman,anthonygonzalez@example.net,0859 Snow Highway,East Tiffanymouth,Kansas,Kyrgyz Republic
146,Matthew,Torres,melanie55@example.net,65782 Kimberly Centers,Reedburgh,Minnesota,Samoa
147,Brian,Hernandez,kathleenvincent@example.com,2501 Aaron Mount,North Bradley,Washington,Tajikistan
148,Matthew,Esparza,matthewford@example.org,4165 Page Radial Apt. 063,West Timothy,Texas,American Samoa
149,Renee,Love,sarah52@example.net,91991 Wong Court,Hollandshire,Missouri,Dominican Republic
150,Kathryn,Campbell,chelsea49@example.net,9770 Murray Gardens Suite 587,Lake Angela,New York,Reunion
151,Bradley,Collins,hsanchez@example.net,71822 Fletcher Crossroad Suite 700,Petershire,South Dakota,Bahamas
152,Katie,Holmes,benjamin30@example.net,77523 Jessica Creek Apt. 448,Lake Dominic,New Mexico,Montenegro
153,Jon,Watkins,edwardmartinez@example.net,7593 Johnson Divide Suite 125,Briannashire,Indiana,Malta
154,Barbara,Santiago,megan82@example.net,3644 Thomas Extensions,East Crystalmouth,Oklahoma,Pakistan
155,Lori,Anderson,donna77@example.com,4309 Raymond Brook,East Randall,Alabama,Barbados
156,Theresa,Jones,pam14@example.com,875 Joshua Road,Erinhaven,Ohio,Andorra
157,Cynthia,Scott,michael10@example.net,28988 Angela Springs Suite 085,South Alexis,Tennessee,Bahamas
158,Logan,Franco,thompsonclifford@example.org,1167 Christopher Meadow Suite 003,Lake Crystalborough,Utah,Sao Tome and Principe
159,Karina,Lopez,nguyengregory@example.org,15759 Olsen Vista Suite 107,West Matthew,Louisiana,Tajikistan
160,William,Holland,jensenlauren@example.com,5724 Hartman Inlet,East Justin,Wisconsin,Cape Verde
161,Linda,Norris,brandon37@example.org,15090 Lauren Manor,Bruceview,Rhode Island,New Caledonia
162,Cassandra,Osborne,johnsoncatherine@example.org,47830 David Squares Suite 454,New Nicolemouth,Maine,Central African Republic
163,Amanda,Patterson,matthew51@example.com,338 Farmer Forges Suite 985,Lake Sandra,Massachusetts,Liechtenstein
164,Terri,Stanton,amanda73@example.org,01026 Garcia Highway Suite 113,East Stephanie,California,Belarus
165,Ashley,Johnson,cherylmclaughlin@example.com,2287 Nancy Ferry Apt. 448,Riveratown,Wyoming,Uruguay
166,Bradley,Huerta,mbeasley@example.org,87530 Shannon Pass,Ernestfort,Ohio,Monaco
167,Chad,Morris,znorton@example.com,2148 Strickland Plains Apt. 199,Robertmouth,Montana,Antigua and Barbuda
168,Monica,Jones,lmonroe@example.org,72208 Shelley Drive,Brandonfurt,Vermont,Northern Mariana Islands
169,David,Knight,paulaford@example.net,696 Thomas Fields Suite 583,Amandatown,Washington,Kazakhstan
170,Tracy,Dixon,kevinthomas@example.com,006 Danielle Harbors Apt. 120,Christopherfurt,Mississippi,Palestinian Territory
171,Tanner,King,qanderson@example.net,0654 Kayla Coves,Lake Andrewburgh,Tennessee,Congo
172,Debra,Adams,talexander@example.net,759 Shah Brook Suite 463,Port Mark,Pennsylvania,Madagascar
173,Joshua,Ruiz,wmyers@example.org,9272 William Crescent Apt. 567,New Jasminestad,Colorado,Serbia
174,Sherry,Roberts,nicole00@example.com,46617 Brown Fields Apt. 482,West Samuel,Oregon,Falkland Islands (Malvinas)
175,Susan,Church,kyle38@example.net,85082 Jonathan Mount Apt. 460,West Kristenfurt,Florida,Korea
176,Sandra,Crosby,kimberlyking@example.com,1139 Thomas Inlet,Melissaville,Missouri,Austria
177,Julia,Crawford,brianjones@example.org,681 Thompson Lodge,Huertafurt,Alabama,Puerto Rico
178,Paige,Bean,josephcarter@example.com,38622 Kristen Expressway Suite 108,Gracemouth,Arkansas,Georgia
179,Jonathan,Lee,barrettrenee@example.net,7158 Choi Center,Lake Randall,New York,Holy See (Vatican City State)
180,Tammy,Stein,williamspatricia@example.net,60161 Sharon Turnpike,Sarahaven,Idaho,Swaziland
181,Anthony,Goodwin,odaniels@example.org,02486 Kyle Rapids Suite 964,Davidshire,Illinois,Sudan
182,Emily,Weber,theresa68@example.com,506 Kimberly Stravenue,Valerieshire,Montana,Anguilla
183,Melissa,Barry,kfields@example.com,2491 Scott Gateway Suite 413,Loriborough,Connecticut,Cyprus
184,Jason,Drake,fosterseth@example.org,47518 Michael Pine,Petersonfurt,Ohio,Niue
185,Robert,Cain,williamellison@example.net,296 Simon Parkway Apt. 981,North Austinburgh,West Virginia,American Samoa
186,Gary,Tucker,allisonmoreno@example.com,7254 Tony Plaza,West Derrickfort,West Virginia,Luxembourg
187,Brenda,Brooks,russellmartin@example.com,833 Chris Island,Murraychester,Vermont,Brunei Darussalam
188,Glenda,Brooks,amandasmith@example.net,394 Beard Shoals,Smithville,Texas,Equatorial Guinea
189,Joshua,Lee,nparker@example.org,0628 Katherine Trail Apt. 957,Whitestad,Louisiana,Niger
190,Tina,Barton,reyesallison@example.com,04084 Davis Stravenue Suite 992,New Andrea,New Jersey,Brazil
191,Jesus,Anderson,melissajohnson@example.net,6192 Evan Centers,West Nicholas,Arkansas,Vanuatu
192,Charles,Walter,pestrada@example.com,705 Cassandra Spring Apt. 340,Matthewstad,Kentucky,Guam
193,Stacy,Adams,johnsonpamela@example.org,4984 Daniel Island,Morganshire,New Jersey,Poland
194,Kathleen,Matthews,atkinstommy@example.org,7170 Chad Plains,East Christopher,Kansas,China
195,Shane,Hanson,cassidygreer@example.com,998 Tracie Common Apt. 806,Jeffreychester,Florida,Bolivia
196,Doris,Summers,jacqueline22@example.org,72741 Crystal Land,West Michaelmouth,California,Mongolia
197,Roger,Wolfe,andrew07@example.net,4438 Hector Isle Apt. 037,New Gregoryville,South Carolina,Burkina Faso
198,Gary,Daugherty,amyhenry@example.org,9350 Traci Stravenue Apt. 265,West Renee,Wisconsin,British Indian Ocean Territory (Chagos Archipelago)
199,Rebecca,Smith,jamesflores@example.com,7362 Joshua River Apt. 673,West David,Pennsylvania,Trinidad and Tobago
200,David,Brown,jonathanvalentine@example.net,10053 Davies Stravenue,New Alexander,Wyoming,Saint Vincent and the Grenadines
201,Melissa,Blackwell,sherrili@example.com,84074 Michael Spur,West Katiechester,New Mexico,Tanzania
202,Susan,Mccoy,pmiller@example.org,6913 Julie Points Suite 059,Smithfort,Alaska,North Macedonia
203,Frank,Mitchell,aaronhuber@example.net,9642 Young Shore,South Tonyborough,Nebraska,Canada
204,Adam,Gilbert,collinsmark@example.net,9002 Cameron Junction,Hoffmanhaven,Oregon,Australia
205,Timothy,Abbott,christina82@example.com,738 Beck Turnpike,North Kathymouth,Pennsylvania,Bosnia and Herzegovina
206,Regina,Smith,timothysmith@example.com,01764 Moore Dale,Cookshire,New Hampshire,Austria
207,Debra,Valenzuela,jaimemoore@example.org,227 Stephanie Summit,New Donaldshire,Illinois,South Africa
208,Cassandra,Garcia,henrybruce@example.net,36197 Lynch Curve,North Joshuastad,Indiana,China
209,Robert,Miller,janet82@example.com,78891 Adrienne Keys Apt. 456,Moorefort,California,Mongolia
210,Amy,Gardner,irodriguez@example.com,63031 Thomas Course,Gravesfort,Maryland,Saint Helena
211,Robin,Jackson,george82@example.com,59927 French Common Apt. 322,Anthonyshire,Vermont,Malaysia
212,Deanna,Walls,wmcgee@example.net,617 Hill Radial Suite 076,Davidshire,New York,Gambia
213,Dylan,Coleman,vburnett@example.net,7248 Martinez Gateway Apt. 680,East Theodorefort,Maryland,Cuba
214,Timothy,Brown,brenda17@example.org,09943 Taylor Centers,South Julie,Minnesota,Seychelles
215,Colin,Hernandez,timothy15@example.net,8115 Catherine Walk Suite 817,Scottfurt,Vermont,Saint Kitts and Nevis
216,Meghan,Osborne,ihamilton@example.com,0958 Cheryl Branch,Veronicafort,Illinois,Bolivia
217,Robin,Cunningham,nicholebenson@example.com,42854 Morse Haven,South Jonathan,New Jersey,Cuba
218,Andrew,Hoffman,deborah58@example.org,826 Jessica Harbors Suite 931,North Jeff,Massachusetts,Heard Island and McDonald Islands
219,Chelsea,Washington,zhebert@example.org,7461 Scott Place,West Randall,North Carolina,Kiribati
220,Rhonda,Flores,dunnjose@example.com,92385 Mallory Overpass Apt. 562,Rogersmouth,Maryland,Australia
221,Martin,Valenzuela,paulshaffer@example.com,112 Vanessa Points Apt. 048,Adamview,Georgia,Samoa
222,Linda,Byrd,vanessamorgan@example.com,01617 Kyle Drive,Fordmouth,Kentucky,Korea
223,Kevin,Williams,kbruce@example.com,5254 Christopher Forges Suite 302,Robertston,Nebraska,Togo
224,Ronnie,Wilson,langkayla@example.org,24588 Patricia Hills Apt. 033,West Douglasmouth,Wyoming,Uganda
225,Charlene,Hartman,julie06@example.net,7754 Houston Ways Suite 291,New Jason,Arkansas,Egypt
226,Brian,Miller,pthompson@example.org,96193 White Groves Apt. 725,Feliciachester,South Dakota,Korea
227,Scott,Lewis,usmith@example.net,2160 Ronald Unions Suite 311,North Benjamin,Missouri,Equatorial Guinea
228,Donna,Christensen,utaylor@example.org,85127 Brown Port,East Brendahaven,Missouri,Eritrea
229,Angel,Walker,reginaldweber@example.com,6720 Teresa Forks,Kellyshire,Michigan,South Africa
230,Amanda,Joseph,jennifer09@example.net,446 Kelley Isle,Lawrenceport,Tennessee,Guernsey
231,Teresa,Peterson,charles49@example.net,78071 Anderson Bridge,Port Gary,Florida,Anguilla
232,Mary,Allen,shortcarla@example.org,49384 Lopez Fall,South Rachelview,North Carolina,Jordan
233,Susan,Jones,billycampbell@example.net,984 Gonzales Fort Suite 189,Kochmouth,Wyoming,Norfolk Island
234,Raymond,Richardson,lisamarks@example.com,373 William Place Suite 153,West Yesenia,Vermont,Cook Islands
235,Christopher,Bridges,morgan66@example.net,83627 Manning Divide Suite 385,Randyview,North Dakota,Korea
236,Kimberly,Lucero,jenniferbriggs@example.net,88238 Gonzalez Grove,East Melissaton,New Jersey,Norfolk Island
237,Jennifer,Reynolds,dmoody@example.org,7504 Taylor Key,Arnoldberg,Minnesota,Germany
238,Gregory,Palmer,arthurthomas@example.com,81507 Gomez Inlet,Garciaview,Utah,Croatia
239,Ethan,Hall,zhuff@example.com,85442 Johnson Mission Apt. 939,New Jesseburgh,Missouri,Gambia
240,Evelyn,Thompson,mcclureamy@example.org,49955 Raven Rest Apt. 961,Bishopmouth,Colorado,Japan
241,Carolyn,Harrison,ischmidt@example.com,9112 Ford Harbor,Markville,South Dakota,Panama
242,Cheryl,Landry,frances90@example.org,68241 Roy Lakes Suite 050,Cookside,South Dakota,Zimbabwe
243,Kevin,Flores,mglover@example.com,48388 Hale Shore,Gregoryfort,North Dakota,Iraq
244,John,Fox,roger56@example.net,0473 Michael Mill Apt. 677,Hortonbury,Arkansas,Suriname
245,Victoria,Franklin,jonathantaylor@example.com,56756 Morrison Avenue,Wyattstad,Massachusetts,Romania
246,Mark,Black,john88@example.org,020 Perez Meadow Suite 760,Bryanville,Nebraska,Oman
247,David,Harris,gregorymichael@example.org,577 Todd Club Suite 682,North Jamesmouth,Massachusetts,Korea
248,Jesse,Taylor,jorge30@example.com,7187 Jane Drive,Carterberg,Iowa,Saint Vincent and the Grenadines
249,Michelle,Vasquez,qshea@example.org,442 Michael Vista,Jessicaside,Alabama,Ecuador
250,Bobby,Murphy,moorejose@example.org,4702 Schmidt Shore,East Alan,Massachusetts,Norfolk Island
251,Rebekah,Rice,melanie07@example.org,839 Green Drives Suite 067,East Lauren,Kansas,Slovakia (Slovak Republic)
252,Andrew,Matthews,robert51@example.org,6028 Hendricks Drives Suite 529,South Kellymouth,Nevada,Bulgaria
253,Juan,Gonzales,burgessnancy@example.net,61106 Brooke Circle,Ronnietown,South Carolina,Yemen
254,Teresa,Kerr,lgray@example.net,162 Tabitha Gateway,Fosterside,Idaho,Netherlands
255,William,Henry,fordkaitlin@example.net,968 Miller Parks Apt. 466,Port Calvintown,Montana,Maldives
256,Joshua,Guerra,kgalloway@example.com,37347 Tonya Courts,Haroldton,Missouri,Libyan Arab Jamahiriya
257,John,Harris,bjohnson@example.net,69930 Karen Cliff Suite 633,East Kevinland,Iowa,El Salvador
258,Amy,King,abigailrodriguez@example.com,94570 Rojas Shore,Williamview,Maine,Malawi
259,Emily,Ford,michellemalone@example.net,006 Geoffrey Groves,Garyville,Oklahoma,Switzerland
260,David,Norman,zcherry@example.com,099 Martin Point Apt. 919,West Brandonfort,Wisconsin,Poland
261,Melinda,Edwards,mary32@example.org,474 Waters Mountains Suite 004,Port Lisamouth,Tennessee,Ethiopia
262,Leah,Page,herreranoah@example.com,08327 Lewis Rapid,New Melissastad,Maine,Guam
263,Jason,Carr,potterjoe@example.org,71495 Clarke Mount,Annstad,Connecticut,Mali
264,Jason,Little,qharris@example.net,1419 Alicia Ways Apt. 173,East Kimberly,Georgia,Slovenia
265,Paige,Tyler,klove@example.com,50987 Bauer Inlet,Michellemouth,New Hampshire,Uruguay
266,Wayne,Paul,barkerkenneth@example.com,80002 Jason Burg,Desireebury,Minnesota,Reunion
267,Rhonda,Frey,patrickkelley@example.org,526 Sara Throughway Apt. 829,Simmonsberg,Washington,French Southern Territories
268,Jesus,Lewis,dsantiago@example.com,5839 Hayden Mountain,Shawnborough,Virginia,Cambodia
269,Steven,Zimmerman,dreyes@example.net,42946 Terri Fork,Williamborough,Vermont,Vietnam
270,Gabrielle,Palmer,scottmejia@example.net,942 Jon Station Apt. 218,Carpenterburgh,Delaware,Uganda
271,Samuel,Brown,herbert57@example.net,10863 Frazier Rapids Suite 287,East Emilyshire,Florida,Zambia
272,John,Hernandez,abigailbryant@example.com,7089 Blanchard Row,Port Elizabeth,South Carolina,Turks and Caicos Islands
273,Michelle,Reyes,cstewart@example.org,2996 West Drive,West Lisamouth,Massachusetts,Slovakia (Slovak Republic)
274,Mary,Perry,davilajoe@example.net,923 Katherine View,New Andrew,Arizona,Greenland
275,Jacob,Jordan,williamcarter@example.com,60077 Romero Key,West Caroline,Minnesota,France
276,Brian,Moody,kkeller@example.net,084 Warren Turnpike Suite 479,South Bettyview,Idaho,Netherlands Antilles
277,Ann,Ramsey,sharon02@example.net,51184 Rachael Plains,New Davidberg,Pennsylvania,Poland
278,Shannon,Clark,huynhdavid@example.org,940 Danny Squares Apt. 388,Stephenberg,South Carolina,Cook Islands
279,Christine,Serrano,qturner@example.net,409 Bowman Avenue Apt. 099,Emilyland,North Carolina,Isle of Man
280,Samuel,Stewart,serranojames@example.org,4262 Shepard Grove,South Melissamouth,North Dakota,Brunei Darussalam
281,Christine,Smith,uglass@example.net,9878 Jade Estates,Taylorburgh,California,Central African Republic
282,James,Navarro,melissacarter@example.org,395 Steven Way Suite 462,Kathleenborough,California,Oman
283,Donald,Cunningham,atkinsonandrew@example.com,1720 Ford Square Suite 418,Cherylfort,Utah,Cook Islands
284,Darrell,Gonzalez,juan15@example.org,581 Ashley Mountains Apt. 479,New Jade,Missouri,Philippines
285,Fernando,Davis,moranvalerie@example.net,499 Glenn Summit Apt. 834,North Robertport,Louisiana,Cuba
286,Zachary,Gomez,smithsamuel@example.net,9425 Beck Plains,East Lisashire,Iowa,French Polynesia
287,Shane,Oneill,wendydean@example.org,046 Charles Points,Timothyland,New Hampshire,Congo
288,James,Bridges,tiffanylee@example.org,04501 Catherine Ways Apt. 547,Johnton,Minnesota,Nigeria
289,Robin,Scott,sarahberry@example.com,8900 Graham Summit,East Timothyland,Colorado,Bahrain
290,Ashley,Stewart,uarias@example.net,304 Marquez Camp Suite 669,New Waynebury,Wisconsin,Guatemala
291,Michael,Ramirez,jon31@example.net,736 Amber Isle,West Mauriceside,North Dakota,Guernsey
292,Katherine,Daniel,elizabeth56@example.com,84707 Richardson Plains,Port Cassidy,New Mexico,Bangladesh
293,Scott,Smith,bauerrobert@example.net,6551 Sanchez Prairie Apt. 489,East Donna,Kansas,Kyrgyz Republic
294,Shelly,Lawrence,samantha39@example.com,009 Ross Alley,Lake Nicholasland,Indiana,Tunisia
295,Andres,Russo,drakejesus@example.net,586 Neal Springs Apt. 401,South Robertburgh,Colorado,Djibouti
296,Chris,Daniels,xhahn@example.com,37286 Sanchez Cliffs Suite 722,Jodiview,Maryland,Sierra Leone
297,Douglas,Keller,bevans@example.net,4764 Kevin Ramp Suite 742,Riveraport,Alabama,Azerbaijan
298,Kayla,Pham,patrickjames@example.com,1698 Cross Crest Suite 346,Heathbury,Minnesota,Poland
299,Cheryl,Green,contrerasdominic@example.org,4931 Justin Park,Lake Herbertshire,Missouri,Nigeria
300,Edward,Tran,oscar50@example.net,49685 Howell Ports,Schmidtstad,North Carolina,Holy See (Vatican City State)
301,Andrea,Jones,jeffrey53@example.net,5357 Douglas Fall,Lake Angela,North Dakota,Poland
302,Nicole,Anderson,elizabeth79@example.org,40527 Diaz Lake,Shelbyborough,Idaho,Montserrat
303,Christopher,Ruiz,pamelaibarra@example.net,21431 Elliott Keys Apt. 605,New Theresamouth,Connecticut,Bhutan
304,Jason,Bush,mariah78@example.net,59056 Hailey Extension Suite 678,North Brandy,North Carolina,Singapore
305,Kevin,King,katherine62@example.org,479 Simpson Points Suite 199,Rodriguezland,Ohio,Mexico
306,Kenneth,Newman,vcook@example.net,8037 Moore Shores Apt. 780,Brookshaven,Ohio,Peru
307,Melissa,Banks,waynerivera@example.org,8945 Peck Extensions,Franciscoview,New York,Montserrat
308,Katherine,Robinson,dorothyadkins@example.org,39850 Bryant Loop,Port Kevinhaven,North Dakota,Bolivia
309,Joseph,Garrett,tmason@example.org,49679 Scott Squares,Williamborough,New York,Cocos (Keeling) Islands
310,Alisha,Carter,monroechristopher@example.net,9565 Michael Run Suite 625,Hernandezbury,Maine,Chad
311,Steven,Cooper,masonchristian@example.net,3929 Theresa Common Suite 538,Valentinetown,Maryland,Somalia
312,Brandon,Rivera,angelajohnson@example.net,1762 Deleon Point,South Maryburgh,Massachusetts,Dominican Republic
313,Robert,Williams,aliciasmith@example.net,5997 Jane Expressway Apt. 619,Nancystad,Pennsylvania,British Indian Ocean Territory (Chagos Archipelago)
314,Felicia,Walker,allenchristopher@example.org,78720 Rogers Expressway Apt. 141,Emmaburgh,Texas,Japan
315,Tyler,Rivera,adamsrobert@example.org,912 Parker Fork,Russellton,Maine,Tanzania
316,Randall,Beck,jessica69@example.com,135 Jason Causeway Suite 686,Willieside,Louisiana,Macao
317,Isabella,Brown,archerscott@example.org,93409 Chang Springs,North Nicholas,Alabama,Niue
318,Carolyn,Rodriguez,pfrazier@example.org,66243 Lawrence Villages Suite 548,Port Danielport,Washington,Congo
319,Ronald,Wilson,jessecobb@example.net,1166 Susan Flat Apt. 909,South Jeremyville,Louisiana,Samoa
320,Michael,Livingston,steven98@example.org,99783 Andrea Walks,South Sally,New York,Macao
321,Sharon,Ward,braunjessica@example.com,0985 Fox Lodge Apt. 235,North Lynn,Georgia,Guyana
322,Heather,Smith,woodrobert@example.net,2094 Anthony Via,Luisland,Colorado,United States of America
323,Tina,Jackson,jeangonzalez@example.com,3028 Joseph Creek,Torresshire,Nebraska,Albania
324,Sean,Curtis,kyle17@example.net,16626 Atkinson Causeway,New Georgeview,Vermont,Namibia
325,Billy,Ayala,krista09@example.org,504 Bailey Cliff,West Jessicaport,Tennessee,Madagascar
326,Kathleen,Nguyen,adamsjoseph@example.net,8280 Stewart Forks Apt. 315,Kevinside,Michigan,Yemen
327,Michael,Hoffman,randallhamilton@example.net,3958 Morales Centers,Floreston,Wyoming,Christmas Island
328,David,Lopez,dnichols@example.com,7968 Lawson Run,North Chris,Iowa,Poland
329,Lucas,Dunlap,kristenjohnson@example.com,9652 Isaac Estate Apt. 127,Lake Joelland,Florida,Israel
330,Oscar,Mooney,kentclaudia@example.com,3126 Armstrong Squares,Port Amandachester,Illinois,Egypt
331,Christopher,Martin,burgesslaura@example.com,4859 Parks Crossing,North Edward,Montana,Tuvalu
332,Charlene,Shaw,matthew56@example.net,7712 Osborne Village,Chandlertown,Washington,Guatemala
333,David,Chavez,ortizmaria@example.net,3884 James Via,South Amandafort,Kentucky,Cook Islands
334,Laurie,Garcia,salinaswillie@example.org,376 Jessica Trail,East Jose,New Hampshire,French Southern Territories
335,Matthew,Schmidt,brittanymatthews@example.com,20217 Hamilton Track,North Anthony,Montana,Bermuda
336,Dean,Fernandez,xnichols@example.net,5158 Flores Flats,Tanyaside,Oregon,Trinidad and Tobago
337,Jason,Moore,bryce27@example.org,5297 Deborah Mountains,Wallaceborough,Arizona,Malaysia
338,George,Mcpherson,nicole08@example.org,31410 Thomas Square,Jameston,South Carolina,Romania
339,Sophia,Hunt,grahammichelle@example.net,4479 Shaffer Valley Suite 568,East Steventon,Montana,Trinidad and Tobago
340,Robert,Vasquez,hallmadison@example.org,474 Kiara Summit Suite 768,Katrinashire,California,Egypt
341,Tina,Allen,cynthia13@example.net,963 Jason Manor,Deanfort,New Hampshire,Mauritius
342,Lauren,Stephens,dustinholloway@example.org,3062 Ramirez Underpass,Morganside,Louisiana,Cambodia
343,Jennifer,Montgomery,edavis@example.org,364 Robert Shores Suite 192,Theresaberg,Ohio,Nauru
344,Danielle,Torres,kristina14@example.net,91443 Johnson Pine Apt. 325,Port Peter,Arkansas,Liberia
345,Andrew,Stephens,woodwilliam@example.com,392 Randall Groves,Campbellmouth,Wisconsin,United States of America
346,Ashley,King,robin31@example.net,10684 Singh Cape,Nathanberg,Wisconsin,South Africa
347,Beth,Rivera,lisa76@example.net,5564 Diana Camp Suite 520,South Hunter,Arizona,United Arab Emirates
348,Grace,Martin,katiepoole@example.org,782 Wallace Drives Apt. 524,New Michael,Vermont,Guadeloupe
349,Michael,Miller,wcoleman@example.com,809 Kyle Pines Suite 162,North Jeffrey,Massachusetts,Turks and Caicos Islands
350,Amanda,Rodriguez,michaelbush@example.org,520 Michael Run Apt. 511,Alexandrastad,Mississippi,Bhutan
351,Gregory,Yang,rojasnicole@example.org,0234 Stevenson Creek,Jefferyburgh,Missouri,Germany
352,Victoria,Smith,ylee@example.net,553 Rivers Underpass Apt. 378,Charlesfort,Washington,Nauru
353,Amanda,Coleman,martinbradley@example.net,69497 Michael Lane,Billyview,Ohio,Christmas Island
354,Alan,Ramirez,xdavis@example.net,7241 Jessica Garden,Luisview,Montana,Kuwait
355,William,Grant,curtiswilliamson@example.net,413 Holmes Rapids Apt. 819,South Daniel,Virginia,Jersey
356,Matthew,Barton,nfrank@example.org,81411 King Brooks Suite 183,Ramirezhaven,Nevada,Morocco
357,Jennifer,Walker,zhicks@example.net,98183 Deborah Mill,Jamesmouth,South Carolina,French Polynesia
358,Thomas,Watson,heathermcclure@example.net,324 French Shoals Apt. 578,Graveston,Texas,Sweden
359,Samantha,Davis,moorecarrie@example.net,4747 Adam Isle Apt. 252,South Donald,South Carolina,El Salvador
360,Maria,Spencer,robert71@example.net,649 James Drive,North Danielle,Virginia,Kuwait
361,Jeffrey,Hunt,henry16@example.org,8572 Sonya Lane,East Karen,Louisiana,Turkey
362,David,Graham,veronica90@example.org,8202 Emily Centers Apt. 134,New Melanieberg,Kentucky,Saint Vincent and the Grenadines
363,Paul,Gross,robertjohnson@example.net,243 Barnes Haven,Stephanieburgh,Nevada,Cambodia
364,Sarah,Rollins,mackenzieolson@example.net,85150 Angelica Shores,Joeville,Wisconsin,Montserrat
365,Sarah,Nicholson,cory30@example.com,347 Burns Skyway,Sierraberg,Louisiana,Tajikistan
366,Jennifer,Sampson,clarkraymond@example.org,0074 Zachary Cliffs Apt. 081,Martinezview,New Mexico,Eritrea
367,Debbie,Callahan,atkinsmegan@example.net,1779 Matthew Junction Apt. 587,Port Michael,Arizona,Cameroon
368,Manuel,Lewis,stephen25@example.net,1685 John Mission,Lake Melissahaven,Louisiana,Congo
369,Henry,Harris,kimberly08@example.org,726 Sabrina Expressway Apt. 367,South Bernard,West Virginia,Israel
370,James,Navarro,rogerserica@example.com,4074 Higgins Forest Apt. 542,Lake Charleschester,Colorado,Timor-Leste
371,Matthew,Lee,george78@example.org,9297 Melissa Fort,Maldonadochester,Delaware,Guinea-Bissau
372,Amanda,Wallace,sheilaclark@example.com,70802 Whitney Falls,North Christopherburgh,Louisiana,Armenia
373,Jacob,Koch,charlesevans@example.net,3472 Mary Key Suite 353,Ashleyland,Rhode Island,Saint Vincent and the Grenadines
374,Joseph,Wade,barry36@example.org,681 Howard Garden,South Robinchester,West Virginia,Papua New Guinea
375,Alexander,Glenn,karen68@example.net,41777 Herrera Vista Suite 603,North Philipborough,Massachusetts,Gibraltar
376,Patrick,Lee,zpierce@example.net,1884 Maureen Passage Suite 245,Whitemouth,Texas,Heard Island and McDonald Islands
377,James,Nguyen,andressilva@example.net,678 Johnson Fork,Port Lauren,Rhode Island,Saint Pierre and Miquelon
378,Danielle,Jackson,adamsaudrey@example.org,332 Kevin Prairie Suite 168,Brownbury,Rhode Island,Togo
379,Carrie,Barrett,martinlaura@example.org,72492 Taylor Green,North Adam,New York,French Southern Territories
380,Daniel,Thomas,millerashley@example.org,36448 Lee Mission Suite 801,Austinmouth,Iowa,Uruguay
381,Kathryn,Hoffman,emorgan@example.org,75313 Cameron Island Apt. 840,West Shannon,Massachusetts,Monaco
382,Nicole,Hopkins,farmerlisa@example.com,964 Russell Courts Apt. 437,East Sandraburgh,Indiana,Jersey
383,Melissa,Espinoza,kristinarios@example.org,39324 Chung Greens Suite 138,Lake Carolynberg,New York,Finland
384,Connie,Mendoza,marcus43@example.net,5326 Bennett Roads Suite 728,Kristihaven,Mississippi,Egypt
385,Terri,Barrett,joemccall@example.net,37562 Gray Cliffs Apt. 431,Burnsport,South Dakota,Andorra
386,Erin,Adkins,sherry44@example.com,412 Wesley Orchard Apt. 116,Grayview,Connecticut,Myanmar
387,Jenny,Reynolds,amanda95@example.org,93445 Dawson Mews Suite 388,Lake Gary,Virginia,Bahamas
388,Erin,Gray,diazjeffrey@example.org,173 Aaron Grove Suite 371,Port Elizabethmouth,Arizona,Ukraine
389,Eric,White,michaelwalker@example.com,3151 James River,Valerietown,Maryland,Falkland Islands (Malvinas)
390,Mark,Irwin,allencox@example.org,91783 Anderson Island,Lake Maurice,Kentucky,Iceland
391,Jeffery,Stephens,carolsmith@example.com,406 Lori Prairie,Davisburgh,North Dakota,Thailand
392,Jenna,Sanders,howebrandon@example.com,1682 Roberto Valley,South Walter,Delaware,Angola
393,Hannah,Jensen,michaelrogers@example.net,4545 Parker Valleys,Jasonberg,Utah,Fiji
394,Amanda,Brown,philip48@example.org,14949 Aguilar Plains Apt. 368,Velezstad,Idaho,Dominican Republic
395,Christina,Morris,pdiaz@example.net,3611 Cruz Radial,Port Bryan,Montana,Norway
396,Susan,Hodges,smccoy@example.com,47229 Derrick Lodge Apt. 937,Longbury,Idaho,Anguilla
397,Maria,Henderson,wscott@example.net,800 Harvey Forges Suite 886,Scottmouth,Florida,Germany
398,Judy,Pollard,lewislarry@example.net,859 Hebert Union,Dawnville,Massachusetts,United States Virgin Islands
399,Manuel,Mendoza,bradley95@example.net,82531 Robert Roads,South Nicholashaven,Michigan,Marshall Islands
400,Dakota,Smith,billy91@example.org,0938 Cody Trace,Wardton,Nevada,United Kingdom
401,Lindsey,Moreno,caroleverett@example.org,18196 Stevens Terrace,Victorfurt,Arkansas,Egypt
402,Andrew,Higgins,fjensen@example.org,5470 Lewis Mills Suite 225,Lake Evanmouth,Montana,Myanmar
403,Denise,Rodriguez,kellysimpson@example.org,57141 Adams Throughway Apt. 843,Hillmouth,Massachusetts,Dominica
404,Alyssa,Martin,katrina26@example.net,537 Erika Extensions,Adamsland,Nebraska,Sierra Leone
405,Martin,Williams,taylorcole@example.net,8501 Watson Landing Apt. 648,Kimberlyhaven,Vermont,Palestinian Territory
406,Shari,Collins,catherine44@example.com,77909 Tanya Hill Apt. 475,South Victorbury,Idaho,Pitcairn Islands
407,Judy,Ayala,anthony93@example.org,1111 Hailey Harbors,Lake Kathryn,Utah,Serbia
408,Brittany,James,ejackson@example.net,96099 Kelly Coves,West Melinda,Kentucky,Mayotte
409,Marcus,Cline,brooksdavid@example.com,134 Park Keys,Charlesfort,Oregon,Cook Islands
410,William,Shaw,dunlaprussell@example.net,58319 Barber Island,Brianaview,Montana,Hong Kong
411,Jeffrey,Whitaker,nicole81@example.org,32899 Zachary Flats Apt. 800,Martinside,Minnesota,Grenada
412,James,Watkins,ofisher@example.com,70115 Thomas Tunnel Suite 202,New Antonioview,Nebraska,Myanmar
413,Cynthia,Browning,smithkelsey@example.com,7968 Laurie Views Apt. 935,Wellsfurt,Utah,North Macedonia
414,Sara,Mason,nicole84@example.org,2797 Miller Terrace Suite 675,North James,Arkansas,Lesotho
415,Kyle,Flowers,scott08@example.com,2265 Kelly Groves Suite 581,West Dennisfort,Colorado,Honduras
416,Ryan,Flowers,sanderson@example.com,0804 Christine Valleys Apt. 800,Elizabethmouth,Tennessee,Cameroon
417,Warren,Carroll,kellyharvey@example.org,52946 Michael Circles Suite 413,Hernandezmouth,Oregon,United Arab Emirates
418,Joseph,Le,kford@example.org,22906 Pamela Lane,Port Roberto,Ohio,Singapore
419,Samantha,James,cherylmartin@example.org,18402 Amy Knoll,Duncanburgh,Alaska,Niger
420,Mary,Francis,timothymartinez@example.org,5606 Christine Canyon,Griffinport,Hawaii,Bouvet Island (Bouvetoya)
421,Jessica,Lawrence,hansenkaren@example.com,5925 Kimberly Drives Suite 181,Thomasberg,New Hampshire,Seychelles
422,Sarah,Snow,tammy61@example.net,856 Wendy Fall Apt. 362,South Sheriborough,California,Cote d'Ivoire
423,Christopher,Terry,paul17@example.com,73206 Emma Harbors Apt. 293,Kimberlyberg,Mississippi,Pakistan
424,Brian,Cruz,michellethomas@example.org,099 Schultz Village,New Ashleyton,Utah,San Marino
425,Steve,Taylor,kristin52@example.net,0694 Roy Vista,Amandaland,North Dakota,Greenland
426,Jacob,Mora,warrenerica@example.org,5906 Mcmahon Avenue Apt. 569,Johnsonchester,Nebraska,India
427,Ryan,Young,farmstrong@example.org,210 Barnes Crescent,Reginaldville,Maine,Canada
428,Spencer,Anderson,christinapayne@example.org,732 Browning Falls Suite 834,Hollowaytown,Maryland,Switzerland
429,Mary,Bradley,jamessalinas@example.org,18597 George Pine Suite 509,Johnsonberg,Kansas,Sierra Leone
430,Joseph,Blackwell,theresakelley@example.com,685 Tammy Wells Apt. 142,Teresaview,Arkansas,Kenya
431,Whitney,Walsh,kyle31@example.org,410 Gilbert Keys,West Laura,Michigan,Svalbard & Jan Mayen Islands
432,Paul,Welch,tanya94@example.com,0279 Wheeler Squares,Sophiaburgh,Florida,Gambia
433,Robert,Gomez,ijohns@example.net,7940 Kevin Throughway Suite 038,Aguilarhaven,California,Jersey
434,Amy,Ingram,mruiz@example.com,192 Erica Lights,Lake Andre,Montana,Malawi
435,Kimberly,Avila,rproctor@example.org,21446 Wendy Canyon Suite 238,East Gregorychester,Washington,Benin
436,Sean,Jimenez,dharvey@example.net,395 Katrina Groves,Brianmouth,Virginia,Cocos (Keeling) Islands
437,Ricardo,Howell,morrischristopher@example.com,74259 Byrd Ford,North Melinda,Arizona,Tajikistan
438,Ashley,Holmes,ierickson@example.org,7700 French Isle,Scottport,Montana,Slovenia
439,Lonnie,Ortega,morrisoncolton@example.org,7353 Jessica Orchard Suite 322,Kempside,Nevada,Albania
440,Natalie,Price,dylanwilliams@example.net,04757 Smith Landing,South Amanda,Idaho,Singapore
441,Rebecca,Price,jacksonamanda@example.com,767 Elizabeth Hollow,West Jimmymouth,Delaware,Nepal
442,Kyle,Benson,cdunn@example.com,29688 Perez Stravenue,Port Amandaburgh,Illinois,Dominica
443,Amy,Miller,andrew26@example.org,397 Frederick Isle Suite 712,Kellyfort,Vermont,Hong Kong
444,Jonathan,Gonzalez,washingtonvalerie@example.net,78050 Price Trace,Lake Gregory,Arkansas,Falkland Islands (Malvinas)
445,Jacqueline,Williams,amiller@example.net,47104 Lee Groves Suite 122,Debbiestad,Montana,Samoa
446,Laurie,Colon,ncoleman@example.net,4504 James Shoal,West Sean,New Hampshire,Egypt
447,James,Kemp,christopher41@example.com,131 Johnson Mountain,South Traciburgh,Maryland,Guatemala
448,Michael,Pacheco,omarcoleman@example.com,52468 Martin Brook,North Christinastad,Oregon,Peru
449,Annette,Hall,jonathanhenderson@example.com,03967 Steven Street Suite 036,New Debrachester,Iowa,Austria
450,Logan,Bailey,eric56@example.com,38808 Tonya Groves Apt. 671,East Gregory,Idaho,Switzerland
451,Erika,Valencia,rodneyramsey@example.com,92914 Brian Parkways Apt. 281,Banksstad,Kansas,Saint Vincent and the Grenadines
452,Tami,Hudson,samantha08@example.org,836 Smith Point Apt. 800,Hancockshire,Illinois,Colombia
453,April,Lewis,davidhayes@example.org,51534 Smith Branch,Angelatown,California,Bosnia and Herzegovina
454,Victoria,Foster,andrew42@example.net,371 Oliver Lake,New Keith,Oklahoma,Bahamas
455,Mark,Page,sabrinaheath@example.org,216 Freeman Locks Apt. 945,Jeremiahville,California,Ireland
456,Samuel,Taylor,erin01@example.net,566 Davis Rapid Suite 619,South Cliffordview,Utah,Malaysia
457,Michael,Smith,vparks@example.com,0538 Russell Court Suite 657,New Jameston,Idaho,Congo
458,Brad,Brown,ddouglas@example.org,0683 Gabriel Mountains,Ricardobury,Nevada,Nigeria
459,Kimberly,Owens,cartersara@example.net,049 Gaines Turnpike Apt. 612,West Toddburgh,Wyoming,Gambia
460,Scott,Walker,jamespineda@example.com,894 Jason Plains Apt. 859,New Molly,Delaware,Zambia
461,Michael,Frazier,donald78@example.org,25964 Michael Villages Apt. 356,Davidville,Virginia,Palau
462,Levi,Chen,perezkevin@example.org,02564 Benjamin Fords Suite 107,Martinezstad,New York,Cocos (Keeling) Islands
463,Todd,Willis,dmartin@example.com,6550 Rodriguez Ford Apt. 458,North Carrie,Idaho,South Africa
464,Katie,Smith,harrisashley@example.com,6182 Ellen Field,Port Josetown,Michigan,Djibouti
465,Katherine,Hogan,matthew85@example.org,980 Diana Manors Suite 290,Geraldborough,Iowa,Niue
466,Stacy,Brown,michelledixon@example.org,28590 Simmons Forge Apt. 419,North Kylestad,Maryland,United States of America
467,Jennifer,Pierce,gilbertkara@example.com,2610 Suzanne Station Apt. 613,Duffybury,North Dakota,Monaco
468,Michelle,Perry,hgray@example.org,6198 Hoffman Turnpike,South Jenny,Idaho,United States Virgin Islands
469,Luke,Long,floydmatthew@example.org,837 Marc Plains,Alexandershire,Maine,Israel
470,Jeremy,Delgado,fbrown@example.org,9992 Johnson Landing Apt. 271,Batesburgh,Arizona,Equatorial Guinea
471,Jim,Peters,steven48@example.org,89489 Cohen Locks,North Michellebury,New Mexico,Egypt
472,Shannon,Harris,rachel14@example.com,92379 Ashley Passage Suite 658,Hinesview,Montana,Cocos (Keeling) Islands
473,Ann,Bailey,youngcharles@example.com,60761 Amy Roads Suite 126,Veleztown,Washington,Syrian Arab Republic
474,Jenna,Wise,schultzrobert@example.com,188 Spence Crossing,Cynthiabury,Kentucky,Wallis and Futuna
475,Devon,Small,lopezheather@example.com,7971 Patricia Drive Apt. 584,Shannonville,New York,Mauritania
476,Susan,Sanford,mgonzalez@example.org,4831 Gonzalez Flats Suite 535,West Robertside,Oklahoma,Micronesia
477,Matthew,Shields,ysims@example.com,39875 Shea Unions,New Jason,Nebraska,Spain
478,Rachel,Wood,rachelharrington@example.com,4150 Nancy Extensions,South Mariahaven,Washington,Colombia
479,Samuel,Olsen,leahallen@example.org,421 Nguyen Isle,Joebury,Georgia,Jamaica
480,Paige,Long,tpowers@example.net,733 Corey Station,Danielport,Georgia,Maldives
481,Randall,Boone,scottrussell@example.com,4445 Rose Plaza Apt. 634,South Jessicamouth,New Mexico,Solomon Islands
482,Jeffrey,Smith,sarah23@example.com,84206 Hayden Street Suite 174,South Sharonmouth,Michigan,Faroe Islands
483,Stephanie,Tucker,hodgemelissa@example.net,2469 Steven Prairie Suite 128,West Sarahtown,Maryland,Cote d'Ivoire
484,William,Schneider,davisjennifer@example.net,69318 Gibson Port Apt. 642,New Robert,Virginia,Switzerland
485,David,Hopkins,swarren@example.com,3535 Rebecca Port,Kingport,Illinois,Angola
486,Cynthia,Espinoza,hendersonbarbara@example.com,247 Smith Villages Suite 577,New Willieview,New Hampshire,Afghanistan
487,Eddie,Knight,tayloraaron@example.org,221 Michael Oval,Taylorton,Oregon,Norfolk Island
488,Ronald,Ross,agillespie@example.org,4850 Friedman Union,Melaniemouth,Maine,Haiti
489,Shelly,Jackson,michaelholt@example.com,82999 Scott Ridge,Alexanderland,Arkansas,Albania
490,Jill,Reyes,jessica58@example.com,066 Shannon Wall Suite 611,Port Kirk,New York,Vanuatu
491,Timothy,Collins,lneal@example.net,711 Evans Union,Lake Brandi,Wisconsin,Malawi
492,William,Sanders,herrerathomas@example.net,19350 Reid Estate Apt. 602,Jacksonton,Oregon,Aruba
493,Frank,Smith,blakelee@example.org,8812 David Brooks Suite 398,Port April,New Mexico,Saint Pierre and Miquelon
494,Melissa,Ross,vparker@example.net,7016 Jessica Cove,Shariside,Alabama,North Macedonia
495,Betty,Carter,joannareyes@example.net,1241 Jennifer Ports,Lake Sherrihaven,Nebraska,New Caledonia
496,Christina,Harrison,owilliams@example.com,81828 Alison Fort Suite 001,Rickystad,Michigan,Bosnia and Herzegovina
497,Lisa,Carroll,jefferyhoward@example.com,9548 Heather Bypass,Johnsontown,Utah,El Salvador
498,Dorothy,Johnson,ppearson@example.org,59928 White Mills Apt. 840,Amberstad,West Virginia,Dominican Republic
499,Deborah,Lewis,kimberly39@example.com,510 Michael Stravenue,Johnsonburgh,Alabama,Libyan Arab Jamahiriya
500,Michael,Lee,jamesjohn@example.com,2705 Ferguson Terrace Suite 069,North Shane,Hawaii,British Indian Ocean Territory (Chagos Archipelago)
501,Alyssa,Schultz,ronald46@example.org,19488 Ryan Mountain,Codyfurt,New York,Eritrea
502,Paul,Stephens,xfreeman@example.com,8833 Nicole Pine Apt. 846,Lake Alan,Utah,Wallis and Futuna
503,Carrie,Estrada,qsmith@example.net,4579 Crystal Hills,Molinachester,Michigan,United States of America
504,Taylor,Greene,martinrick@example.net,14320 Diane Isle Apt. 240,Normanmouth,New York,Tokelau
505,Sandra,Miller,darlene42@example.net,04095 Joyce Cape,Lopezside,North Carolina,Brazil
506,William,Johnson,andrea78@example.org,81805 Kimberly Route,Karachester,New York,Algeria
507,Roberto,Jordan,karlwilliams@example.org,3281 Sampson Island Apt. 484,Lake Josehaven,West Virginia,Wallis and Futuna
508,Linda,Smith,norrisedward@example.com,91441 Ryan Glens,Port John,New Hampshire,New Zealand
509,Edward,Williams,reesemarissa@example.org,907 Shannon Village,Tonyberg,Minnesota,Guadeloupe
510,Amanda,Long,knightsonya@example.net,565 Timothy Green Suite 186,Edwardborough,Nevada,Heard Island and McDonald Islands
511,John,Giles,eross@example.com,62879 Orozco Meadow Suite 927,West Kennethburgh,New York,Egypt
512,Thomas,Miller,denise82@example.com,303 Kyle Flats,Adamston,South Dakota,Western Sahara
513,Kevin,Rodriguez,kmunoz@example.com,293 Megan Run Apt. 226,Brittanychester,Nebraska,Bermuda
514,Gina,Sampson,ppalmer@example.org,86876 Richard Drive Apt. 116,Camachostad,Nebraska,Dominican Republic
515,Kelly,Glass,brianjames@example.com,83667 Nunez Forest,Taylorview,Florida,Northern Mariana Islands
516,James,Hernandez,tracy04@example.net,137 Joseph Turnpike,Schwartzside,Montana,Tajikistan
517,Jeffrey,Bush,bjimenez@example.org,307 Kristy Unions Apt. 325,West Christopher,Alaska,Reunion
518,Kyle,Cunningham,browntaylor@example.com,084 Amber Neck,Port Steven,Kansas,Costa Rica
519,John,Richards,simpsonstephanie@example.net,21731 Chandler Summit,Jamesshire,Louisiana,Greece
520,Kimberly,Holder,qnelson@example.com,5127 Stevens Expressway Apt. 780,Port Valeriemouth,Nebraska,Botswana
521,Diana,Gomez,ybaker@example.org,141 Gibbs Villages Apt. 334,Racheltown,Maryland,Kuwait
522,Susan,Williams,vwarren@example.org,44657 Marc Ferry Apt. 293,Port Tammyfurt,Hawaii,Jordan
523,Timothy,Taylor,schroederkevin@example.org,65016 Thompson Parkways Suite 537,Port Jimmyville,Ohio,Saint Martin
524,James,Berry,morganjohnson@example.org,6663 Robinson Radial Suite 398,North Benjaminmouth,New Mexico,Samoa
525,Robert,Jackson,daniellequinn@example.net,361 Thomas Alley,Michaelfurt,North Carolina,South Africa
526,Nicholas,Waller,jamesmarshall@example.com,802 Silva Islands Suite 786,Harrisonstad,Oklahoma,Russian Federation
527,Michele,Lowery,andersonmason@example.org,091 Angelica Circles Suite 747,Georgemouth,Connecticut,Belgium
528,Hayley,Higgins,sharivazquez@example.net,462 Harvey Causeway,South Ericstad,Mississippi,Georgia
529,Christopher,Anderson,kim78@example.org,4855 Alexander Camp Suite 920,West Jorge,Louisiana,South Georgia and the South Sandwich Islands
530,Erin,Harvey,zrowland@example.org,08822 Cynthia Via,Monicaview,Colorado,Malta
531,Patrick,Gilmore,ashleywilkerson@example.org,30554 John Corner,Wilsonmouth,New Jersey,Anguilla
532,Henry,Forbes,garciawanda@example.net,5219 Jason Islands Apt. 000,Lisashire,Michigan,Brazil
533,Micheal,Hooper,ryanbenson@example.net,7471 Kelly Ranch,Kirkbury,Arizona,Poland
534,Steve,Smith,nicole85@example.com,69021 Calderon Greens Suite 234,Port Patricia,Wyoming,Poland
535,Matthew,Perez,gonzalezdanny@example.org,06131 Kathryn Street Apt. 442,Pattontown,Nevada,Faroe Islands
536,Kelly,Brown,jerry93@example.com,542 Chang Forge,Jonport,Indiana,Mali
537,Natalie,Cordova,mark96@example.com,1789 Melissa Park,North Daniellehaven,Wyoming,Kuwait
538,Jamie,Larson,moodyrebecca@example.com,75843 Hannah Lodge Suite 340,Lake Lucas,Florida,Suriname
539,David,Green,kenneth84@example.net,8978 Cole Knoll Suite 203,Nicholshaven,Montana,Niue
540,Barbara,Jimenez,tami00@example.org,3064 Troy Orchard Apt. 431,Amberland,Alaska,Taiwan
541,Kristina,Carter,adrienne05@example.net,378 Lori Haven,Burnettbury,Iowa,Comoros
542,Gabriel,Franco,hlee@example.com,3605 Nicholas Villages,Moorestad,South Carolina,New Caledonia
543,Angela,Lutz,ilove@example.com,0826 Edward Mills Suite 721,Obrienfurt,Idaho,Nicaragua
544,Joseph,Smith,yorkbianca@example.org,20175 Jeffery Throughway Apt. 348,Lake Dawn,Rhode Island,Namibia
545,Danny,Lopez,qmendoza@example.net,38339 Cole Stravenue,Stevensfurt,Vermont,Guernsey
546,Alejandro,Warren,fritzanthony@example.com,3299 Amanda Harbors Apt. 417,North Heidichester,Kansas,Iceland
547,James,Roberts,carlpatterson@example.org,24594 Davis Corners Apt. 689,West Jesse,Maine,Bahrain
548,Lisa,Hernandez,kcollins@example.com,04489 Matthew Valley Suite 207,Johnborough,Tennessee,Cameroon
549,Aaron,Martinez,ktaylor@example.com,5645 Nash Forks,Floresberg,Wyoming,Tokelau
550,Connor,Mcguire,xpayne@example.com,27812 Michelle Village Apt. 751,Lake Travis,Colorado,Bhutan
551,William,Rubio,shawn86@example.net,8933 Huffman Light,Jillianview,Michigan,Wallis and Futuna
552,John,Mcdowell,ryan26@example.org,74914 Meghan Plaza Suite 297,Port Shawnmouth,Florida,Jordan
553,Sarah,Payne,christine92@example.net,57576 Kathleen Creek Suite 424,Joshuahaven,Connecticut,Uganda
554,Leah,Edwards,cmartinez@example.org,44268 Mejia Inlet Apt. 081,Hendricksshire,Massachusetts,Oman
555,Melissa,Gilmore,flee@example.org,8871 Michael Orchard Suite 462,East Stephanie,Rhode Island,New Zealand
556,Bruce,Torres,annyates@example.com,8817 Stanley Trail,Wellsmouth,New Mexico,Lesotho
557,Jillian,Gonzalez,hansonwilliam@example.com,067 Jordan Forks,Robertsonport,Massachusetts,Andorra
558,Bryan,Murray,munozcarol@example.org,500 Burns Mount Apt. 909,Port Josephfurt,Iowa,Turks and Caicos Islands
559,Kayla,Washington,alang@example.net,0124 Robert Point,Lake Mariah,Wyoming,Malaysia
560,Jeffrey,Cherry,michaeldiaz@example.org,1247 Shelby Court Suite 305,North Amybury,New Jersey,Bahrain
561,Ashley,Medina,acervantes@example.org,9426 Spencer Plaza Apt. 939,Port Normanfurt,Kansas,Kiribati
562,Heather,Wright,steven05@example.com,955 Edwin Prairie Apt. 521,South Caseyberg,Louisiana,United States of America
563,Jamie,Delacruz,kellyanthony@example.org,34727 Pamela Station,Joneschester,Oregon,Cape Verde
564,Jeffrey,Duncan,matthewfarrell@example.com,61262 Myers Shoal,South Laurastad,Hawaii,French Southern Territories
565,Mary,Powell,tacevedo@example.net,088 Lisa Bypass Suite 266,Port Fred,Louisiana,Hungary
566,Stacey,Mason,james32@example.org,65882 Jeffrey Ways,North Kimberlybury,Michigan,Dominican Republic
567,Jessica,Lawrence,herbertharvey@example.com,4697 Justin Manors Apt. 855,Veronicamouth,Illinois,Sierra Leone
568,Amy,Hall,scott54@example.net,9184 Crystal Forge,West Derek,Arkansas,Latvia
569,Carla,Floyd,kyle98@example.com,959 Margaret Squares,Hutchinsonberg,Nevada,Cameroon
570,Caroline,James,dunnnicholas@example.net,532 Perez Oval Suite 368,East Elizabeth,Colorado,Cote d'Ivoire
571,Anthony,Clark,holmesroy@example.org,6719 Goodwin Lake Suite 352,South Kaylamouth,Minnesota,Spain
572,Scott,Kaufman,isaiah75@example.com,09791 Kyle Villages Suite 132,Williamsbury,Nebraska,North Macedonia
573,Ashley,Campbell,lmoss@example.net,90226 Bauer Greens Suite 876,New Kathryn,Vermont,New Caledonia
574,Misty,Wright,jlopez@example.org,1711 Regina Pass,Karimouth,West Virginia,Zambia
575,William,Cross,patrick18@example.com,787 Hardy View,South Michele,Kentucky,Holy See (Vatican City State)
576,Carolyn,Martinez,xlopez@example.net,3199 Kara Squares,South Frankfurt,Arizona,Romania
577,William,Harper,christinahoward@example.org,5288 Alexis Crest,Petersonfurt,Arizona,North Macedonia
578,Alexis,Robinson,pmcmillan@example.net,806 Gary Fields Apt. 874,Michaelton,North Carolina,Hungary
579,Cindy,Houston,hicksjoshua@example.com,64860 Nicole Manor,Ritterport,Nevada,Germany
580,Michael,Mendoza,wwilson@example.org,713 Alyssa Shore,Lake Lauraside,North Carolina,Lao People's Democratic Republic
581,Dustin,Villarreal,colton11@example.com,823 Brittany Land,Lake Latoyaside,Delaware,India
582,Jessica,Davidson,michaelferguson@example.org,558 Corey Gardens,Lake Jorge,Washington,Yemen
583,Denise,Medina,katherine39@example.net,1586 Richard Passage Apt. 313,Brianhaven,Maryland,Italy
584,Katherine,Hurst,ericmartinez@example.org,4955 Jessica Shore,Blackwellmouth,Texas,Croatia
585,Erica,Wilson,ashley26@example.com,17492 Anthony Islands,West Andrew,Ohio,Sudan
586,Adam,Murphy,frederickcook@example.org,20420 Calvin Groves,New Eric,Massachusetts,Spain
587,Paul,Norris,omcintyre@example.org,226 Davis Hills Suite 283,Frankmouth,Rhode Island,Niger
588,Joanne,Dorsey,josborne@example.net,227 Merritt Junction Apt. 281,Lake Emmaport,New York,Togo
589,Bryan,Wood,xmcbride@example.org,09455 Baker Valley,Port Bonnie,Georgia,United States Virgin Islands
590,Connor,Taylor,samanthamiles@example.net,3019 Campbell Haven Apt. 753,Port Chad,Mississippi,Australia
591,Brenda,Mendoza,hmccarty@example.com,882 Jones Shoal,Summersfurt,Virginia,Suriname
592,Michael,Chapman,xbell@example.net,27709 Stephanie Fork,West Paulaport,New Hampshire,Malaysia
593,Robert,Braun,wreeves@example.net,22878 Mitchell Via,North Judithport,Ohio,Myanmar
594,Pamela,Benson,ptodd@example.net,2122 Lisa Falls,Maciasfurt,Tennessee,Finland
595,Nicole,Mccarty,martinandrew@example.net,261 Walker Greens Apt. 161,North Dawnmouth,South Dakota,British Virgin Islands
596,David,Gregory,lvaldez@example.org,84280 Morris Greens,Jaymouth,South Dakota,Montenegro
597,Christopher,Gonzalez,michelle27@example.org,5941 Nicholas Prairie Apt. 341,Parkerhaven,Indiana,Croatia
598,Alex,Gibbs,sanderson@example.net,8268 Carrillo Oval Apt. 158,East Christy,Nebraska,Mali
599,Tracy,Casey,stephen57@example.org,10008 Anthony Bypass Apt. 096,Jamesstad,Mississippi,Belize
600,Steven,Mora,manuel00@example.com,93365 Perry Corners,Palmertown,North Dakota,Bouvet Island (Bouvetoya)
601,Allison,Blackburn,rramirez@example.net,2512 Higgins Ports Suite 752,North Kristimouth,Arizona,Guyana
602,Grant,Riley,ianmorris@example.net,6610 Jeffrey Skyway,Lake Rodneyshire,Indiana,Niger
603,Dylan,Nichols,alexis78@example.org,2528 Holly Village Suite 649,New Coryside,Florida,San Marino
604,Ruben,Lopez,jill65@example.org,234 Sanchez Rest,Wrightshire,Tennessee,Anguilla
605,Jason,Allen,john06@example.org,411 Garcia Loaf Suite 534,New Angela,Nevada,Belgium
606,Haley,Romero,kingzachary@example.net,1662 David Stream Suite 570,Fisherbury,Delaware,Uruguay
607,Jerry,Collins,matthewsmith@example.net,43348 Lauren Orchard Apt. 507,Lake Dawnberg,Arizona,Austria
608,Scott,Robinson,amy90@example.com,665 Blanchard Fields Suite 872,Wallacetown,North Dakota,Saint Vincent and the Grenadines
609,Pamela,Ramos,qwebster@example.net,50223 Daniels Knolls Suite 991,Barbaramouth,Pennsylvania,Liberia
610,Danielle,Huang,davisthomas@example.net,89080 Rachel Point Suite 485,Thomasbury,Idaho,Namibia
611,David,George,rachel14@example.net,9616 Atkinson Lodge,Jacksonview,Ohio,Namibia
612,Heather,Williams,jameschristina@example.net,257 Bob Passage Apt. 371,Allenfort,New Jersey,Hong Kong
613,Jamie,Evans,mooregary@example.com,980 Watkins Pine,Lake Rachael,Nebraska,Seychelles
614,Joshua,Olson,kimberlyweiss@example.com,7646 Robert Forest,Makaylaton,Nevada,Western Sahara
615,Samuel,Lucas,jamesmorgan@example.org,270 Laurie Tunnel,Hopkinsfurt,Hawaii,Costa Rica
616,Kathy,Kelly,amurphy@example.com,015 Duncan Creek Apt. 648,Kimberlyside,Wyoming,Palestinian Territory
617,Derrick,Fuller,ashley16@example.org,469 Carter Spring,North Paul,Ohio,Israel
618,Jodi,Cook,wheeleranita@example.net,9746 Reynolds Plains Apt. 697,West Samanthaberg,New York,Liberia
619,Darlene,Melendez,dvaldez@example.net,91956 Jeff Union Suite 383,Lake Valerie,New York,Cameroon
620,Cynthia,Freeman,msmith@example.org,1626 Jacob Freeway Suite 834,Hicksside,Mississippi,Korea
621,Brenda,Mitchell,carlacunningham@example.com,05360 Andrews Well Apt. 109,West Melanieside,Michigan,France
622,Todd,Perry,masondavid@example.net,1665 Hayes Ports Apt. 405,South Melissaside,Colorado,Mauritius
623,James,Meadows,saguirre@example.org,35578 Allen Lodge,West Michelle,New Mexico,Turks and Caicos Islands
624,Ronald,Robles,annwilliams@example.com,9403 Amy Grove,North Timothyville,Washington,Thailand
625,Kyle,Patterson,dannyallen@example.org,14873 Melissa Island,North Olivia,New Hampshire,Japan
626,Nicholas,Vaughan,misty71@example.org,03798 John Knoll,New Deniseview,Pennsylvania,Lebanon
627,Diana,Young,zrivera@example.org,289 Brennan Drive,East Nicoleville,Minnesota,Haiti
628,Suzanne,Whitaker,collinsrobert@example.org,9427 Andrew Extension Suite 298,Port Carlside,New Mexico,Bhutan
629,Amanda,Francis,jesus10@example.org,12959 Jeffrey Row Apt. 108,South Jonathanville,Maine,Antarctica (the territory South of 60 deg S)
630,Katelyn,Martin,jreynolds@example.com,4777 Foster Squares Suite 692,West Raymondmouth,South Carolina,Equatorial Guinea
631,Randy,Brandt,itownsend@example.com,429 Kirk Club Apt. 037,North Ellenshire,Colorado,Antigua and Barbuda
632,Bonnie,Mack,martinezphyllis@example.org,40190 Davis Trail Apt. 381,Lake Kimberly,Arizona,Tajikistan
633,Tara,Clarke,kevinabbott@example.com,0445 Wilson Garden,Nelsontown,Arkansas,Taiwan
634,Rebecca,Spencer,dariusrobinson@example.org,61891 King Drive Apt. 767,Millerland,Arizona,Sierra Leone
635,Christopher,Hughes,jeremy67@example.net,97865 Frank Tunnel,Fordport,Missouri,Ukraine
636,Adam,Hooper,ryan32@example.org,91433 Jones Fields Suite 285,Katherineberg,Indiana,British Virgin Islands
637,Paul,Adams,smithmatthew@example.net,6579 Moore Stream Apt. 756,Alvarezshire,Nevada,Saint Helena
638,Christopher,Howard,wrusso@example.org,7461 Norris Mountains,South Scottburgh,Alabama,Mali
639,Michelle,Cox,dscott@example.org,14518 Garcia Ports,Port Timothyport,Colorado,China
640,Richard,Boone,michael84@example.org,3532 Malone Inlet,Lake Jessica,Montana,Egypt
641,Felicia,Torres,doris55@example.org,42641 Shelia Springs,Stacyport,Michigan,Palestinian Territory
642,Sandra,Davis,oscarboyle@example.org,23486 James Rest,Matthewchester,Nebraska,United Arab Emirates
643,Barbara,Evans,heathergarcia@example.com,733 Wright Stream,Wyattside,Hawaii,Denmark
644,Catherine,Jones,lindseymay@example.com,035 Keith Roads Apt. 506,Markville,Oklahoma,China
645,Nicole,Morales,danielgray@example.com,24997 Veronica Points,North Kristin,Massachusetts,Sao Tome and Principe
646,Ronald,Richards,dorothy92@example.org,19067 Bonnie Dale,New Erichaven,Arkansas,Swaziland
647,William,Dennis,carol86@example.com,8717 Jessica Cove,Palmerville,Utah,Aruba
648,Crystal,Michael,valeriegonzalez@example.org,023 Beasley Locks Apt. 611,Woodhaven,Florida,Guatemala
649,Connie,Clark,amber00@example.org,85456 Powell Key,South Samanthaberg,South Carolina,Brunei Darussalam
650,Maria,Torres,berrycharles@example.com,51231 Flores Shores,Rayview,Wyoming,Montserrat
651,John,Stewart,sally32@example.org,06329 Conway Divide,East Ashley,Indiana,Jamaica
652,Garrett,Riley,jasonmarshall@example.com,0074 Tina Mountain Apt. 969,Jillborough,Oregon,Congo
653,Jennifer,Burns,alexishowell@example.org,7403 Christopher Cliff Suite 176,Lake Tina,Pennsylvania,Pakistan
654,Jeffrey,Nichols,pruittgloria@example.com,81050 Martin Points Suite 329,Careyfurt,Hawaii,Guam
655,John,Jones,piercemallory@example.org,55237 Loretta Crossing,Brownville,Delaware,Cape Verde
656,Dawn,Rodriguez,mnguyen@example.com,15591 Aguilar Circle,Baldwintown,South Carolina,Guatemala
657,Jeanne,Peterson,hunterjennifer@example.org,23306 James Wells Apt. 258,New Loriton,South Carolina,China
658,Robert,Jones,michael65@example.com,503 Dominguez Stravenue,East Curtisstad,South Dakota,Congo
659,John,Allen,kristinsantana@example.net,10218 Vicki Forges Apt. 884,Christophershire,Montana,Chad
660,Bobby,Cole,jacobsamanda@example.net,1971 Morgan Stream Apt. 347,East Patrickstad,Minnesota,Senegal
661,Christine,Thomas,bryantjohnny@example.org,380 Debbie Glen,South Mark,Colorado,Indonesia
662,Jack,Graham,debra68@example.net,96651 Isabella Turnpike,Bakerville,Iowa,Tajikistan
663,Sharon,Lopez,rjoyce@example.net,2512 Johnson Meadow Suite 902,West Jasonburgh,South Dakota,Sudan
664,Michael,Johnston,williamsshelby@example.net,79399 Nicholas Keys Suite 732,Mcdanielberg,Texas,Portugal
665,Derek,Jones,carsonrobin@example.com,8894 Daniel Estates,Mariafurt,West Virginia,Northern Mariana Islands
666,Joshua,Marsh,weavertheresa@example.com,74139 Potter Isle Apt. 595,Jacobschester,Texas,Tajikistan
667,Sean,Bailey,lbecker@example.net,926 David Estate Suite 729,New Justin,Tennessee,Romania
668,Ashley,Baker,nfox@example.org,52617 Elizabeth Rue Apt. 030,East Lauren,Alaska,Dominica
669,Steven,Beasley,deborahhatfield@example.com,50930 Berger Field,New Ricky,Pennsylvania,Japan
670,Shane,Gonzales,grayjoshua@example.org,101 Mary Mission Apt. 947,Hillhaven,Colorado,Saint Lucia
671,Frank,Jordan,gspencer@example.com,369 Frank Manors Suite 811,Joelchester,Delaware,Mayotte
672,Christopher,Morris,kari05@example.com,0834 Francis Spur Apt. 312,West Christianland,Arizona,Cayman Islands
673,Wayne,Sherman,duranveronica@example.net,44484 John Mountain,Morganmouth,Arkansas,Bulgaria
674,Michelle,Duran,butlerrobert@example.com,742 Lloyd Turnpike,West Linda,New Jersey,Nigeria
675,Tyler,King,alicia98@example.org,50725 Michael Orchard,North Juanfurt,South Carolina,Cocos (Keeling) Islands
676,Derrick,Gregory,joshua06@example.net,4119 Kelley Hollow Suite 897,Jeremychester,Georgia,Ukraine
677,Seth,Navarro,daniel04@example.com,776 Gavin Mountain Suite 276,Calvinview,Rhode Island,Sweden
678,Dwayne,Nicholson,teresa33@example.org,25899 Dave Inlet Apt. 673,Port Danielfurt,Arkansas,Guyana
679,Debra,Osborne,brian34@example.com,663 Omar Shores,New Leviland,Utah,Iran
680,Deanna,Jimenez,anthonychen@example.org,1241 Blackburn Fork,Lake Elizabethville,Vermont,Belarus
681,Katherine,Hamilton,bradleydaniels@example.net,609 Victor Common Suite 857,Port Carolyn,Iowa,Ukraine
682,Amy,Thomas,arnoldnicole@example.org,0387 Julie Cliff Apt. 583,Fosterfort,New Jersey,Turkey
683,Ronald,Williams,lisa56@example.net,182 Kelly Springs,Nicholeborough,Minnesota,Suriname
684,Amanda,Ramirez,john53@example.org,6240 Gary Lodge Suite 481,Valdezport,Massachusetts,Brunei Darussalam
685,Andrew,Brown,kchambers@example.com,30657 Williams Causeway Suite 109,New Brenda,New York,Bermuda
686,Alex,Stewart,torresjennifer@example.org,450 Ryan Vista,West Amanda,Colorado,Jersey
687,Jesse,Stevens,nharrison@example.com,55169 Ashley Coves Suite 551,East Kellytown,Louisiana,Japan
688,Tina,Abbott,michelle80@example.org,9656 Sierra Throughway Suite 796,West Brittany,Virginia,Brazil
689,Tyrone,Garcia,lucasjohnson@example.org,6195 Randy Forest,Jennifermouth,Arizona,Montserrat
690,Samuel,Lewis,hbrooks@example.net,82467 Moore Parkways Suite 019,Annefurt,Idaho,Belarus
691,Omar,Johnson,pbrooks@example.com,4076 Smith Avenue,New Mary,New Hampshire,Guyana
692,Joseph,Mitchell,colonrichard@example.org,310 Griffith Hill,North Juanbury,Virginia,Indonesia
693,Jimmy,Garcia,anne36@example.com,4558 Jones Meadows,West Alyssaborough,Oklahoma,Kuwait
694,Elizabeth,Crosby,chaddominguez@example.net,91417 Cline Dam Suite 756,Avilafort,Georgia,Saint Helena
695,Kevin,Peterson,shannon63@example.net,13431 Claudia Stream,New Elizabeth,New York,Armenia
696,Ryan,Cervantes,wwagner@example.com,3357 Steve Oval Apt. 611,Garrettberg,Nebraska,New Zealand
697,Tracy,Bennett,rosariojeremy@example.net,26301 Hanna Estate Apt. 521,West Linda,Washington,Jordan
698,Ruth,Evans,hjohnson@example.net,98848 Anthony Tunnel Apt. 400,New Alicia,Missouri,Faroe Islands
699,Michele,Fletcher,ywaters@example.org,8354 Daniel Island,Katiefort,Kentucky,Nepal
700,Pamela,Williams,piercevicki@example.org,207 Campbell Way Suite 888,Gilbertmouth,South Dakota,Australia
701,Nathan,Jackson,crossmatthew@example.org,108 Long Pine,Lake Marcus,New York,Nepal
702,Abigail,Moore,micheal69@example.net,437 Small Mill Suite 317,Yorkton,Florida,Mauritius
703,Selena,Wilson,morgan37@example.com,62008 Jerry Loaf Apt. 319,South David,Vermont,Uruguay
704,Amanda,King,rebecca31@example.net,960 Brent Meadow Apt. 600,Stephaniemouth,Alabama,Mauritania
705,Donald,Chavez,rothtina@example.org,5264 Barry Point Suite 679,South Veronicafurt,Nevada,Morocco
706,Ashley,Rivera,harrelleric@example.org,89692 Brittany Hill,New Christopherton,Arizona,Colombia
707,Susan,Ross,harveydanielle@example.net,0735 David Viaduct,Port Teresa,Iowa,Albania
708,John,Simpson,grahamchristina@example.net,0801 Blevins Junction Suite 013,Mathewsstad,New Hampshire,Palau
709,Robin,Levy,hobbskimberly@example.net,94155 Bailey Vista,Leachtown,Mississippi,Uganda
710,Kelly,Fields,nelsondonna@example.org,46034 Lee Junction,Port Rebeccastad,North Carolina,Greece
711,Wendy,Fuentes,albertchase@example.net,144 Garcia Trail Suite 274,South Jeffreyfort,Alaska,Benin
712,David,Bell,sarahmartinez@example.net,003 Nicole Haven Suite 727,West Erin,Alaska,Switzerland
713,Amanda,Saunders,lrodriguez@example.com,161 Henderson Camp,West Philip,Pennsylvania,Bahrain
714,Amanda,Poole,williamscarl@example.org,171 Daniel Islands,Christinashire,Kentucky,Slovakia (Slovak Republic)
715,Benjamin,Estrada,robbinsmike@example.com,317 Michele Pass,Pamelaland,Alabama,Sri Lanka
716,Pamela,Rush,smithjon@example.com,43207 Hall Rapid,Montoyaberg,Georgia,Turkey
717,James,Jones,eric70@example.com,184 Aaron Plaza Apt. 116,Port Cynthia,Wisconsin,Gambia
718,Juan,Long,kennethfleming@example.com,748 Melissa Mountain,Port Christianview,Massachusetts,Panama
719,Wesley,Carter,melissa98@example.org,52203 Jason Rapid Apt. 193,Debraside,North Carolina,Spain
720,David,Salazar,xball@example.org,9596 Spencer Manor,Jacobborough,Washington,Taiwan
721,Danielle,Leonard,dylanguerra@example.com,15947 Wright Burg,North Elizabethfurt,Illinois,Reunion
722,Stephen,Gonzalez,jensenrussell@example.com,125 Logan Cliff,Lake Sandra,Kansas,Syrian Arab Republic
723,Jill,Edwards,kgreen@example.org,75565 Carrie Walks Suite 303,Lynnborough,Maine,Saint Pierre and Miquelon
724,Rachel,Phillips,egarcia@example.com,42624 Timothy Isle Apt. 950,North Nicoleland,California,Congo
725,Andrea,Rodriguez,xguzman@example.org,7773 Chavez Drives Suite 067,Jessicaborough,South Dakota,Russian Federation
726,Alexis,Anderson,ashleylee@example.com,978 Jose Crescent,Port Amanda,Oklahoma,Congo
727,Angela,Fisher,vnelson@example.com,55296 Stacy Glens,Mcphersonfort,North Carolina,Micronesia
728,Leonard,Lucas,ashley10@example.org,94538 Johnson Islands,New Angela,Michigan,Somalia
729,Jeremy,Myers,adam40@example.org,454 Marc Turnpike,West Dawn,North Dakota,Syrian Arab Republic
730,John,Russell,christophercunningham@example.com,8488 Clayton Valley,Cameronview,New Hampshire,Turks and Caicos Islands
731,Jake,Logan,clopez@example.org,3456 Scott Drive Apt. 305,Smithside,Georgia,Rwanda
732,Michael,Hale,flang@example.com,1516 Reynolds Shoal,Shepherdhaven,Minnesota,Bosnia and Herzegovina
733,Cory,Cox,jacob87@example.net,39915 Karen Locks,Christopherland,Alaska,Gibraltar
734,Jimmy,Wilson,michael58@example.net,803 Monica Trail,Alexanderfurt,Utah,Netherlands
735,Steven,Kelly,brendalang@example.org,8915 Willis Plaza Suite 721,New Jessica,Tennessee,Nicaragua
736,Connie,Yates,ymunoz@example.net,7351 Grant Cliff,New Reginaldview,South Carolina,British Indian Ocean Territory (Chagos Archipelago)
737,William,Horton,christopher03@example.org,0925 Atkins Shores Suite 118,Pricehaven,West Virginia,Marshall Islands
738,Barbara,Luna,greendevin@example.org,20388 Jeremy Flat Apt. 196,Christopherbury,North Dakota,Pakistan
739,Brenda,Foster,joshua86@example.com,5137 Brenda Mill,Joshuabury,Ohio,Brunei Darussalam
740,Shawn,Hayes,yjohnson@example.org,990 Lopez Prairie Apt. 906,New Daniellefort,Florida,Georgia
741,Gabrielle,Henry,taylorjason@example.com,20332 Foster Crescent Suite 030,North Erinborough,Montana,Singapore
742,Jamie,Anderson,jacquelinegraham@example.com,0439 Lawrence Garden Apt. 878,Susanmouth,Texas,Bahamas
743,Natalie,Nelson,jfernandez@example.net,13360 Combs Course Suite 291,North Ninahaven,Virginia,Andorra
744,Joel,Nguyen,hphelps@example.org,92192 Everett Radial,Bonniechester,Alabama,Taiwan
745,Amanda,Schmidt,fordjennifer@example.com,927 David Island Suite 466,Alyssaland,West Virginia,United Arab Emirates
746,Nicholas,Good,robingood@example.com,915 Colleen Junction Apt. 631,West Charlene,Alaska,Sweden
747,Matthew,York,garciadylan@example.com,136 Kelly Lodge Apt. 633,Patrickstad,Indiana,Bolivia
748,Madison,Harris,johnjones@example.net,754 Robert Plain Suite 848,New Luisborough,Alaska,Thailand
749,Amy,Rivers,douglasrogers@example.com,73072 Julie Spur Apt. 945,Johnsonland,Indiana,Cocos (Keeling) Islands
750,Joshua,Fuller,kelseyrios@example.com,81160 Michelle Mews,South Kyleborough,Hawaii,Saint Pierre and Miquelon
751,Lisa,Perry,butlerjared@example.org,7395 Richardson Freeway Suite 579,West Michelleview,Oklahoma,Cuba
752,Cameron,Madden,johnsondaniel@example.net,22531 Brandon Unions Apt. 896,Cooperchester,Alabama,Trinidad and Tobago
753,Sandy,Krause,beckapril@example.org,89326 Ruiz Walks,Port Courtneybury,New York,Dominica
754,Corey,Davidson,katelynray@example.com,58544 Gomez Turnpike Apt. 618,Pageland,Virginia,Italy
755,Morgan,Horton,colleencontreras@example.org,8865 Spencer Islands Apt. 672,New Paula,Montana,Honduras
756,David,Medina,kking@example.net,37733 Heather Pike Suite 771,Scottland,Colorado,Kiribati
757,Sarah,Conrad,watkinsthomas@example.org,13337 Marquez Pike Apt. 467,Haynesshire,Hawaii,Albania
758,Rodney,Anderson,gregoryquinn@example.org,4157 Chad Locks,South Mary,Rhode Island,Greece
759,Christopher,Lee,maddenjavier@example.org,010 Moore Curve Suite 320,South April,North Carolina,Tokelau
760,James,Gibson,nelsonbrenda@example.org,97868 Ryan Track Suite 667,Crystalview,Alaska,Niue
761,Michael,Cabrera,kristine60@example.com,372 Stephen Rue,Potterstad,Wyoming,South Georgia and the South Sandwich Islands
762,Kyle,Hanson,ramirezjennifer@example.com,937 Pamela Dale Apt. 077,South Mark,New Jersey,Burkina Faso
763,Zachary,Downs,toni61@example.net,7165 Monica Field Suite 294,East Jamesberg,Maine,Brazil
764,Kenneth,Lloyd,madelinewilson@example.org,29105 Valencia Groves Suite 729,Mannmouth,Alabama,Greenland
765,Brittany,Reese,shane79@example.net,80380 Murphy Parkways,Grimesview,South Dakota,Turks and Caicos Islands
766,Sheila,Parker,ronnie98@example.org,2961 James Rue,East Emilyville,Wyoming,Saint Martin
767,Ashley,Ross,eric67@example.net,77226 Galvan Pines Apt. 635,East Stevenland,Utah,Cyprus
768,Andrew,Harvey,lindamcpherson@example.net,811 Lewis Shoal,Hodgebury,South Dakota,Senegal
769,David,Miller,fletcherjennifer@example.org,6716 Tracy Locks,Amymouth,South Carolina,Korea
770,Joshua,Anderson,thomasnicole@example.net,20546 Amanda Course Apt. 723,Floresburgh,Wisconsin,Central African Republic
771,Brooke,Foster,ilee@example.net,51961 Aguilar Manors Apt. 704,Hudsonport,Arizona,Bouvet Island (Bouvetoya)
772,Troy,Warren,kalexander@example.com,64355 Howard Circle,Chandlertown,Alabama,Guinea
773,Eric,Cook,henrydarrell@example.com,9270 Kyle Summit,West Julie,Florida,Barbados
774,Dominique,Wong,victoriacarr@example.net,862 Bradley Cliff Apt. 100,Hendersonton,Nebraska,Bosnia and Herzegovina
775,Joann,Sanchez,anelson@example.com,9527 Barbara Stravenue,South Kevin,Wisconsin,Bouvet Island (Bouvetoya)
776,Matthew,Sullivan,kristine28@example.com,02325 Jones Underpass Suite 216,Rodriguezton,New York,Christmas Island
777,Frances,Mitchell,david17@example.org,65641 Natalie Field,East Jason,Alabama,Swaziland
778,Carrie,Moore,frankberg@example.org,6774 John Throughway Apt. 030,North Robert,North Dakota,Bulgaria
779,Sandra,Webb,scottclayton@example.com,1212 Lane Lane Suite 186,New Cindy,Wisconsin,Burkina Faso
780,John,Harper,haleymendoza@example.net,54731 Ellis Streets,Port Kimberly,Arizona,North Macedonia
781,Andrew,Rogers,fsweeney@example.com,956 Guerra Hill Apt. 173,East David,Utah,Singapore
782,Kimberly,Mathis,ann41@example.org,6095 Hester Plains Apt. 498,North Krista,Minnesota,British Indian Ocean Territory (Chagos Archipelago)
783,Benjamin,Livingston,tammylong@example.com,6804 Michelle Landing,Malonefurt,Arkansas,Korea
784,Nicole,Anderson,alexandra42@example.org,8593 Farrell Flats,Carlbury,Alaska,Botswana
785,Joy,Flores,zdavies@example.org,776 Pamela Pass,Vazquezmouth,Nevada,Cambodia
786,Angela,Patterson,bstone@example.net,68834 Thompson Highway Suite 241,Port Elizabeth,Hawaii,Bangladesh
787,Alexander,Anderson,brittany90@example.org,27791 Lara Isle,East Stephanie,Pennsylvania,Turks and Caicos Islands
788,Erin,Monroe,lewiscarolyn@example.org,335 Williams Points Suite 978,Devinbury,Texas,Palau
789,Lisa,James,williamssean@example.com,7465 Julie Trail Apt. 188,New Ginaside,Ohio,Central African Republic
790,Stacey,Moore,qross@example.org,72235 Salazar Falls,Sandersbury,Arkansas,Barbados
791,Christopher,Wilson,joshua12@example.net,894 Patricia Heights,South Ryanmouth,Alaska,Albania
792,Jacqueline,Crane,anna51@example.com,106 Bridges Extension,South Kristinmouth,New York,Venezuela
793,Dale,Jones,raytimothy@example.com,5194 Foster Mews Suite 137,Apriltown,Missouri,Armenia
794,Aaron,Smith,sierraburgess@example.com,665 Garcia Union,Timothyfort,Pennsylvania,Eritrea
795,Jared,Jones,jonathan13@example.org,8445 Wright Curve Suite 181,South Andreaburgh,New Hampshire,Malaysia
796,Kevin,Sandoval,eric32@example.net,435 Henry Glens,North Steven,Colorado,Libyan Arab Jamahiriya
797,Kevin,Stevens,collinstaylor@example.net,9726 Alexander Brooks Suite 764,North Matthewberg,South Carolina,Netherlands Antilles
798,Heather,Vazquez,pgonzalez@example.org,931 Taylor Parkway Suite 194,Port Brian,South Dakota,Korea
799,Matthew,Richardson,spencer59@example.net,901 Lindsey Union,North Elizabeth,South Dakota,Croatia
800,John,Greene,michaelrichards@example.com,8151 Clark Land,Brownburgh,South Carolina,Bouvet Island (Bouvetoya)
801,Anthony,Howard,courtney67@example.com,5519 Dunn Crossroad Apt. 457,North Kyleland,New Hampshire,Saint Martin
802,Maria,Anderson,martinezsusan@example.com,1015 Caitlin Radial,Riggston,Mississippi,Aruba
803,Julia,Lucero,paul82@example.org,8148 William Way Suite 554,North Frank,Oregon,Palau
804,Kevin,Kim,jeffersonsamuel@example.com,7808 Snyder Key Apt. 370,Danielsland,West Virginia,Lebanon
805,Christy,Lopez,uwhite@example.org,95927 Carrie Views Apt. 571,Port David,Arizona,Bangladesh
806,Martin,Cruz,troy44@example.com,792 Glover Rapids Apt. 002,Townsendfurt,Rhode Island,Timor-Leste
807,Gabrielle,Wagner,mcclainjoan@example.net,990 Heather Falls Apt. 303,South Crystalton,Wisconsin,Marshall Islands
808,Eric,Mcclain,danielsexton@example.org,7405 Richard Fall Apt. 834,West Joshua,Vermont,Tunisia
809,Keith,Lang,spencejessica@example.com,3704 Chapman Forks,New Curtisville,Michigan,Mayotte
810,Michael,Green,andradejonathan@example.org,684 Joseph Ville Suite 336,North Amandamouth,Wisconsin,Lesotho
811,Calvin,Ingram,tammyturner@example.org,87788 Smith Curve Suite 581,Grahamville,Nebraska,Botswana
812,Steve,Parrish,april87@example.org,08676 Matthew Pass Apt. 070,West Jonathanstad,Pennsylvania,Anguilla
813,Sara,Sanchez,felicia65@example.org,65297 Gregory Bridge Suite 195,Christopherport,Washington,Vanuatu
814,Thomas,Garcia,jperry@example.com,598 Carey Mountains Suite 841,Sanfordstad,West Virginia,Malawi
815,Kenneth,Waller,riverakaren@example.org,66979 Lloyd Ports,Emmafurt,Mississippi,Nigeria
816,Alexander,Gross,jacobjohnson@example.org,50061 Kimberly Run Apt. 915,Lake Elizabeth,West Virginia,Seychelles
817,Wendy,Henderson,xjones@example.com,296 Jessica Park,Amyshire,South Carolina,Oman
818,Shelia,Bryan,ireyes@example.com,7151 Kelly Roads,Russellmouth,Vermont,Namibia
819,Sean,Martinez,dawn93@example.net,800 Henry Mountains,Port Jeffreyfurt,Alaska,Vanuatu
820,Lacey,Davis,katherine96@example.net,595 Trujillo Squares Suite 636,Christinaburgh,Virginia,Vanuatu
821,Kevin,Barrera,achambers@example.org,0516 Katrina Wall Apt. 807,Garciaburgh,Florida,Brazil
822,Jennifer,Moore,jennifer23@example.net,7530 Pierce Light,South Dawn,Arizona,Panama
823,Steve,Brown,dylanwashington@example.com,409 Ramirez Ways,New Erik,Utah,Guinea-Bissau
824,Melissa,Carr,mccluredawn@example.net,664 Donald Shores,Edwardton,Massachusetts,Cayman Islands
825,Jennifer,Kim,woodwardsharon@example.net,90705 Amy Ridge Apt. 598,Rebeccachester,Arizona,Maldives
826,Mary,Hudson,osborneshane@example.net,40905 Miller Gardens,North Rogermouth,Florida,Zambia
827,Philip,Hernandez,lisafisher@example.net,06761 Lopez Street Apt. 905,South Meganside,South Carolina,Greece
828,Troy,Hensley,cummingsheather@example.net,0702 Burns Mews Apt. 623,New Sandrachester,Wisconsin,Jamaica
829,Vernon,Collins,cunninghamheather@example.net,903 Lawrence Streets Apt. 257,North Kellie,California,Bhutan
830,Christopher,Rodriguez,lopezjoseph@example.org,729 Shaffer Brooks,Williamsfort,Missouri,Portugal
831,Matthew,Zhang,paul80@example.net,3514 Barnes Mews Suite 285,Pattersonland,Rhode Island,British Indian Ocean Territory (Chagos Archipelago)
832,Russell,Wilkerson,qzuniga@example.org,9579 Mejia Circles,Leeberg,Maryland,Nepal
833,Denise,Mahoney,kharris@example.com,557 Holly Harbor,Port Kristy,Rhode Island,Vanuatu
834,April,Rice,bcarroll@example.net,8748 King Loaf,Vargasfort,Virginia,Hong Kong
835,Danielle,Strickland,christine56@example.net,7592 Moran Green Apt. 425,Wagnerhaven,Wyoming,Syrian Arab Republic
836,Ashley,Powers,andrew50@example.net,96456 James Ranch,Lake Rebeccatown,Georgia,Afghanistan
837,Brittany,Oconnor,cameronanderson@example.org,6847 Vanessa Loaf,Wheelerburgh,Hawaii,Czech Republic
838,Angela,Salas,stefanie65@example.net,9009 Cathy Vista,Thomasstad,Utah,Cuba
839,William,Jones,josehampton@example.com,37707 Kevin Islands Suite 194,West Kathleen,Florida,Grenada
840,Karen,Hudson,gwhite@example.net,007 Renee Street Suite 578,Port Christopher,Kansas,Singapore
841,Corey,Brown,michaelduffy@example.com,84401 Collins Port,North Brandon,Nevada,Fiji
842,Susan,Lopez,marissa86@example.org,622 Lisa Islands Suite 881,Beasleymouth,Minnesota,Benin
843,Matthew,Carter,hallkathryn@example.org,73335 Wright Mount,East Georgeton,Massachusetts,Guinea
844,Michael,Kirk,dillonzachary@example.net,244 Peterson Rue Suite 247,Francismouth,Tennessee,Chad
845,Jennifer,Dunn,ymartinez@example.com,412 Becky Divide,Johnsonport,North Carolina,Hong Kong
846,Sean,Holmes,marcus46@example.net,41437 Susan Bypass,South Jerryborough,Wyoming,Maldives
847,Rodney,Hamilton,zsanchez@example.com,888 Brenda Islands Suite 385,Haydenfurt,Vermont,Vietnam
848,Andrea,Walters,vfleming@example.com,90056 Katherine Fields,West Robert,Idaho,Uzbekistan
849,Michael,Cline,kennethporter@example.net,8507 Jennifer Lodge,South Danielland,Oregon,Botswana
850,Patricia,Kane,janice15@example.com,00698 Brown Ways Apt. 446,North Carlamouth,Georgia,Lao People's Democratic Republic
851,Rebecca,Coffey,whitakerchelsea@example.net,669 Cheyenne Mountain,Clayview,Idaho,Antigua and Barbuda
852,Laura,Ellis,desireecampbell@example.org,6446 Kenneth Points Apt. 171,Morrisbury,Maine,Libyan Arab Jamahiriya
853,Eric,Nelson,cdouglas@example.org,11789 Julie Estates Suite 970,Port Charlesside,Ohio,Argentina
854,Robert,Watson,joseph92@example.net,67755 Marshall Lodge,Portershire,Montana,Malta
855,Yvonne,Smith,evansnathaniel@example.net,23898 Deborah Mills Suite 480,Lesliefort,Massachusetts,Jordan
856,Julia,Lawrence,johnny87@example.org,6773 Smith Parks,North Michaelfort,Tennessee,Andorra
857,Brian,Osborne,rachel63@example.org,469 Turner Flats Suite 680,Holmestown,Alaska,Brunei Darussalam
858,Cristina,Williams,xmoses@example.com,05056 Laura Circle,East Ashley,Minnesota,Costa Rica
859,Katrina,Meyer,pbaxter@example.com,30304 Scott Pike Suite 666,Lake Brendabury,Minnesota,Sao Tome and Principe
860,Brittany,Morgan,ahester@example.org,6199 John Dam Suite 511,New Amanda,Pennsylvania,Kiribati
861,Ashley,Chung,mosskelsey@example.net,7033 Margaret Knolls,Ninafort,Massachusetts,North Macedonia
862,Jennifer,Gardner,david87@example.org,42591 Krueger Junction Apt. 631,Pattersonborough,Missouri,Pitcairn Islands
863,Adrienne,Henry,amber47@example.org,071 Erika Squares,Brittanyberg,Ohio,Angola
864,Edwin,Hall,jodi94@example.net,552 Wise Coves,North Waltertown,Michigan,Turks and Caicos Islands
865,Donna,Bautista,sjones@example.net,876 Sarah Ferry Suite 839,North Williamview,Hawaii,Paraguay
866,Steven,Rivera,xolsen@example.com,45367 Nicholas Harbors,East Christinaside,South Dakota,Namibia
867,Chelsea,Jones,yarias@example.com,1969 Beverly Canyon,West Joshua,Maryland,French Guiana
868,Phillip,Garcia,stephanielittle@example.net,479 Laurie Center,North Thomas,Alabama,Saint Pierre and Miquelon
869,Maria,Richards,sawyershawn@example.net,186 Schwartz Inlet Apt. 110,Lake Sherryburgh,Hawaii,South Georgia and the South Sandwich Islands
870,Kristy,Harrington,ygutierrez@example.com,156 Shawn Throughway,Michaelberg,Utah,Spain
871,James,Smith,melissajoyce@example.net,13157 Joseph Extensions,Patelhaven,Vermont,Singapore
872,Gerald,Carlson,taylorclark@example.net,57462 Wells Way Apt. 904,Davidtown,Iowa,Saint Vincent and the Grenadines
873,Aaron,Oconnor,cristina85@example.org,33648 Laura Mountain Apt. 172,North Kevinburgh,Oklahoma,Burundi
874,Margaret,Davis,tara94@example.org,467 Townsend Village Apt. 694,New David,Pennsylvania,Oman
875,Justin,Hull,amanda88@example.com,70556 Ryan Parkway,Stephenport,Texas,Jamaica
876,Andrea,Bradford,harrisscott@example.org,95032 Kendra Wells,West Kenneth,Ohio,Netherlands Antilles
877,Gregory,Nelson,jonesjoseph@example.net,96060 Davis Rapids Apt. 647,Lake Ashleymouth,Utah,Marshall Islands
878,Carrie,Hunt,crodriguez@example.org,7610 Katrina Mews,Edwardmouth,Pennsylvania,British Virgin Islands
879,Michele,Thompson,xli@example.net,48792 Steele Vista Apt. 106,Paultown,Virginia,New Zealand
880,Donna,Watson,michaelbrennan@example.com,23495 Medina Fort Suite 150,Elizabethport,Idaho,New Zealand
881,Donald,Newman,qhartman@example.net,1162 Morris Ford,Navarroberg,Iowa,Russian Federation
882,Margaret,Clark,julie60@example.com,0002 Carlos Cape Apt. 641,South Tami,Maine,Cocos (Keeling) Islands
883,Jesse,Crawford,ryan27@example.org,030 Jones Junctions Suite 854,New Christopher,Alaska,Rwanda
884,Carolyn,Whitaker,harriselizabeth@example.net,3699 Lauren Ford,Johnsonshire,Arkansas,Guatemala
885,Angela,Olson,galvandouglas@example.com,8508 Cummings Port,Garzashire,Tennessee,Hong Kong
886,Peter,Johnson,kimberly34@example.com,75372 Mcbride Curve,Lake Tylermouth,Hawaii,Antarctica (the territory South of 60 deg S)
887,Stephanie,Blair,umyers@example.net,2048 Jack Forge Apt. 746,New Aaronton,Pennsylvania,United States Virgin Islands
888,Miranda,Lewis,mcneilstephen@example.net,397 Patricia Ramp Suite 394,Haaschester,North Carolina,Western Sahara
889,Kelly,Morris,mikayla41@example.org,47278 Olivia Stream Suite 443,New Kaitlinville,Vermont,Gibraltar
890,Miguel,Stone,oross@example.org,5838 Joe Lights,Lake Samantha,West Virginia,Croatia
891,Bradley,Duncan,andersonmichael@example.com,0860 Conley Forks Apt. 946,New Adam,Kentucky,Pitcairn Islands
892,Bonnie,Petersen,sneal@example.org,6173 Diaz Way,Heatherview,Montana,Lesotho
893,Danielle,Navarro,erikajohnson@example.com,7456 Williams Via,South Corey,Alabama,Kiribati
894,Brittany,Duran,amymalone@example.net,652 Destiny Parkways,New Reginaldberg,Pennsylvania,Netherlands
895,Diana,Reed,willie65@example.org,68621 Karen Crossing,North Monicafurt,California,El Salvador
896,Sandra,Curtis,rhampton@example.org,776 Alan Lane,Michaeltown,Iowa,Congo
897,Charles,Lee,richard56@example.com,7805 Williams Plains Apt. 103,Fergusonside,Indiana,American Samoa
898,David,Harris,kdiaz@example.com,5836 Reeves Drives,Mollychester,Minnesota,Netherlands
899,Anthony,Vaughn,alexanderronald@example.org,98442 Zimmerman Creek Suite 405,South Jason,Nebraska,Moldova
900,Melissa,Swanson,gcollins@example.org,00078 Jeanette Fords,Lake Amberborough,South Dakota,Bangladesh
901,Michael,Russell,tracey35@example.com,24954 Washington Ways Suite 776,Lake Josephstad,Connecticut,Sierra Leone
902,Christopher,Harmon,walkerrobin@example.org,3083 Douglas Shores Suite 624,North Amber,Minnesota,Kazakhstan
903,William,Dyer,grayjason@example.net,779 Nicolas Underpass Apt. 488,Guzmanside,Pennsylvania,Yemen
904,Nicholas,Roth,melissachapman@example.com,06810 Jacobs Valleys Apt. 508,Adamtown,Tennessee,Tanzania
905,Michelle,Michael,stevenrhodes@example.org,474 Gardner Road,Lake Mariaburgh,North Dakota,British Indian Ocean Territory (Chagos Archipelago)
906,Stacy,Brooks,williamhall@example.net,07943 Stephen Neck Suite 747,Wrightmouth,New York,Reunion
907,Jeffrey,Harrell,elizabethgonzales@example.net,5272 Williams Knoll,Toddport,California,Greenland
908,Philip,Rodriguez,oaguilar@example.com,753 Pace Ridges Apt. 614,Lake Christopher,Utah,Thailand
909,Sean,Henry,kristencarpenter@example.net,286 Winters Forks,Lake Mitchell,West Virginia,Zimbabwe
910,Jenna,Smith,payneanthony@example.com,1880 Yolanda Lodge,South Chad,Wyoming,Cocos (Keeling) Islands
911,Joseph,Brown,frank95@example.com,412 Greg Row Suite 002,Jaimebury,Nebraska,New Zealand
912,Vincent,Spence,robinsonandrea@example.com,11994 Ashley Shores,South Shelly,Oregon,Liberia
913,Anna,Atkinson,zwright@example.com,811 Sparks Well Suite 336,Clarenceshire,Maryland,Armenia
914,Justin,Mendoza,morganpatrick@example.com,4932 Watson Meadow Suite 277,Lake John,Nevada,Liberia
915,Christopher,Sims,moodymegan@example.org,566 Perry Skyway,Lake Eric,Illinois,Sudan
916,Michael,Gonzalez,archerwarren@example.com,57596 Scott Way,South Dariusside,Arkansas,Congo
917,Vicki,Fleming,edwardsjohn@example.net,87088 Martinez Motorway Apt. 534,Port Angelaside,Mississippi,Oman
918,Alexandra,Newton,jennifer40@example.net,7872 Davis Gardens,New Monicashire,Massachusetts,Zimbabwe
919,Martin,Welch,brookslarry@example.org,44683 Anderson Fork,Hansenmouth,Hawaii,Heard Island and McDonald Islands
920,David,Fox,unewton@example.net,998 Christine Field,South Christopher,Utah,Zambia
921,Danny,Ramirez,beckertyler@example.net,77108 Teresa Parkway,Hudsonhaven,Indiana,Libyan Arab Jamahiriya
922,Don,Holden,troy84@example.com,3113 Brianna Villages,South Aaron,Wisconsin,Bouvet Island (Bouvetoya)
923,Tammy,Hayes,curtis20@example.net,589 Baker Fords Suite 263,Leonton,Arizona,Northern Mariana Islands
924,Jennifer,Lawson,fwalker@example.org,006 Oliver Spur Suite 169,Sharonfurt,Massachusetts,New Caledonia
925,Steven,Rivera,john61@example.com,416 Phelps Ridges Suite 465,Terristad,Vermont,Syrian Arab Republic
926,Leah,Pruitt,xholmes@example.com,0376 English Crescent,Joshuaborough,South Dakota,Martinique
927,Robert,Anderson,cody73@example.com,591 Flynn Light Apt. 039,Jennifershire,Pennsylvania,Jordan
928,Paul,Carter,leetanya@example.net,8728 Mark Villages Apt. 865,Mcdonaldborough,Arkansas,China
929,Caroline,Ward,qthomas@example.org,64147 Scott Loop,Brianburgh,Kentucky,Russian Federation
930,Shelia,Russo,rosalesjustin@example.org,799 Anna Street,Chavezmouth,New Jersey,Bangladesh
931,Suzanne,Jimenez,qbutler@example.com,23016 Jimenez Ridges,Jesusside,Connecticut,Bahamas
932,Jessica,Grimes,qmcintyre@example.org,22789 Angela Islands Suite 493,Walkerstad,Illinois,Samoa
933,Sarah,Ellis,johnstoncarrie@example.org,711 Alvarez Streets,Sharpmouth,Montana,Turkmenistan
934,Zachary,Sanchez,brandtjohn@example.org,20167 Rogers Unions Suite 024,Lake Williamton,Tennessee,French Southern Territories
935,Nicholas,Hopkins,williamstara@example.org,18796 Rivera Ferry,West Courtney,Kansas,Mozambique
936,Jessica,Savage,smaxwell@example.com,188 Wallace Plaza Apt. 956,Cindyland,Hawaii,Moldova
937,Teresa,Powell,barrettkevin@example.com,03838 Reese Flat Apt. 986,Lake Michaelport,Wisconsin,Ghana
938,Claudia,Owen,harveyjohn@example.com,78309 Kramer Route,Lawrenceberg,Arizona,Andorra
939,Zachary,Mcbride,zpowell@example.net,09511 Stevenson Neck Suite 081,Vincentside,Indiana,Bangladesh
940,Jennifer,Choi,nfox@example.org,9167 Jessica Walk,Kristenchester,Illinois,Iceland
941,Mitchell,May,scottangelica@example.com,9656 Donald Trail Suite 309,Robinsonville,New Mexico,Swaziland
942,James,Herrera,davidgonzalez@example.org,02058 Christina Green,North Chadtown,Georgia,Samoa
943,Steven,Odom,williamwright@example.net,58750 Pierce Street Suite 961,Joshuaville,New York,Moldova
944,Jonathan,Russell,erogers@example.net,5878 Laura Lodge Apt. 679,Pamelaton,North Dakota,Australia
945,Abigail,Hansen,stephanierodriguez@example.org,462 Lee Dam,South Jessica,North Carolina,South Georgia and the South Sandwich Islands
946,William,Meadows,rfleming@example.com,6647 Steven Via,South Joseph,Louisiana,Italy
947,Katie,Harrington,smithkristine@example.net,831 Jon Valleys Suite 411,North Bonnie,South Carolina,Barbados
948,Briana,Martinez,katieharper@example.com,3069 Sydney Drive,South Elizabeth,California,Germany
949,Kimberly,Lawrence,thomasdavid@example.org,75778 Moore Club,Katherineview,Hawaii,Guyana
950,Loretta,Ellis,fdawson@example.com,159 Leonard Prairie Suite 795,Schwartzchester,New Jersey,Tonga
951,William,Jefferson,johnsonfrank@example.com,4295 Cindy Camp Suite 049,Lake Christopher,Illinois,Romania
952,Kurt,Collins,walter27@example.org,263 Richard Drive,North Johnmouth,Utah,French Polynesia
953,Kim,Payne,nbarajas@example.com,6830 David Lake Apt. 060,Bergerstad,Pennsylvania,Guam
954,Laurie,Davis,boyerjessica@example.com,988 Christina Extensions,Lake Charles,Hawaii,Guinea-Bissau
955,Elizabeth,Thompson,smithjoy@example.com,170 Randall Island Apt. 474,Margaretmouth,Hawaii,Greece
956,Joanne,Clark,ivaldez@example.net,7878 Johnson Square Apt. 406,South Tiffany,Florida,Cape Verde
957,Mandy,Horton,oscar00@example.org,272 Edwards Light Suite 654,East Joelberg,Mississippi,China
958,Christine,Obrien,craigwhite@example.org,3729 Tabitha Haven Suite 124,New Kelly,Rhode Island,Cuba
959,William,Freeman,carolynchen@example.org,92315 John Pike,Andersenhaven,Maryland,Dominica
960,William,Butler,ihubbard@example.net,5375 Tyler Pine,Annamouth,Montana,Turkey
961,Nicholas,Price,amandaking@example.org,30952 Williams Views Suite 875,Davidburgh,Utah,Togo
962,Douglas,Wood,adampierce@example.net,138 Jeffrey Brooks,Port Marissaborough,New Mexico,Liberia
963,John,Chapman,steven60@example.com,99328 Nguyen Ports Apt. 510,Valenciafurt,Virginia,Isle of Man
964,Trevor,Hernandez,robinsonheather@example.org,26187 Jessica Branch,Davisland,New Mexico,Mozambique
965,Andre,Duncan,sherigolden@example.com,27787 Tiffany Curve Apt. 964,Vanessaville,Alabama,Holy See (Vatican City State)
966,Elizabeth,Garcia,amandamyers@example.net,894 Rachel Extensions,Gentrytown,West Virginia,Falkland Islands (Malvinas)
967,Lauren,Evans,michael42@example.net,90914 Paul Haven,Shannonside,Mississippi,Mauritius
968,Brittany,Gibbs,reginald22@example.com,4977 Shannon Flats,Lake Bradley,New Jersey,Saint Martin
969,Tamara,Jackson,debbiejoyce@example.org,1834 Weiss Manor Apt. 603,Herringland,West Virginia,Djibouti
970,Robert,Cooper,kgreer@example.org,6049 Scott Mews,Lake Justin,Florida,Hong Kong
971,Nathaniel,Hampton,kevin21@example.com,726 Jason Overpass,Collinsfort,Louisiana,Kazakhstan
972,Mike,Morris,tpitts@example.net,40533 Henry Flats Suite 123,Jenniferbury,Delaware,Zimbabwe
973,Timothy,Patton,thomasvictoria@example.net,248 Morrison Drives,North Justin,Virginia,Israel
974,Tony,Johnson,whitneymatthew@example.org,701 Rebecca Mill,Jameston,Ohio,Pitcairn Islands
975,Spencer,Williams,jonathanphillips@example.com,794 Ramirez Motorway Suite 221,East Brittneyville,Georgia,Greenland
976,Lauren,Guerrero,shannon23@example.org,972 Alvarado Trafficway,East Michelleberg,Florida,Cote d'Ivoire
977,Sara,Savage,jeremybenton@example.com,178 Collins Ford,Millsview,Michigan,Macao
978,Megan,Miller,isalazar@example.com,28125 Tracy Bridge,Lake Derektown,Louisiana,Andorra
979,Megan,Hester,toddhatfield@example.com,99844 Hoffman Terrace Apt. 340,Andrewfort,Rhode Island,Bangladesh
980,Jeremy,Lane,villanuevajeremy@example.com,965 Kayla Garden,West Juliechester,Florida,Niger
981,Joshua,Cruz,juliehawkins@example.org,122 Jessica Meadows,Lake Calebside,Missouri,Moldova
982,Jessica,Smith,armstrongkevin@example.org,56860 Henry Junction,New Shannon,Iowa,Maldives
983,James,Diaz,phyllislopez@example.com,2142 Smith Trail,South Lee,Indiana,Bouvet Island (Bouvetoya)
984,Kyle,Bowen,joy40@example.com,60500 Michael Throughway,Ronaldberg,Arizona,Benin
985,Michael,Nguyen,julia28@example.net,21783 Michael Camp,East Erica,Alaska,Puerto Rico
986,Jasmine,Wood,isutton@example.org,415 Taylor Bridge,Johnstontown,New Hampshire,Kuwait
987,Robert,Harmon,chensheri@example.net,356 Robin Vista,West Desiree,Colorado,Guyana
988,Anne,Gonzales,benjaminallen@example.net,02531 Samantha Island,Port Brandon,Louisiana,Syrian Arab Republic
989,Virginia,Ball,hestersamuel@example.com,62437 Thomas Falls,Carterstad,California,Swaziland
990,Aaron,Holland,rjohnson@example.org,0465 Ashley Pines Suite 084,South Cynthia,New Hampshire,Saudi Arabia
991,Theresa,West,lynnmanning@example.com,04792 Cowan Haven Apt. 930,Russellport,Idaho,Niue
992,Cheryl,Mckenzie,pthompson@example.org,4112 David Unions,New Daleshire,South Dakota,Czech Republic
993,Matthew,Walsh,daniellepatterson@example.net,28121 Jerry Fort Suite 942,Jeannefort,Mississippi,Gambia
994,Robert,Doyle,mcknightrichard@example.com,990 Tiffany Circle Suite 034,Woodwardport,Maryland,United States Virgin Islands
995,Joseph,Torres,rollinssherri@example.net,703 Nicholas Mission,New Denise,Iowa,Sierra Leone
996,Adriana,Williams,vduffy@example.com,954 Barber Ridges Apt. 763,West Michellemouth,North Dakota,Cyprus
997,Lauren,Thomas,penningtongregory@example.org,875 Scott Ports,Bradleymouth,Rhode Island,Nicaragua
998,Matthew,Ferguson,john62@example.net,4027 Shaffer Club,East Brandonport,Nevada,Namibia
999,Jeremy,Peterson,jeffreyschroeder@example.org,316 Ronald Inlet,Lake Barryport,Wyoming,Malaysia
1000,Kelly,Miller,gilmoreelizabeth@example.com,6486 Doyle Passage Suite 432,East Joshua,Massachusetts,Malawi
1001,Curtis,Meadows,christinahayes@example.org,50551 Hardin Unions,East Melanie,Texas,British Indian Ocean Territory (Chagos Archipelago)
1002,Mark,Garcia,davidsmith@example.com,8418 Matthew Plaza,New Craigburgh,California,Italy
1003,Scott,Hill,stephanie06@example.net,7370 Wilson Port Suite 873,Port Russell,Pennsylvania,Italy
1004,Danielle,Barry,jameswhite@example.net,368 Eric Walks Apt. 929,Karenborough,West Virginia,Lithuania
1005,Tara,Morris,lisa81@example.org,99945 Sexton Course Apt. 788,Michaelview,Utah,Lao People's Democratic Republic
1006,Jeremy,Campbell,buckjohn@example.com,877 Lauren View Suite 412,Mccallchester,Arkansas,Cote d'Ivoire
1007,Julia,Vaughn,omarshall@example.com,16076 Megan Mission,New David,Oregon,Malta
1008,Desiree,Garcia,smithmatthew@example.org,23525 Carol Mission,Theresaside,Tennessee,Tonga
1009,Jacqueline,Ochoa,ipollard@example.net,5912 Cobb Island Suite 003,South Tyrone,Wyoming,Holy See (Vatican City State)
1010,Robert,Johnson,cardenasmelanie@example.net,65913 Holt Canyon,Lorettafurt,Maine,United States Virgin Islands
1011,Richard,Rodriguez,gary77@example.net,283 Sanders Shore Suite 216,Jamesmouth,Utah,Bulgaria
1012,Alyssa,Hurst,michaelsmith@example.net,470 Cooper Streets,Jeffreyview,Nevada,Cambodia
1013,Brandon,Osborne,fisherjoseph@example.com,4252 Richards Pike Suite 212,Bakerfort,Connecticut,Haiti
1014,Devin,Fry,torreswanda@example.net,5055 Cory Ports Apt. 761,Santiagoburgh,Virginia,British Indian Ocean Territory (Chagos Archipelago)
1015,George,Patel,gcole@example.com,4545 James Crest,Andreahaven,New Jersey,Maldives
1016,Holly,Sanchez,dsteele@example.com,95083 Wong Brooks,Dennishaven,Ohio,Lao People's Democratic Republic
1017,Jennifer,Smith,bjohnson@example.com,0662 Daniel Pass,South Natalie,New Jersey,Saint Barthelemy
1018,Andrew,Carter,fwilliams@example.net,0257 Carter Estates Apt. 822,West Patriciaberg,Arkansas,Slovenia
1019,Arthur,Jones,schultzlauren@example.com,5555 Romero Corner Suite 070,Tylerbury,Idaho,South Africa
1020,Julia,Coleman,andrewcruz@example.net,69405 Leon Walk,Barberstad,Virginia,Venezuela
1021,Kayla,Mcdonald,jordankristin@example.com,006 Wendy Causeway,Christopherstad,Arkansas,Lebanon
1022,Kathleen,Brooks,norrismichael@example.com,926 Payne Ridge,Dawsonbury,Michigan,Solomon Islands
1023,Carol,Horton,whitedavid@example.com,942 Michael Loaf Suite 998,Port Lauren,Maine,Aruba
1024,Charles,Harris,morrisonjames@example.org,5789 Brown Garden Apt. 687,West Caitlynport,Massachusetts,Palau
1025,Paul,Marquez,pageheather@example.net,67515 Gibbs Spurs Apt. 655,North Benjamin,Connecticut,Aruba
1026,Jason,Escobar,alexandra83@example.org,13588 Nelson Summit Apt. 607,East Seth,Nevada,Antarctica (the territory South of 60 deg S)
1027,Haley,Smith,deborahpatton@example.com,093 Patterson Crest,Port Kayla,Colorado,Suriname
1028,Derrick,Jones,teresamartin@example.net,1021 Steven Forge,South Victor,Alaska,Sweden
1029,Matthew,Sanchez,wandawalsh@example.net,8602 Paul Dam Apt. 140,New Stephenhaven,Kentucky,Guam
1030,Elizabeth,Lane,gwhitehead@example.com,667 Robinson Mews,New Nicolehaven,Colorado,Greenland
1031,Robert,Flores,brittany70@example.net,057 Frey Dale Suite 769,Port Brianburgh,Ohio,American Samoa
1032,Jason,Archer,nathanboyd@example.com,518 Jeffrey Ridges Apt. 885,North Ronnieshire,Colorado,Grenada
1033,Julia,Ford,qwilliams@example.net,7852 Campbell Pines,Seanchester,Alabama,Taiwan
1034,Claudia,Lopez,acooley@example.net,4775 Rowland Squares Suite 480,Wilsonfurt,Kentucky,Lesotho
1035,Sarah,Coleman,estradabrianna@example.net,5452 Meredith Tunnel Apt. 379,South Randy,California,Kazakhstan
1036,Daniel,Pham,valerie24@example.net,830 Martin Meadows,Lake Aprilburgh,Nebraska,China
1037,Megan,Castro,rmartin@example.com,10279 Lisa Village,Parkerfort,Iowa,Senegal
1038,Diane,Miranda,michaelcuevas@example.net,79552 Mendoza Mills Apt. 177,New Jeremy,Indiana,Suriname
1039,Austin,Bridges,linda18@example.org,59747 Jeffrey Fall Suite 856,Lake Candace,Alaska,British Indian Ocean Territory (Chagos Archipelago)
1040,Adam,Cunningham,marquezcrystal@example.org,92117 Bowers Canyon,Wolfborough,Louisiana,Brazil
1041,Craig,Weaver,jennifer86@example.org,658 Jones Loop Apt. 552,West Richard,Iowa,France
1042,Kathy,Espinoza,lunarobert@example.org,45834 Greer Plains,Hughesburgh,Maine,Nigeria
1043,Marie,Mccormick,gordonjeffery@example.com,69622 Phillip Vista Suite 407,South Joshua,Alaska,Monaco
1044,James,Gonzalez,jack78@example.com,71907 Hess Pines,Port Sharon,South Dakota,Malta
1045,Robin,Walls,erika81@example.org,9790 Cochran Orchard,Brandonport,Massachusetts,Italy
1046,Christine,Singh,hernandezamanda@example.org,21176 Diane Prairie,North Robinville,Missouri,Mali
1047,Denise,Neal,ehoward@example.org,779 Erika View,Lake Adam,Florida,Saint Kitts and Nevis
1048,Andrew,Stanley,nwilliams@example.com,82435 Michele Stravenue,Stephaniemouth,Alaska,Jersey
1049,April,Carrillo,norrisemily@example.net,5012 Torres Inlet Apt. 610,Moorechester,Arizona,Thailand
1050,Stephanie,Chapman,carolynwright@example.com,5826 Robert Groves Suite 826,Port Brendaport,Alaska,Madagascar
1051,Duane,Adams,suzanne03@example.com,910 Hoffman Cliffs Apt. 652,Michaelberg,West Virginia,Mongolia
1052,Samantha,Glover,tharris@example.org,9521 Kelley Harbor Suite 589,East Trevor,Connecticut,Mongolia
1053,Robert,Martin,brodriguez@example.com,6332 Anthony Track Suite 504,Burgessbury,Hawaii,Netherlands
1054,James,Nguyen,fraziermichael@example.com,548 White Mall Apt. 988,Shermanfort,New Jersey,Ghana
1055,Joshua,Maldonado,kennethking@example.net,15191 Julia Mission,Ricardofurt,Hawaii,New Caledonia
1056,Charles,Lyons,leepatrick@example.org,93517 Snow Hills,Lake Ryanview,Utah,Libyan Arab Jamahiriya
1057,James,Moore,qkramer@example.net,380 Holden Hollow,New Joeton,Missouri,Guinea-Bissau
1058,Kelly,Davis,dortiz@example.org,40566 Zimmerman Squares Suite 020,Cervantesfort,West Virginia,United Arab Emirates
1059,Sean,Soto,qstewart@example.org,336 Figueroa Stravenue,Kevinfort,Colorado,Uzbekistan
1060,Jacob,Rogers,james76@example.org,32422 Cameron Tunnel Suite 070,Lake Benjamin,Wyoming,Cocos (Keeling) Islands
1061,Jennifer,Preston,ericamiller@example.org,705 Sandra Lodge,North Ronaldport,Texas,Cayman Islands
1062,Amy,Murphy,parsonspamela@example.com,37403 Hill Dam,Petersonland,Alaska,Senegal
1063,Jon,Sampson,robert40@example.org,40839 Beth Unions,South Veronicabury,Iowa,Costa Rica
1064,James,Strickland,kevin23@example.org,27941 Mcbride Ranch,Ashleyberg,North Carolina,Tunisia
1065,Caitlin,Boyle,ericapratt@example.com,853 David Parkways Suite 262,Contrerasmouth,Hawaii,Timor-Leste
1066,Amy,Wiley,brenda73@example.org,642 Elliott Inlet,Piercestad,Alaska,Belarus
1067,Troy,Hall,allenlisa@example.org,7678 Robert Roads,South Margaretberg,Oklahoma,Iceland
1068,Michelle,Blankenship,gabriellaellison@example.net,382 Manning Streets Suite 545,Lake Johnborough,Michigan,Mexico
1069,Shelby,Anderson,egamble@example.net,3288 Jones Run,Jessicaburgh,West Virginia,Western Sahara
1070,Kaitlyn,Parker,dianeshaw@example.com,0179 Brittney Ford Suite 921,Marshview,Rhode Island,Togo
1071,Devin,Tran,travis43@example.net,592 Terri Island Apt. 695,Vincentport,Virginia,Guinea-Bissau
1072,Mitchell,Porter,kpoole@example.net,1611 King Fords,West Williamport,Iowa,Mexico
1073,Ronald,Morse,rogersmichael@example.org,774 Woods Ways Suite 084,Douglasbury,Ohio,Madagascar
1074,Ryan,Parks,tara29@example.net,5729 Elizabeth Ridges,Waynefort,South Dakota,Gabon
1075,Vincent,Mcbride,kjackson@example.com,30396 Taylor Prairie Apt. 574,Michaelburgh,Oregon,Morocco
1076,Mark,Johnson,jamesparker@example.com,5842 Frank Meadow Suite 756,East Matthewland,Vermont,Puerto Rico
1077,Brittany,Garcia,lori72@example.org,84224 Melissa Underpass Apt. 045,North Donaldborough,Delaware,Saint Helena
1078,Lori,Cardenas,jfrancis@example.com,508 Micheal Cliffs,Port Brian,North Dakota,Monaco
1079,Angela,Mcgee,desiree99@example.com,892 Mercedes Roads,Patrickmouth,Connecticut,Mozambique
1080,Mariah,Gibbs,dylan68@example.org,91684 Patrick Park,West Brian,Hawaii,Bulgaria
1081,Chris,Miller,apatterson@example.com,8594 Bauer Brooks Suite 765,Castrobury,Louisiana,Uzbekistan
1082,Devin,Ramirez,scottkrueger@example.org,9450 Norman Crossroad,West Ruth,Indiana,Greece
1083,Sheri,Hansen,crystal55@example.com,77516 Melissa Row,Brianborough,Indiana,Western Sahara
1084,Eugene,Brennan,gerald66@example.com,0533 Valdez Summit,Port Lynn,Vermont,Bermuda
1085,Travis,Hunter,dpeterson@example.com,991 Strong Roads Apt. 391,Port Samuelchester,Arizona,Congo
1086,Elijah,Brown,michael55@example.com,5240 Adams Plains,Chambersmouth,Oklahoma,Bolivia
1087,Troy,Curtis,jeffrey23@example.com,9008 Robert Mews Apt. 655,Michaelmouth,North Dakota,North Macedonia
1088,Nathan,Leon,velezvanessa@example.org,10905 Banks Grove Apt. 791,Martinstad,Alaska,Northern Mariana Islands
1089,Walter,Jones,jenniferjohnson@example.org,9528 Tammy Common Apt. 808,Wileyburgh,Indiana,Aruba
1090,Alex,Roach,melissa11@example.org,68364 Angela Ville Suite 391,East Andrew,Arizona,Equatorial Guinea
1091,Christopher,Martin,connormartin@example.net,22034 Dougherty Forest,Tracyburgh,Hawaii,Uganda
1092,Caleb,Garcia,usanchez@example.com,203 Chavez Fork Apt. 814,New Louisshire,Hawaii,Yemen
1093,Tracy,Kidd,jesseryan@example.net,7346 Jacqueline Roads Suite 513,New Michael,Texas,Macao
1094,Amanda,Monroe,alicia78@example.net,6704 Cynthia Row Suite 474,North Donald,Alaska,Eritrea
1095,Samuel,Jordan,kimguerra@example.net,3494 Mendoza Gateway Suite 076,Antoniohaven,Minnesota,Kazakhstan
1096,Emily,Lee,pmills@example.org,0268 Arthur Branch,East Markburgh,Iowa,Somalia
1097,Linda,Klein,charleswalters@example.net,158 Perry Valley Apt. 496,Valeriestad,Minnesota,Thailand
1098,John,Brown,boyermitchell@example.net,667 Conway Union Suite 609,East Cynthiahaven,Delaware,Czech Republic
1099,Matthew,Miller,kwhite@example.com,8838 Zachary Island,Rodriguezmouth,Oklahoma,Djibouti
1100,Joshua,Norman,lindsayfisher@example.com,3344 Atkins Squares,Wiseshire,Florida,Tanzania
1101,Michelle,Cox,landerson@example.net,5393 Emily Camp Apt. 678,Robertberg,North Dakota,Solomon Islands
1102,Brandi,Dunn,tanyajackson@example.com,914 Brown Forges,South Dennisville,Vermont,Paraguay
1103,Robert,Howard,tmolina@example.net,6726 Yang Camp Suite 272,Changborough,North Dakota,Jersey
1104,Ryan,Brown,kim82@example.net,81326 Roberts Meadows,Schultzhaven,Maryland,Puerto Rico
1105,Patricia,Barnett,alvinlong@example.com,795 Travis Wall Suite 698,Elizabethstad,North Dakota,Palestinian Territory
1106,Tara,Sanchez,evelynpark@example.net,61555 Horne Walk,North Margaret,Washington,Jersey
1107,Kimberly,Lee,victoria94@example.net,610 Mcdaniel Light Apt. 062,Amandaville,Virginia,Lesotho
1108,Brent,Obrien,williamscole@example.org,452 Amanda Lodge,Newtonbury,Arkansas,Benin
1109,Daniel,White,cohenblake@example.com,495 Hooper Harbors,Amandahaven,Kansas,North Macedonia
1110,Pamela,Hall,jessica87@example.net,01967 Brenda Plaza,East Patricia,Colorado,Luxembourg
1111,Courtney,Frank,david55@example.net,76105 Brian Spring Suite 969,North Kimberly,Tennessee,Pakistan
1112,Megan,White,boydcraig@example.net,38768 Elizabeth Mills Apt. 418,New Christopher,North Dakota,Svalbard & Jan Mayen Islands
1113,Richard,Frye,garytyler@example.com,2979 Harrison Light,North Charlottebury,Florida,Croatia
1114,Roger,Gonzalez,uharris@example.com,48063 Bobby Summit,Port Lindseymouth,Alaska,Chad
1115,Roberto,Bennett,rachael19@example.com,436 Henson Road Apt. 553,East Stephen,Maryland,Uruguay
1116,Sarah,Campbell,billyjackson@example.com,2445 Jeremy Meadow Apt. 676,Joshuahaven,Mississippi,Korea
1117,Mitchell,Griffin,donnabennett@example.net,7324 Kenneth Radial,New Seanmouth,New Jersey,Falkland Islands (Malvinas)
1118,Heather,Peters,hernandezfrancis@example.org,3178 Walls Greens,New Tomborough,Maryland,Equatorial Guinea
1119,Daniel,Ramirez,dana38@example.org,299 Susan Loaf,Robintown,Oklahoma,Antarctica (the territory South of 60 deg S)
1120,Nicholas,Kelly,kevin48@example.net,400 Stone Skyway,South Aaron,Illinois,Morocco
1121,Cynthia,Hudson,myersdustin@example.com,23801 Weber Spur Apt. 424,Lake Jesse,Alabama,Montserrat
1122,Kyle,Grant,uarroyo@example.com,809 Smith Mountains Apt. 912,West Alexborough,Indiana,Saint Helena
1123,Jacqueline,Moody,nelsonchristopher@example.org,9490 Patrick Spring,Herreraview,Colorado,Oman
1124,Joseph,Allen,stephanie50@example.net,87319 Price Isle,Port Patrick,North Dakota,Singapore
1125,Caitlin,French,robertdaniels@example.com,03557 Durham Spurs Suite 076,Michelleview,Louisiana,Seychelles
1126,Zachary,Walsh,arielguerrero@example.com,374 Kelsey Crescent,Edwardsport,South Dakota,Tokelau
1127,Lynn,Allen,ecastillo@example.com,47911 Clark Plaza Apt. 690,Lake Brian,Washington,Congo
1128,Ashley,Mathews,walter31@example.org,8264 Charles Road Apt. 592,Eatonchester,Kansas,Guadeloupe
1129,Stephanie,Chapman,laura73@example.com,69218 Kristin Extensions Apt. 781,Carlsonborough,Wyoming,Honduras
1130,Katie,Alvarez,greensteven@example.org,2224 Caleb Track Suite 749,Danamouth,Kansas,Libyan Arab Jamahiriya
1131,Juan,Fuller,davenportdaniel@example.org,88465 Ashley Crest,West Daniel,Alabama,American Samoa
1132,Tina,Miller,khurst@example.org,311 Hansen Tunnel,South Levitown,Wisconsin,Algeria
1133,Benjamin,Zamora,jamielewis@example.com,6859 Jennifer Street,North Allison,Michigan,Jordan
1134,Bradley,Rogers,lee56@example.com,032 Garcia Trail,West Christopherfurt,Missouri,Grenada
1135,Sean,Joyce,fmontgomery@example.com,147 Gordon Viaduct,Shanetown,Arizona,Saint Kitts and Nevis
1136,Joseph,Bailey,hansonandrew@example.net,4905 Martin Viaduct,Lake Christineville,South Dakota,Qatar
1137,Samantha,Finley,ellenfitzgerald@example.com,062 Sue Mill Apt. 886,Phyllisbury,Oregon,Haiti
1138,Maria,Newman,brittney68@example.net,2857 Roberts Prairie,Bradyburgh,Delaware,Honduras
1139,Zachary,Lewis,mcruz@example.net,064 Robin Ports Apt. 796,Port Ronald,South Carolina,Poland
1140,Thomas,Wilson,davisjoseph@example.org,61310 Wilson Knoll,New Mariah,South Dakota,Sierra Leone
1141,Lisa,Richardson,kristin47@example.com,6583 Jones Squares Apt. 378,West Tonyashire,Montana,Netherlands Antilles
1142,Brandy,Robertson,smendoza@example.org,41902 Kayla Burgs Suite 941,South Nicole,California,Norfolk Island
1143,Elizabeth,Adams,pturner@example.com,1986 Robert Mission Apt. 800,Kellyfurt,South Carolina,South Africa
1144,Gregory,Henson,lauren40@example.org,289 Oneill Overpass,Johnsonton,Hawaii,Honduras
1145,Erik,Cunningham,brownlaurie@example.net,0567 Burgess Spurs Suite 654,Port Theresa,Maryland,Haiti
1146,Sharon,Hayden,jgray@example.org,41284 Christopher Park Apt. 475,Joshuamouth,North Dakota,Croatia
1147,Kimberly,Mitchell,davenportheather@example.org,278 Gibson Inlet Suite 796,New Tanyatown,West Virginia,Suriname
1148,Thomas,Page,hrodriguez@example.com,862 Thomas Vista Apt. 968,Jonesshire,Tennessee,Tokelau
1149,Vickie,Nunez,mark71@example.org,85515 Newman Creek,Saraland,Nebraska,Reunion
1150,Erica,Ryan,russellsusan@example.org,67402 Ryan Canyon,Lake Danielshire,Texas,Belgium
1151,Francisco,Campbell,znolan@example.net,9158 Jessica Harbors Apt. 835,East Elizabethfort,Pennsylvania,Kuwait
1152,Dawn,Maldonado,johnsonjacob@example.net,57329 Henson Wells,New Melody,Wisconsin,Anguilla
1153,Jessica,Garcia,renee45@example.org,458 Desiree Plain Apt. 972,North Adamland,Tennessee,Suriname
1154,Michael,Alvarez,ginavillarreal@example.com,1221 David Mills Suite 882,North Jose,Wyoming,Kyrgyz Republic
1155,Shelia,Stafford,rebecca00@example.com,64385 Wyatt Lakes Suite 705,North Kelsey,Georgia,Togo
1156,George,Cohen,victoria87@example.com,448 Snyder Village,Port Gregoryhaven,California,Suriname
1157,Lisa,Dixon,mary72@example.org,38912 William Plains Apt. 802,North Laura,California,Nepal
1158,Jennifer,Carter,christopherbrown@example.com,553 Christopher Locks,Port Tom,Maryland,United States of America
1159,Joshua,Ayala,brownsonya@example.net,167 Courtney Spur,North Bob,Oklahoma,Western Sahara
1160,Andrew,Peterson,christophergaines@example.net,077 Perez Lock Suite 917,West Nicoleside,Alaska,Peru
1161,Ronald,Miller,justinking@example.com,70426 Dalton Club Apt. 351,Cardenasstad,Iowa,Swaziland
1162,Nathan,Martinez,thompsonpamela@example.com,369 Preston Canyon Apt. 634,Dianafort,Florida,Saint Helena
1163,Michael,Mccormick,ocole@example.net,6467 Miller Crescent,Jennifertown,New Hampshire,Hong Kong
1164,Megan,Walsh,fcabrera@example.net,655 Cooper Throughway Apt. 701,South Alice,Illinois,New Zealand
1165,Sean,Arnold,wwall@example.org,345 Thomas Fords,Austinbury,South Dakota,Cameroon
1166,Alexandria,Smith,omcgee@example.org,07966 Robert Manor,Danielsland,Michigan,Jersey
1167,Anthony,Oneal,mariarodriguez@example.net,5682 Brittany Shoals,North Jessica,Arkansas,Tajikistan
1168,Randall,Murphy,qfoster@example.net,5221 Ellis Green Suite 948,Mayoberg,South Carolina,Belize
1169,Leslie,Rodriguez,diana31@example.com,146 Roberts Vista Apt. 990,South Randy,Missouri,United States Minor Outlying Islands
1170,Taylor,Rivera,kimberlyanderson@example.org,427 Campbell Springs Suite 849,Gonzalesland,Missouri,Bermuda
1171,Howard,Proctor,emiller@example.org,84045 Jaime Manor,Annashire,South Carolina,Nepal
1172,Stephanie,Davis,carrollcassandra@example.com,555 Allison Parkways Apt. 685,Lake Marie,California,Croatia
1173,Megan,Ramos,amy27@example.net,7736 Alvarez Mount,East Wendy,Arkansas,Kazakhstan
1174,Angela,Turner,nrichmond@example.com,403 Cook Crest Apt. 069,South Diane,Louisiana,Solomon Islands
1175,Evan,Anderson,stephanie87@example.com,15931 Torres Lodge,South Edward,Florida,Panama
1176,Jose,Dickerson,kristen26@example.org,45568 Shawn Fields Apt. 505,Davisburgh,South Dakota,Vietnam
1177,Suzanne,Graham,ashleyingram@example.net,31913 Christine Square Apt. 550,East Christopher,Alaska,Mali
1178,Jennifer,Howell,richard99@example.com,45003 John Heights Apt. 792,Brucetown,Tennessee,Taiwan
1179,Judith,Nelson,ebright@example.com,991 Anne Freeway,Lake Melissaview,Minnesota,Uzbekistan
1180,Leslie,Zhang,johnsonkenneth@example.net,365 Lopez Mission,Jamestown,Connecticut,Kenya
1181,Jennifer,Savage,icunningham@example.com,407 Farley Point Suite 522,South Kelli,Hawaii,United States Minor Outlying Islands
1182,Natalie,Henry,robin75@example.com,69876 Baker Street Apt. 840,New Cynthiaburgh,Hawaii,Belarus
1183,Seth,Dalton,snydermariah@example.net,712 Schroeder Trail Apt. 379,Allenmouth,Maryland,Cocos (Keeling) Islands
1184,Donna,Salas,thompsonkara@example.net,926 Melton Freeway,Anthonystad,Wisconsin,Czech Republic
1185,Matthew,Lopez,pjames@example.org,426 Palmer Groves Suite 402,Ricardoside,Oklahoma,Lesotho
1186,Joshua,Wagner,nmartinez@example.org,09234 Luke Hill,Gateschester,Arkansas,American Samoa
1187,Eric,Diaz,donnabennett@example.net,02077 Jasmine Island,Darrellmouth,Oregon,Turkmenistan
1188,Cynthia,Le,loricarroll@example.com,05254 Cowan Roads,South Ronald,Ohio,Turkey
1189,Michelle,Henry,bpeters@example.net,98496 Pamela Inlet,New Christopherland,North Dakota,Falkland Islands (Malvinas)
1190,Andrea,Marsh,paula41@example.net,88259 Cummings Plain,Tracyville,New Jersey,Suriname
1191,Cory,Moss,katrinapatel@example.net,3695 Matthew Manors Apt. 052,New Amanda,Arkansas,Saudi Arabia
1192,Erika,Anthony,mnorman@example.org,573 Morgan Trace,Thomasshire,Nevada,Guadeloupe
1193,David,Wallace,millertammy@example.org,426 Ward Course,West Travisborough,Alaska,El Salvador
1194,Sierra,Aguirre,jamesflores@example.com,2019 Rebecca Shores,Wallbury,Illinois,Western Sahara
1195,Crystal,Rodriguez,garcianicholas@example.com,95679 Williams Center,Savageborough,Michigan,Armenia
1196,Diane,Reed,wendymay@example.net,58104 Powers Knoll,Port Bonnie,New Hampshire,Mayotte
1197,Ronald,Anderson,kellydaniel@example.net,2923 Ray Center,Hickston,New Jersey,French Southern Territories
1198,Gina,Lopez,michellelewis@example.net,8043 Leach Circles,North Jacobton,Arizona,United States of America
1199,Bradley,Martin,qsharp@example.net,51396 Manning Spur Apt. 846,South Joshua,Hawaii,Spain
1200,Paula,Decker,robert11@example.org,816 Jacob Ramp,Meganstad,West Virginia,India
1201,Jasmine,Williams,johnsonheather@example.org,59861 Jackson Station Apt. 498,Wellsmouth,Oklahoma,Mozambique
1202,Katie,Anderson,lallen@example.net,9875 Jennifer Key,South Victoriaburgh,Idaho,Dominican Republic
1203,Debra,Rodriguez,brownrhonda@example.com,1216 Nicole Estate,Ericborough,Delaware,Mayotte
1204,Christopher,Bryant,johnsoncarla@example.com,6241 Terrell Harbors,Danielburgh,Alaska,Estonia
1205,Karina,Pratt,maria33@example.com,7066 Aaron Mission Apt. 805,Lake Deanna,Ohio,Nigeria
1206,Krystal,Byrd,annaalvarez@example.org,16355 Ward Camp,Jacquelinefort,Wyoming,Albania
1207,Christine,Stephenson,nathanielcline@example.org,526 Oneill Landing,Daniellefort,Montana,Western Sahara
1208,Julie,Miller,anthonyandrew@example.org,94552 Christopher Rue Apt. 272,East Dylanfurt,Missouri,Saint Martin
1209,Michael,Sullivan,garzawilliam@example.net,5822 Green Place,Davisborough,Nebraska,Morocco
1210,Rodney,Moses,gonzalezjoann@example.com,3794 Walker Fords,Sloanfurt,Iowa,Comoros
1211,Corey,Jennings,marciahahn@example.org,90082 Santos Greens Suite 723,West Anthony,Connecticut,Algeria
1212,Eric,Simon,zwilcox@example.net,886 Weaver River,North Charlesside,Connecticut,Dominican Republic
1213,Jennifer,Mitchell,hayesrachel@example.org,7370 David Lane,Bryantmouth,West Virginia,Seychelles
1214,William,Rodriguez,matthewtodd@example.org,92336 Jackson Squares Apt. 843,Laurafurt,Nebraska,Djibouti
1215,Anthony,Ferguson,hamptonmichael@example.org,57201 Fisher Street,Duncanland,Washington,Chad
1216,Adam,Edwards,kennethholder@example.com,8410 Rebecca Course,Ramosmouth,New Mexico,Oman
1217,Andrew,Williams,marissahamilton@example.net,248 Parks Village,Brettfort,Oklahoma,Georgia
1218,Brian,Gregory,jared53@example.net,199 Jeremy Grove,West Ginaberg,Kansas,Bermuda
1219,Joseph,Bryant,richardjohn@example.org,8506 Jimenez Rapids Apt. 922,Port Jamesfort,Nebraska,Eritrea
1220,Barbara,Riley,christianadams@example.net,25162 Chaney Ridges Apt. 297,Christopherstad,New Jersey,Andorra
1221,Laura,Turner,foliver@example.com,820 Sandoval Stravenue,South Donaldside,Washington,Guatemala
1222,Kelly,Lee,deborah63@example.org,7959 Andrews Center,South Jennifer,Rhode Island,Norway
1223,Pamela,Johnson,veronica41@example.net,64586 Sparks Neck,West Megan,Idaho,Guyana
1224,Shelley,Bernard,anthony88@example.org,686 Amber Shore,South Mark,Maryland,Bhutan
1225,Alyssa,Atkins,ashley66@example.com,2317 Landry Courts Apt. 605,Markbury,Pennsylvania,Honduras
1226,Lauren,Bates,ystevenson@example.org,300 Martin Villages,Lake Stanleymouth,South Dakota,China
1227,Megan,Adams,tomanthony@example.com,5706 Cooper Mountain Suite 500,Davisfurt,Minnesota,Hong Kong
1228,Jessica,Brown,iochoa@example.org,44239 Watkins Via,Cummingsview,New Mexico,Nigeria
1229,Cole,Lowery,cortezrebecca@example.com,36829 Torres Spurs,West Christineland,Nebraska,Cuba
1230,Omar,Pace,christensenmiranda@example.org,4815 Fleming Camp,West Yvonne,North Dakota,Saint Barthelemy
1231,Gina,Nunez,sethblake@example.net,2058 Traci Spring,Thomasberg,West Virginia,Guernsey
1232,Jeffrey,Lopez,alan05@example.org,44620 Kennedy Keys,North Scott,Massachusetts,Kazakhstan
1233,David,Rush,glen53@example.com,674 Ortiz Stravenue Suite 326,Lake Kellimouth,Delaware,Albania
1234,Leslie,Dixon,tammycabrera@example.org,393 Claudia Ville Suite 777,North James,Oklahoma,Netherlands
1235,Brandon,Brown,reesesylvia@example.net,89349 Jones Extensions Apt. 151,New Holly,Oregon,Mozambique
1236,Samantha,Silva,brianparker@example.com,52389 Shelton Brook Suite 687,East Ashleyshire,Virginia,Vietnam
1237,Matthew,Lozano,amypoole@example.com,6338 Patricia Ville,Poncemouth,Connecticut,Ukraine
1238,Megan,Richards,stephaniesmith@example.com,015 Carson Park,South Dawn,North Dakota,French Polynesia
1239,Rachael,Cannon,williamlambert@example.com,394 Caitlin Mountains,Danielmouth,Pennsylvania,Indonesia
1240,Justin,Chen,sandra45@example.net,903 Brooke Cliff Apt. 242,Annton,Delaware,United States of America
1241,Eric,Webb,jstanley@example.net,27406 Wilkinson Islands,Haynesfort,North Carolina,Armenia
1242,Craig,Edwards,palmerlaura@example.net,97774 Joseph Drive,Lake Angela,Alabama,Moldova
1243,Kristin,Crawford,hollydavis@example.org,0584 Carolyn Prairie Suite 121,Andreaton,Kentucky,Mexico
1244,Maria,Wilson,georgegonzalez@example.net,08674 Melissa Route Suite 005,Smithhaven,Kansas,Solomon Islands
1245,Christine,Shields,baileysteele@example.net,0376 Owen Estates,New Charles,New Hampshire,Senegal
1246,Ryan,Roberts,frankharper@example.org,10012 Douglas Drive Apt. 761,North Sean,Ohio,Italy
1247,George,Price,xramos@example.org,50400 Huff Junctions Suite 045,West Jorge,Oklahoma,Sweden
1248,Grace,Coleman,llewis@example.com,8009 Bryant Lane,Annborough,Missouri,Canada
1249,Taylor,Tucker,nwright@example.com,2683 Galvan Place Suite 765,Lake Nicole,Nebraska,Jordan
1250,James,Bowman,jerrydiaz@example.org,15141 Kathryn Ville Apt. 981,East John,Nebraska,Guam
1251,Rebecca,Meyer,thompsonhannah@example.com,081 Hawkins Roads Suite 974,Perkinsville,Wyoming,Guam
1252,Rebecca,George,snelson@example.net,75651 Parker Club,Danielston,Louisiana,Norfolk Island
1253,Sheila,Johnson,ajones@example.org,195 Rodriguez Spur,Port Kellyshire,Massachusetts,Belgium
1254,Joseph,Chan,julie21@example.com,70544 Moore Pass Apt. 401,West Christinaview,Illinois,Uzbekistan
1255,Eric,Watson,hayesmelissa@example.net,760 Mcclain Prairie,Hickmanborough,Wyoming,Netherlands
1256,Robert,Saunders,barbarakirk@example.org,77167 Michael Tunnel,Michaelbury,Pennsylvania,Guernsey
1257,Nancy,Flores,georgepatel@example.org,93249 Marshall Union Apt. 549,South Johnathanborough,Kentucky,Cook Islands
1258,James,Collins,sross@example.net,906 Brian Gateway,East Kristenborough,New York,Mexico
1259,Ryan,Smith,matthewdavis@example.org,6164 Cherry Estate Apt. 061,East Kathleenview,Ohio,Guinea
1260,Craig,Johnson,williamrobinson@example.net,59059 Ballard Avenue,South Laurastad,North Carolina,South Africa
1261,Kristen,Hayes,miranda32@example.com,9546 Brent Creek Apt. 425,East Jenniferhaven,Kentucky,Malta
1262,Gary,Gutierrez,jamesbrown@example.org,46887 Jennifer Street Suite 408,Cliffordmouth,Massachusetts,American Samoa
1263,Joshua,Brooks,william97@example.org,26023 Smith Via,West Elizabethstad,Hawaii,Gibraltar
1264,Mark,Wright,andrecox@example.com,5611 Flowers Mountain Apt. 697,Shannonberg,Georgia,New Caledonia
1265,Nicholas,Ramirez,jaylopez@example.net,06574 Lopez Mission,Lake Melissa,Nebraska,North Macedonia
1266,Kimberly,Kim,andreshort@example.net,92672 Clark Harbors Apt. 689,Josephport,Idaho,Saint Lucia
1267,Seth,Smith,michael29@example.com,3219 Andrew Keys,Randymouth,Pennsylvania,Romania
1268,Cynthia,Scott,gtran@example.com,41579 Jessica Drive,New Fernandoburgh,Connecticut,Afghanistan
1269,Angela,Ellis,james95@example.net,01314 Ibarra Dam Suite 615,Johnsonhaven,Massachusetts,Mozambique
1270,Christopher,Bishop,tracycruz@example.net,4150 Sandra Lights,North Justinstad,Virginia,Austria
1271,Rebecca,Wagner,wraymond@example.com,57603 Samantha Neck Apt. 448,Thomaschester,Illinois,Zambia
1272,David,Allen,frobinson@example.com,495 Nicole Islands,West Carrieside,North Carolina,Jordan
1273,Kaitlyn,Garcia,ibarramichael@example.org,88858 Yates Meadows,North Jamesville,Kentucky,Indonesia
1274,Christina,Peterson,kimberly00@example.org,759 Clark Plaza,Port Deborahhaven,Arkansas,Greenland
1275,Kelsey,Wilson,landerson@example.net,74632 Abigail Ford,Howardfurt,Georgia,Reunion
1276,Jenny,Wilson,herreralauren@example.net,72250 Wells Light,Lake Laura,New Mexico,Grenada
1277,Alejandro,Jones,curtis32@example.org,49431 Browning Centers,West Alexandraland,South Carolina,Sweden
1278,Luis,Chase,angel13@example.net,06090 Reid Villages,Port Austin,Virginia,Mozambique
1279,Autumn,Jensen,patricklyons@example.net,6749 Jose Plain,Bishopview,Pennsylvania,Saint Helena
1280,Eric,Powers,natalie48@example.org,2911 Teresa Row,East Johnview,South Dakota,Argentina
1281,Kara,Rush,ctanner@example.com,08865 Boone Junctions,East Jessicaville,Rhode Island,Jordan
1282,Brian,Gillespie,nruiz@example.net,7725 Rodriguez Forge,Watsonmouth,Alabama,Mongolia
1283,Scott,Howell,billy07@example.net,19994 Derrick Summit,South Wandahaven,Minnesota,Argentina
1284,Crystal,Sawyer,john81@example.com,3569 Susan Loop,Olivialand,Georgia,Germany
1285,Bonnie,Ramirez,kenneth71@example.net,43126 Rodriguez Freeway Suite 388,South Howard,South Dakota,Guadeloupe
1286,Melissa,Brown,roberthenry@example.net,096 Mays Throughway Suite 427,Kristinaview,Vermont,Maldives
1287,Joshua,Rivera,marcus37@example.net,9043 Hudson Prairie Apt. 146,New Jamesbury,Wyoming,Cook Islands
1288,Tammy,Kidd,valdezchristina@example.org,79847 Murray Landing Suite 068,East Cynthia,New York,French Guiana
1289,Brooke,Harrison,gmcguire@example.net,72583 Kathleen Mission Apt. 763,Elizabethville,South Carolina,Equatorial Guinea
1290,Donna,Green,stevensdesiree@example.org,99227 Matthews Meadow,East Hannahland,Louisiana,Colombia
1291,Luke,Wheeler,marykeller@example.org,585 Debra Ferry Suite 327,Port Brandon,Colorado,United States Minor Outlying Islands
1292,Sandra,Miller,chenelizabeth@example.net,831 Lauren Wall Suite 209,West Stephaniemouth,Tennessee,Ghana
1293,Juan,Murphy,richashley@example.org,30561 Toni Hills,South Judithport,North Carolina,Antigua and Barbuda
1294,Angela,Hickman,summersdaniel@example.org,745 Sarah Oval,New David,Georgia,Macao
1295,Charles,Elliott,joshua37@example.net,3771 Ramos Flats Apt. 846,Patriciashire,Virginia,Montenegro
1296,Danielle,Hinton,garciaglenn@example.net,6499 Bennett Plaza,New Brandy,Georgia,Turkmenistan
1297,Jessica,Sutton,christinehenderson@example.org,722 Roberts Rest,South Cindymouth,Hawaii,Botswana
1298,Scott,Torres,smeyer@example.org,69265 Kristina Park,North Lancefurt,Alabama,Dominica
1299,Michelle,Henry,anthonyrichardson@example.org,92716 Chad Radial Suite 372,New Melinda,Arizona,Niue
1300,Denise,Baker,iholmes@example.com,46425 Taylor Way,Stewartfort,Oregon,Cuba
1301,Justin,Phillips,thomasrogers@example.com,4763 Walton Cliff,New Emilyside,Nebraska,Bhutan
1302,Stacy,Patel,nicholas92@example.org,32589 John Mountains Suite 549,South Kimberly,Idaho,Saudi Arabia
1303,Virginia,Ware,mooregregory@example.org,71464 Glass Motorway Apt. 890,Moorebury,Virginia,Qatar
1304,Erin,Erickson,victor10@example.com,718 Kenneth Burgs,Lake Edwinmouth,Tennessee,Cyprus
1305,Kristine,Adams,vthompson@example.org,357 Robert Estates,Lake Danielberg,Idaho,Norway
1306,Christopher,Barnes,victoria26@example.org,7817 Spencer Trail,Port Robertmouth,Idaho,Tanzania
1307,Holly,Sanford,groth@example.org,2059 Regina Plaza Apt. 027,South Darrenfurt,New Jersey,Gabon
1308,Ashley,Lynch,qhall@example.net,4587 Edward Extensions,Janetfort,New York,Ethiopia
1309,Ashley,Gonzales,marnold@example.org,2612 Brittany Parks,East Dannytown,Washington,Cameroon
1310,Jody,Bennett,bbrown@example.org,192 John Hollow Suite 615,East Sonyaview,New Jersey,Trinidad and Tobago
1311,Ryan,Pennington,shane36@example.net,779 Timothy Expressway,East Susan,New York,Sri Lanka
1312,Kimberly,Lang,torresrobin@example.net,06390 Carolyn Park Suite 575,Hunterfort,Oklahoma,Ireland
1313,Natalie,Vasquez,tpratt@example.net,6669 Lynch Ridge,Lake Tammyfort,Alabama,Micronesia
1314,Donald,Vargas,caroline20@example.net,4364 Brendan Throughway,Josephmouth,Michigan,Czech Republic
1315,Carol,Garcia,danielarmstrong@example.com,717 Church Trail,Joshuaton,Montana,Anguilla
1316,Bailey,Kennedy,jennifer04@example.com,079 Jasmine Shoals,Masonburgh,Pennsylvania,Guatemala
1317,Gary,Gutierrez,egood@example.com,7586 Sims Forks,Port Darrenview,Utah,Bolivia
1318,Spencer,Smith,scottmadden@example.net,66094 Hall Well,New Michaelburgh,West Virginia,Equatorial Guinea
1319,Stephen,Ferguson,anthony50@example.com,9320 Hughes Village,East Amandafurt,Kansas,Kenya
1320,Michael,Thompson,christophermartin@example.org,7330 Christopher Meadows Apt. 535,Brandyshire,Arkansas,Cyprus
1321,Jonathan,Hernandez,dgarza@example.net,931 Erica Road,Elijahview,Rhode Island,Mexico
1322,Juan,Smith,vmann@example.net,70043 Christina Divide Suite 671,Sheilaside,Michigan,Nepal
1323,Derek,Brooks,janet64@example.com,16453 Ellis Stravenue,Brianport,North Carolina,Uzbekistan
1324,Matthew,Smith,swright@example.net,7532 Hoover Mount Suite 011,Wumouth,Nebraska,Antigua and Barbuda
1325,Lauren,Schroeder,george24@example.org,495 Michelle Crossroad Apt. 085,Adamton,Delaware,Andorra
1326,Justin,Landry,lopezjessica@example.net,4707 Nguyen Stravenue,New Joshuafort,Rhode Island,Ghana
1327,David,Obrien,cherylpatterson@example.com,2043 Renee Flats,East Lindaland,Washington,Lithuania
1328,Brian,Stephens,ustevens@example.org,3539 Snow Estate Suite 004,Charlesside,Washington,Gibraltar
1329,Gary,Randall,hendersoncindy@example.org,115 Cox Ford Apt. 566,South Michael,Maine,San Marino
1330,Emily,Huber,seth18@example.org,9984 Norton Island,Aguilarfurt,Colorado,Portugal
1331,Anne,Contreras,pfloyd@example.org,197 Amy Gateway Apt. 375,East Grantberg,Delaware,Tuvalu
1332,Amy,Anderson,davidsonallison@example.com,397 Howard Village,South James,New York,Samoa
1333,Edgar,Martin,taylor50@example.org,77203 Ortiz Turnpike Apt. 436,Arthurborough,Connecticut,Turkey
1334,Eric,Douglas,eric50@example.com,585 Jessica Ville Suite 954,Walterburgh,West Virginia,Faroe Islands
1335,Richard,Wright,diazmark@example.net,746 Jackson Extension Suite 239,Glenntown,Illinois,Cameroon
1336,Luke,Farley,nelsonkevin@example.com,9553 Cardenas Tunnel,Port Candiceburgh,Wyoming,Benin
1337,Bethany,Stephens,jsmith@example.org,8344 Sullivan Motorway,West Adam,Iowa,Czech Republic
1338,Douglas,Newman,jcarson@example.com,9508 Claudia Mission Apt. 511,Garrettchester,Wisconsin,Gibraltar
1339,Alyssa,Griffith,ohuffman@example.org,654 Michael Camp Suite 220,Garciaville,Missouri,Trinidad and Tobago
1340,Kimberly,Wilson,alexander50@example.net,92089 Jensen Wells,Port Markmouth,Washington,Estonia
1341,Amy,Waters,tracydavis@example.org,058 Abigail Club Suite 455,Gregoryborough,Vermont,Maldives
1342,Stacey,Steele,jessica30@example.org,2667 Megan Cove,South Katie,Vermont,Mozambique
1343,James,Castaneda,michaelperkins@example.net,6762 Whitehead Mall Suite 418,West Jonathan,Delaware,Mali
1344,Patrick,Blake,cabreraamy@example.org,6544 Osborne Throughway Apt. 924,Amandafort,Illinois,Saint Kitts and Nevis
1345,Charles,Webb,kevin88@example.net,0794 Horne Row Apt. 440,West Jimmy,Connecticut,Saint Barthelemy
1346,Bradley,Turner,djohnson@example.com,906 Leblanc Circle,Millerberg,Oregon,American Samoa
1347,Zachary,Jennings,crystalbrooks@example.net,9162 Johnny Meadow Apt. 585,New Jenniferburgh,Connecticut,Saint Pierre and Miquelon
1348,Eileen,Howard,jwilson@example.com,47487 Robinson Shoals,Fernandezborough,Louisiana,United States of America
1349,Ethan,Graham,timothy04@example.net,547 Garcia River Apt. 096,North Christopherville,Minnesota,Cambodia
1350,Teresa,James,garyrobertson@example.org,71652 Debra Via Suite 210,Wellsview,North Carolina,Azerbaijan
1351,Calvin,Barr,elizabeth73@example.com,87102 Craig Park,Port Jacobland,Ohio,British Virgin Islands
1352,Jesus,Warner,wgonzales@example.net,292 Sara Lodge,North Lukeborough,Indiana,Marshall Islands
1353,Lauren,Booth,millerjeremy@example.com,4352 Jonathan Locks Suite 621,North Joseph,Kansas,Cook Islands
1354,Cynthia,Davis,bpadilla@example.org,824 Kristin Park,Lunashire,Illinois,Costa Rica
1355,Nicole,Rodriguez,davidjacobson@example.com,717 Sabrina Greens Suite 821,Paulview,West Virginia,Botswana
1356,Diane,Wood,patricia57@example.com,072 Cynthia Motorway Apt. 392,Wileyville,Arizona,Cocos (Keeling) Islands
1357,Jeffrey,Rodriguez,simpsonsusan@example.org,561 Austin Drive,Justinview,Alaska,Palau
1358,James,Smith,anthonyadkins@example.net,176 Ford Plaza,Ricemouth,North Dakota,Palestinian Territory
1359,Daniel,Cook,sharonramos@example.org,8312 White Springs,South Aaronshire,North Dakota,Central African Republic
1360,Mercedes,Novak,michaeldaniels@example.org,832 Bryan Knoll Apt. 308,Lake Seth,Louisiana,Saudi Arabia
1361,William,Thornton,martin60@example.net,981 Ross Gardens Apt. 768,Atkinsonburgh,Connecticut,Belize
1362,James,Matthews,loretta30@example.com,439 David Drive,New Gloriamouth,Kansas,Bangladesh
1363,Gary,Kline,jerry57@example.org,99746 Mills Valley,Lake Ruben,Minnesota,Palestinian Territory
1364,Ryan,Reid,wendy04@example.org,0759 Gabriel Causeway,North Ronald,South Dakota,Tanzania
1365,Nicole,Barker,ryan74@example.net,5584 Stark Ranch Apt. 700,Matthewport,North Dakota,Sweden
1366,Alvin,Nunez,hcurtis@example.com,0311 Justin Cape Suite 184,New Frankshire,Nebraska,Albania
1367,Elizabeth,Koch,rgreen@example.com,946 Arnold Point Apt. 328,West Mitchellmouth,New Mexico,Romania
1368,Kristy,Jarvis,jenniferwilliams@example.net,2982 Cole Loaf Apt. 175,East Mariaville,Georgia,Palau
1369,Kelly,Rocha,anna61@example.net,2502 Fields Falls Suite 700,Port Dianabury,Maryland,Bouvet Island (Bouvetoya)
1370,Jonathan,Soto,grant38@example.net,79097 James Street Apt. 302,Lake Kimberlyfurt,Wyoming,Jamaica
1371,Mathew,Mitchell,zhangandrew@example.org,472 Michelle Causeway,Russellfurt,Massachusetts,Norfolk Island
1372,Angela,Foster,buckleyjillian@example.net,677 Jones Canyon,North Jesseport,North Dakota,Brunei Darussalam
1373,Chad,Haley,brianmartin@example.com,56812 Mark Grove,Houstonfurt,Hawaii,Bhutan
1374,Jeremy,Hall,sanchezmichael@example.net,75043 Nathan Roads Suite 546,Martinezport,Idaho,Holy See (Vatican City State)
1375,Faith,Watson,pjohnson@example.net,3272 Hawkins Union,North Michelle,Arizona,Venezuela
1376,Kevin,Phillips,brownvirginia@example.com,50380 Lawrence Plaza Apt. 971,Wernerville,Minnesota,Macao
1377,Monique,Perry,amyterrell@example.net,483 Donald View Apt. 818,South Joshua,Maine,Switzerland
1378,Jonathan,Ross,klloyd@example.net,80212 Chang Meadows,Kennethtown,South Carolina,Tonga
1379,Alyssa,Clarke,robertsaudrey@example.net,86969 Small Row,North Savannah,Georgia,Kazakhstan
1380,Alexandra,Russell,reeselorraine@example.net,0710 Barron Viaduct,Traceytown,New Mexico,Comoros
1381,William,Cook,simsstephanie@example.com,550 Taylor Corners,Spencertown,California,Micronesia
1382,Jennifer,Carson,walkerkristen@example.com,67239 Jesse Islands,New Jorgechester,Ohio,Haiti
1383,Joshua,Johnson,xfrederick@example.org,55757 Thomas Manor Apt. 382,North Logan,Ohio,Uganda
1384,Michael,Bell,jflores@example.com,80632 Murray Groves Suite 672,Lake Kristen,North Carolina,Anguilla
1385,Leslie,Blair,wilsonsteven@example.org,6099 Kelly Meadows,South Matthewburgh,Michigan,Antarctica (the territory South of 60 deg S)
1386,Peter,Lynch,christina65@example.org,1809 Lynn Island Apt. 702,East Lisa,Florida,Spain
1387,Joseph,Brown,powellrichard@example.org,973 Cruz Streets Suite 205,Lake Brendanfort,Mississippi,Tunisia
1388,Troy,Owen,faulknertina@example.com,4798 Ian Mount,Villegashaven,Utah,Guadeloupe
1389,Megan,Roach,robertsonsean@example.com,9216 Jeffrey Vista,Brittanyborough,Mississippi,Jersey
1390,John,Avery,yvonnemurray@example.com,525 Barnes Dale Suite 443,Brockberg,South Dakota,Guyana
1391,Toni,Webb,mdavis@example.com,0965 Ward Keys Suite 471,Cynthiaborough,Mississippi,Nicaragua
1392,Mary,Gallagher,elizabeth34@example.net,81652 Miller Gateway,East Jacob,Massachusetts,Egypt
1393,Hailey,Garcia,welchscott@example.net,303 Jeffrey Springs,Bishopfort,Oklahoma,Vietnam
1394,Dale,Baldwin,hmcguire@example.org,498 Keller Knolls Apt. 909,Port Coreyview,Pennsylvania,United States of America
1395,Bobby,Smith,dorothysanford@example.org,6426 Nicole Shoals Apt. 848,Maxwellchester,Maine,Dominica
1396,Jermaine,Morgan,haynesmichelle@example.net,7258 John Circle,Wrightfort,Colorado,Equatorial Guinea
1397,Angela,Simpson,sgarcia@example.net,3304 Jody Lights Apt. 264,Port Kyleshire,South Carolina,India
1398,Thomas,Elliott,joycepatrick@example.org,08862 Moore Village,Schultzside,Maine,Panama
1399,Mark,Russell,chelseadixon@example.net,99648 Vanessa Ramp,Marktown,Washington,Slovenia
1400,Cindy,Novak,april81@example.org,48651 Hansen Forks Suite 019,North Aliciaborough,North Carolina,Qatar
1401,Michael,Martin,ygarza@example.net,735 Abigail Lane,Lake Matthewville,South Carolina,Malaysia
1402,Mary,Escobar,virginia99@example.com,88634 Paul Mountain Suite 042,South Amy,Alaska,Suriname
1403,Thomas,Stout,shaneperez@example.net,020 Hays Oval,New Christianfurt,Virginia,Netherlands Antilles
1404,Jerry,Phillips,hhuang@example.org,7012 Francis Mission,South Ryan,Ohio,Iran
1405,Gordon,Savage,gwolf@example.com,612 David Run,Sloanton,Missouri,British Virgin Islands
1406,Rachel,Faulkner,brian03@example.net,047 Griffin Junction Apt. 820,Phillipsburgh,Oklahoma,Costa Rica
1407,Briana,Mckinney,melissarosario@example.org,43398 Robinson Stream Apt. 690,Lake Kimberlyville,Missouri,Tajikistan
1408,Monica,Fox,ihill@example.com,5072 Michael Fords Apt. 132,Maystad,Connecticut,Poland
1409,Charles,Wagner,davidgarcia@example.org,81783 Joel Mall,Taylorborough,Maine,Heard Island and McDonald Islands
1410,Michael,Bowman,ingramalexis@example.org,9603 Miller Course Suite 837,North Ashleymouth,Rhode Island,Eritrea
1411,Yvette,Bush,gary38@example.com,196 Lewis Ports Apt. 256,Johnsonchester,Nevada,Sao Tome and Principe
1412,Nicholas,Powell,carlgreer@example.com,797 Evans Garden,Michaelshire,Georgia,Brazil
1413,Julian,Shaw,jerryleonard@example.org,880 Shaw Pine,Quinnshire,California,Central African Republic
1414,Patricia,Hurst,erodriguez@example.com,81702 Jimmy Extensions Suite 479,Janetmouth,Hawaii,Angola
1415,Matthew,Johnson,stevenbrown@example.com,237 Walters Stream,North Charles,Massachusetts,Bahrain
1416,Corey,Golden,michelle13@example.com,2190 Schultz Springs,New Tammy,Vermont,United States of America
1417,Sarah,Hardy,laura41@example.com,3281 Jonathan Brook,Erinport,Alaska,Iraq
1418,Rodney,Johnson,tapiaann@example.net,882 Ferguson Unions,Port Dustin,Idaho,Saint Barthelemy
1419,John,Nash,zgraves@example.com,3962 Matthew Pike Suite 452,East John,Mississippi,Montserrat
1420,Andrew,Sullivan,mooremark@example.org,08488 David Land,Stephenview,Nebraska,Mauritania
1421,Jessica,Flores,susangraham@example.net,60314 Smith Via,Pricemouth,Rhode Island,Austria
1422,Christine,Wood,whitneybryan@example.com,52427 Roger Port,East Nicholas,Texas,Nauru
1423,Dawn,Werner,gerald46@example.com,7341 Matthew Corners Suite 367,Rojasfort,California,Guatemala
1424,Jason,Smith,brenda88@example.org,92320 Henry Stream Suite 388,New Jimmy,Vermont,India
1425,Katrina,Young,yolanda04@example.com,210 English Stream Apt. 492,Nicholasbury,Oklahoma,Dominican Republic
1426,Michelle,Brown,lharris@example.net,761 Vargas Forks Apt. 424,Wallacemouth,North Dakota,Palestinian Territory
1427,Joshua,Barnes,elizabethreynolds@example.org,1855 Kenneth Locks Suite 592,North Shawnmouth,Colorado,Zimbabwe
1428,Travis,Allen,hannah33@example.org,93877 Gray Square Suite 249,Ethanhaven,Kansas,Norfolk Island
1429,Susan,West,madisonjohnson@example.net,89233 James Tunnel,Tylerland,Idaho,Western Sahara
1430,Linda,Evans,davidmontoya@example.org,0539 Denise Mount,East Louis,Florida,Uruguay
1431,Thomas,Carter,rgreen@example.net,8225 Mcdowell View,Stevensonton,Mississippi,Uruguay
1432,Barbara,Johnston,irobinson@example.com,1467 Victor Points,Sheaburgh,New Jersey,Egypt
1433,Evelyn,Martinez,michael07@example.org,7227 Martin Mall,Joshuafurt,Minnesota,Monaco
1434,Kaylee,Clark,jamierobbins@example.com,60458 Schmidt Landing,East Brittany,Kansas,Gabon
1435,Mark,Davis,stacy52@example.com,86277 Thompson Trail,West Josephville,Delaware,Lesotho
1436,Pamela,Gonzalez,anthony15@example.org,45108 Austin Junctions Suite 375,Millerborough,Minnesota,Congo
1437,Derrick,Morton,odonnelljoseph@example.org,170 West Shore,Nicoleville,North Carolina,Cayman Islands
1438,Ryan,Anderson,gabrielle55@example.net,9545 Stephanie Mountain Suite 751,Debraview,North Carolina,Jersey
1439,Erica,Rogers,davidowens@example.net,736 Powers Fields Suite 346,Port Jessica,Connecticut,Saint Barthelemy
1440,Dwayne,Briggs,bjackson@example.org,472 Crystal Island,South Craigton,California,Guatemala
1441,Roger,Washington,johnsonjennifer@example.com,978 Tracie Stream,Chrisstad,Montana,Madagascar
1442,Douglas,Nelson,qward@example.net,078 Johnston Row Apt. 914,South Melissaburgh,Wisconsin,Dominican Republic
1443,James,Juarez,brendabrooks@example.net,127 Young Ridge Suite 199,West Stevenbury,Rhode Island,Mozambique
1444,Elizabeth,Bird,hilljesse@example.net,0260 Sheila Garden,Phillipsbury,Montana,Lesotho
1445,Bruce,Calderon,coopersamantha@example.org,097 George Trace,Aimeeport,Colorado,Netherlands
1446,Lori,Miles,heatherbird@example.com,6200 Walker Ridge Suite 082,Port Miguel,Maine,Czech Republic
1447,Emily,Smith,dmoore@example.org,700 Michael Way Suite 787,Salasville,Kansas,Micronesia
1448,Trevor,Smith,trichmond@example.org,311 Rachel Station,Johnstad,Wyoming,Serbia
1449,Jennifer,Graham,perezholly@example.com,236 Jessica Parks Apt. 529,New Carolyntown,Mississippi,Kazakhstan
1450,Amy,Perry,heather30@example.net,955 Denise Hill,East Andrew,Utah,New Caledonia
1451,Michael,Fernandez,taylorjennifer@example.net,67776 Samantha Groves,Grimesview,Iowa,Malta
1452,Theresa,Thompson,alvarezmaria@example.net,68759 Hannah Stream Apt. 642,North Isaac,Hawaii,Zambia
1453,Renee,Oconnor,daniel18@example.com,17767 Jennifer Estate Apt. 744,Diazfurt,Maine,Vietnam
1454,Robin,Morton,kimgarza@example.com,869 Roberts Pines,South Brandi,Nevada,Vietnam
1455,Stephanie,Cummings,jarias@example.net,629 Garcia Estates Apt. 496,Joneston,Maryland,Kuwait
1456,Beth,Hawkins,joneslisa@example.net,3292 Farmer Viaduct,Lake Jenniferside,Vermont,Vietnam
1457,Brenda,Mcfarland,kaitlin16@example.net,5503 Sandy Junctions Suite 131,Candacefurt,Iowa,Serbia
1458,Rebecca,Marshall,dmiranda@example.com,977 Ellison Port,West Laurie,North Carolina,Tanzania
1459,Marcus,Sims,melissacontreras@example.org,098 Hart Plain,Lake Michelleport,Minnesota,Turks and Caicos Islands
1460,Amanda,Spencer,victoria02@example.com,161 Catherine Unions,Youngtown,Tennessee,Peru
1461,Christopher,Lewis,wrodriguez@example.com,56260 Amanda Ridges Suite 793,Suarezview,Maryland,Uganda
1462,Julie,Clark,brittany81@example.com,0561 Murphy Place,East Michael,Wyoming,Guyana
1463,Abigail,Lewis,michaelhayes@example.org,996 Sarah Crescent Suite 785,Davisfort,North Dakota,South Africa
1464,Joseph,Boyer,angelascott@example.com,738 Lauren Hills,Millsburgh,New York,Wallis and Futuna
1465,Joshua,Ali,briantapia@example.com,12455 Weaver Valley,Williamschester,Oregon,Bangladesh
1466,Gabriel,Roy,daviskaren@example.com,198 Perez Glen Apt. 180,North Ryanbury,Illinois,Turks and Caicos Islands
1467,Sean,Rogers,thorntontabitha@example.net,274 Mooney Causeway Suite 771,Harriston,Nebraska,Argentina
1468,Ralph,Logan,gregory65@example.net,4506 Tyler Lakes,New Joseph,Arkansas,Papua New Guinea
1469,Laura,Green,jorgestewart@example.net,1329 Wall Trail,West Joseph,Virginia,Grenada
1470,Savannah,Lopez,millerkathryn@example.org,84941 Mccoy Bridge Apt. 007,Port Lauren,Wyoming,Turks and Caicos Islands
1471,Danielle,Nelson,baldwinjohn@example.net,2038 Michael Flat Suite 080,Faithport,Delaware,Angola
1472,Dawn,Lopez,mburton@example.net,5683 Russo Route,West Tracy,Connecticut,Serbia
1473,Jennifer,Duncan,mullinslisa@example.net,12420 Jesse Rapids,Port Monique,Nevada,Dominican Republic
1474,Jessica,Wagner,aaron87@example.org,4582 Andrea Passage,Lewisport,South Carolina,Portugal
1475,Julia,Gomez,bradleymyers@example.org,159 Russo Manors,Sanchezview,Massachusetts,Guinea-Bissau
1476,Chelsea,Carney,lfrye@example.com,1982 Blackburn Route,East Stevenburgh,South Dakota,Andorra
1477,David,Bishop,francissanchez@example.org,691 Matthew Cliff Suite 269,West Rachel,Oregon,Nepal
1478,Michelle,Singleton,jennifersmith@example.org,79075 Erika Crescent Suite 484,Riddleshire,New Mexico,British Virgin Islands
1479,Zachary,Silva,elizabeth89@example.com,1492 Robert Center,South Shannonbury,California,Holy See (Vatican City State)
1480,Steven,Johnson,buchananronnie@example.com,93803 Bass Rue Apt. 426,Donaldshire,South Carolina,Dominica
1481,Jessica,Parker,heather61@example.net,007 Rodriguez Circle Suite 504,Christopherborough,Idaho,Bhutan
1482,Rebecca,Pratt,lawrencecraig@example.com,760 Thompson Centers,Coxport,Michigan,Denmark
1483,Cesar,Graham,htodd@example.org,464 Scott Pass,South Samanthashire,New Mexico,Bhutan
1484,Lauren,Rich,dylanhowell@example.net,21897 Dawn Path Suite 086,South Carla,Rhode Island,Sweden
1485,Joseph,Foley,mitchelljared@example.net,83662 Mcdaniel Mission Suite 823,South Joshuafort,North Dakota,Luxembourg
1486,Patricia,Sims,haley44@example.com,09955 Sarah Port,Matthewsshire,Colorado,Norway
1487,Charles,Gardner,mary83@example.net,47214 Murray Viaduct Suite 774,South Larryport,North Dakota,Botswana
1488,Rebecca,Archer,charlesmartinez@example.net,593 Carrillo Throughway Apt. 843,Montgomeryhaven,Alabama,Gibraltar
1489,Kenneth,Brewer,frazierjoshua@example.net,38290 Walker Cliff,Craigstad,New Mexico,Afghanistan
1490,Richard,Davenport,laurie07@example.com,2579 Stout Via,Hannahview,New Hampshire,Haiti
1491,Derrick,Acosta,kelsey64@example.net,6838 Shirley Wall Suite 005,East Andre,North Dakota,Vietnam
1492,Amy,Baker,qgordon@example.org,034 Jill Falls Suite 949,New Sergio,Mississippi,Montenegro
1493,Amber,Ross,david64@example.net,41960 Bradley Mountains Suite 880,Port Brandontown,Virginia,Namibia
1494,Ashley,Colon,tammyhowe@example.org,171 Burgess Lakes Suite 941,Laurafort,North Carolina,Taiwan
1495,Bryan,Barnes,kyoung@example.com,10609 Haley Club,Stephaniechester,Mississippi,Armenia
1496,Jeffrey,Burton,william42@example.org,71983 Hernandez Crest,South Tiffany,North Carolina,Portugal
1497,Jessica,Torres,zwalter@example.net,1556 Young Parks,Mooreton,Maryland,Tajikistan
1498,Matthew,Greer,hollowaychristopher@example.org,8884 Veronica Islands Apt. 245,North Richard,Florida,Congo
1499,David,Wilson,veronica33@example.net,1209 Jeffrey Valleys,Palmertown,Ohio,Cayman Islands
1500,Brittney,Adams,gardnerdanielle@example.net,480 Davis Estates,East Heatherhaven,South Dakota,Cyprus
1501,Laurie,Hull,kelly97@example.net,5766 Diana Walk Suite 436,Heatherside,Indiana,Liechtenstein
1502,Stephanie,Ramirez,qkelly@example.net,68999 Robles Pines Apt. 311,North Heather,Iowa,Mozambique
1503,Patricia,Harper,collinschristopher@example.com,05917 Nathan Run Suite 586,Port Kelli,Virginia,Svalbard & Jan Mayen Islands
1504,Cheryl,Walker,gregoryarnold@example.org,12673 Kimberly Glen Suite 308,Amyburgh,Vermont,Bermuda
1505,Christopher,Sanchez,gonzalezmichael@example.net,198 Contreras Estates,Brittanyborough,Utah,Cote d'Ivoire
1506,Christine,Harrison,coreyhammond@example.org,50630 White Creek,Haileyview,Montana,Tonga
1507,David,Torres,guerrerowilliam@example.com,1731 Amy Forest Apt. 637,Port Paulton,Maryland,Netherlands Antilles
1508,Edgar,Ross,william25@example.net,35750 Harris Rapid Suite 012,Gonzaleston,North Dakota,Togo
1509,Margaret,Davidson,mcampbell@example.com,65262 Lisa Ports Suite 812,South Michael,Vermont,El Salvador
1510,Julia,Singh,harrissamantha@example.net,7467 Craig Crescent Suite 056,Nathanfort,Arkansas,Cocos (Keeling) Islands
1511,Julia,Pitts,kellyjohnson@example.com,92501 Joseph Highway Apt. 791,East Eric,Wyoming,Somalia
1512,Renee,Taylor,williamberry@example.com,89641 Annette Turnpike Suite 163,Laurastad,Nebraska,United States Minor Outlying Islands
1513,James,Wheeler,bkerr@example.com,245 Michael Locks Apt. 490,South Garymouth,Kentucky,China
1514,Steven,Moore,qgardner@example.net,34453 Martin Trafficway,South Troy,Utah,Somalia
1515,Paul,Hernandez,victor20@example.com,770 Hartman Rapids Apt. 685,Hortonchester,Ohio,Vietnam
1516,Isaiah,Chambers,rachaelwalter@example.net,794 French Locks Apt. 333,New Destiny,Alaska,Bouvet Island (Bouvetoya)
1517,Patricia,Williams,oellis@example.org,75280 Ann Station,East Danielburgh,Kentucky,Equatorial Guinea
1518,Noah,Warren,tcruz@example.net,6309 Linda Camp Apt. 737,Port James,Michigan,Fiji
1519,Tracy,Sandoval,dianamiller@example.org,330 French Shoals,Blackwellland,Arizona,Comoros
1520,Kaitlin,Wong,andersoneric@example.net,172 Braun Divide Suite 761,Gloriamouth,Colorado,Marshall Islands
1521,Jose,Benjamin,jacob92@example.org,4153 Castillo Vista,Lake John,Washington,Nauru
1522,Isaac,Williams,fhall@example.net,401 Chung Spring Apt. 027,Christinaberg,Connecticut,Mongolia
1523,Alison,Frederick,joshua48@example.org,4292 Randall Isle,Kristinabury,West Virginia,Saint Pierre and Miquelon
1524,Bobby,Turner,kiddashley@example.net,2376 Sarah Spur,Lake Matthew,Utah,Ukraine
1525,Lori,Castro,andrewbond@example.com,870 Angela Junctions Apt. 954,Perezberg,North Dakota,Switzerland
1526,Kelly,Pitts,mitchellwhitehead@example.net,9317 Davis Dam Suite 883,South Meghan,Washington,Mayotte
1527,John,Fox,brennanmichelle@example.org,875 Mejia Courts,South Davidmouth,Kansas,Reunion
1528,Ryan,Meyers,hillanthony@example.com,175 Jason Parks Suite 255,Lake Brentfurt,Ohio,Brunei Darussalam
1529,Marc,Price,padillacharles@example.com,18635 Morris Dale Apt. 429,South Bradley,Missouri,Yemen
1530,Kathryn,Lewis,rachaelwoodard@example.org,95723 Nathaniel Field,Lake Mark,Hawaii,Liberia
1531,Cynthia,Frazier,dhunter@example.com,5538 Jones Lights,Port Harold,New York,Bhutan
1532,Yolanda,Martinez,nwalker@example.net,85809 Lowe Cliff,New Jean,Kentucky,Oman
1533,Peter,Austin,lewisstephen@example.org,5424 Mitchell Square Apt. 343,Port Steven,Idaho,Cambodia
1534,Heather,James,robin33@example.net,666 Michael Skyway,Garretthaven,Oregon,South Africa
1535,Randy,Reed,steve75@example.net,035 Smith Street Apt. 516,Lake Erichaven,Wisconsin,Congo
1536,Amy,Nguyen,chapmanlawrence@example.org,851 Barry View,North Davidchester,Colorado,Uzbekistan
1537,Sharon,Morales,fvazquez@example.net,786 Guerrero Haven,Marshmouth,Virginia,Mozambique
1538,Andrew,Johnson,garyallen@example.net,565 Key Hollow,Hancockburgh,Pennsylvania,Netherlands Antilles
1539,Stephen,Jordan,fwelch@example.net,5086 Nancy Mountain,New Sherry,South Carolina,Palestinian Territory
1540,Hayley,Walker,courtney62@example.com,248 Patrick Prairie Suite 203,Singhburgh,Wisconsin,Poland
1541,Joel,Carroll,dawn52@example.net,0416 Lloyd Divide,Chapmanbury,New Jersey,Andorra
1542,Jose,Peterson,brittanyjones@example.org,64017 Diaz Road Apt. 490,Michaelbury,Mississippi,Hong Kong
1543,Yvonne,Perkins,kristigarcia@example.com,939 Fred Extensions,Lake Courtneytown,Wisconsin,Kenya
1544,Jeffrey,Murphy,amichael@example.org,6249 Robert Trail Apt. 425,Wiseland,Maryland,Nauru
1545,Janet,Jones,lori50@example.net,42914 Marshall View Apt. 719,Lake Codyshire,Missouri,El Salvador
1546,Matthew,Medina,rachelanderson@example.org,1490 Natasha Mount,New Kimberly,Massachusetts,Norfolk Island
1547,Sara,Ryan,fgallegos@example.org,168 Amanda Lake,South Randy,Utah,Angola
1548,Brian,Small,rharris@example.net,71553 Maria Ferry,New Paulbury,Tennessee,Jamaica
1549,Vincent,Bailey,mikevazquez@example.com,197 Patricia Coves,Brianfort,California,Botswana
1550,Jonathan,Garcia,jennifer27@example.com,683 Curry Center Apt. 595,Port Monica,Missouri,Antarctica (the territory South of 60 deg S)
1551,John,Harris,claudia43@example.com,24470 Scott Trail,Port Gregory,Kentucky,Kazakhstan
1552,Amy,Duncan,phillipsmary@example.org,593 Hobbs Viaduct,New David,Minnesota,Brunei Darussalam
1553,Thomas,Thompson,emilythomas@example.com,2385 White Way,Kellyville,Connecticut,Belgium
1554,Thomas,Aguilar,amanda70@example.com,635 Jesse Loaf Apt. 288,New Carla,New York,Niue
1555,Jeremy,Harrison,smithchristopher@example.org,4739 Perez Rest Suite 831,Port Kathleenport,South Dakota,Liechtenstein
1556,Ronald,Gardner,thomasfreeman@example.org,3898 Thompson Rapid Apt. 297,Rowlandtown,Wisconsin,Czech Republic
1557,Warren,Clark,bakerkevin@example.net,20102 Scott Valleys Suite 226,North Staceybury,Utah,Korea
1558,Suzanne,Adams,kbowers@example.com,389 Paula Camp,Hardybury,North Carolina,Georgia
1559,Julian,Castaneda,walshjennifer@example.com,38168 Olsen Dale Suite 345,Tammyfort,Montana,Lithuania
1560,Melissa,Stone,clarkaaron@example.org,182 Stephanie Manors Apt. 462,Port Kaitlin,Florida,British Virgin Islands
1561,Eric,Coleman,mariaday@example.com,540 Steve Streets Apt. 753,East Brad,Pennsylvania,Marshall Islands
1562,Cassie,Meyers,david58@example.org,95948 Hood Shore Suite 769,Lake Karenborough,Iowa,United States of America
1563,Hannah,Steele,david10@example.com,1809 Lisa Roads Apt. 341,Stephaniefort,Wisconsin,Saudi Arabia
1564,Suzanne,Thompson,shannontucker@example.com,2059 Horn Villages Apt. 325,North Kevintown,Vermont,Montserrat
1565,Cody,Sanchez,pcampbell@example.com,741 Joshua Cliffs Apt. 180,Taylormouth,Montana,New Zealand
1566,Randall,Kelly,jennifer77@example.org,8392 Chris Green Apt. 446,North Timmouth,Nevada,Niue
1567,Robert,Dickson,emilybarr@example.org,966 Wolf Brooks,West Alexander,Wisconsin,Tanzania
1568,Elizabeth,Cobb,bfisher@example.com,4732 Jonathan Flat Suite 260,Port Rodneyhaven,Louisiana,Paraguay
1569,Alexandra,Thompson,wrobles@example.net,8055 Frederick Harbors,North Patrickview,Wisconsin,Swaziland
1570,Carl,Jacobs,johnhernandez@example.net,567 Gerald Dale Suite 994,New Jason,Florida,Hong Kong
1571,Anna,Serrano,vincent80@example.org,35609 Stacy Place,Kristinabury,Colorado,Bangladesh
1572,Kim,Gould,kevincastillo@example.net,249 Murphy Highway Apt. 460,Rodriguezhaven,Wyoming,Holy See (Vatican City State)
1573,Eric,Garcia,judithdavis@example.org,4276 Lambert Isle Suite 153,West Leahborough,New Hampshire,Cayman Islands
1574,Robert,Jackson,fhudson@example.org,1456 Wilkinson Landing,West Conniefort,Massachusetts,Uganda
1575,Kristopher,Gibson,harrisjacob@example.org,01135 Hannah Flats Apt. 926,Juanbury,Arizona,Albania
1576,Amy,Frye,sanchezalice@example.org,831 Shannon Ports,Jerryview,South Dakota,Norfolk Island
1577,Cameron,Lamb,scott98@example.org,2297 Davis Parkways,East Markland,Delaware,Timor-Leste
1578,Keith,Gould,bryanharris@example.com,39854 Meredith Valley Apt. 939,Valerieport,Oregon,Samoa
1579,Melissa,Ortega,donnarodriguez@example.com,07777 Chen Courts Suite 434,North Michael,Virginia,Micronesia
1580,Rhonda,Steele,tyleranderson@example.com,38346 David Dale,Henrymouth,Connecticut,Peru
1581,Elizabeth,Kennedy,joshua52@example.com,92201 Lisa Row,Port Glenn,Wyoming,Ireland
1582,Whitney,Williams,dalelambert@example.net,41983 Butler Spring Apt. 584,Kelseyport,Louisiana,Italy
1583,Eric,Anderson,usanchez@example.net,704 Harris Brook Suite 848,North Markshire,Indiana,Christmas Island
1584,Zachary,Johnson,oryan@example.net,3976 Patrick Station Apt. 273,New Charlesfort,Delaware,Bolivia
1585,Ashley,Stein,powerslarry@example.com,8163 Raymond Tunnel Apt. 334,Haroldtown,Rhode Island,Saint Pierre and Miquelon
1586,Jeffrey,Gill,traciecasey@example.com,0852 Elizabeth Fords Apt. 031,Port Tammy,Michigan,Bahamas
1587,Barry,Garcia,whitealex@example.net,54734 Seth Shores Suite 810,Bestland,Massachusetts,Malawi
1588,Kerri,Cooper,shannon49@example.org,648 Alexandria Lodge Suite 670,Lake Robert,Arizona,Ecuador
1589,James,Nelson,pattonalyssa@example.org,351 Robbins Lane,Hardinport,Mississippi,Cote d'Ivoire
1590,Erica,Jordan,sullivanedward@example.net,10132 Christopher Corners,Clarkview,California,Albania
1591,Emily,Armstrong,kevincolon@example.com,1966 Sabrina Light Apt. 042,East Evanview,Louisiana,Cambodia
1592,Glenn,Snyder,jessicagraham@example.org,00757 Matthew Ridges,East Michael,Georgia,Guyana
1593,Lisa,York,thomasnoble@example.com,988 Julie Crest,Jeffreytown,Idaho,Saint Lucia
1594,Richard,Kelly,brian09@example.com,4159 Santana Wells Apt. 504,Fernandezberg,Pennsylvania,United Arab Emirates
1595,Emily,Banks,mjackson@example.org,25870 Young Fall,Clarkshire,Hawaii,United Kingdom
1596,Gregory,Weaver,uadams@example.net,62199 Hardy Landing,Meyermouth,Tennessee,Rwanda
1597,Stephen,Valdez,joelara@example.net,418 James Isle,New Ian,Nevada,Timor-Leste
1598,George,Buckley,dgarrison@example.org,0038 Carroll Overpass Apt. 088,Burnetthaven,New Mexico,Malawi
1599,Luis,Richards,fbuckley@example.com,66087 Anne Curve,East Linda,Idaho,Congo
1600,Kristina,Horn,hinesraven@example.net,4383 Bianca Estates Suite 051,Kristiebury,Utah,Mauritius
1601,Steven,Griffith,jeffreysmith@example.org,24128 Watson Trail,Port Trevorshire,Nevada,Guinea
1602,Kimberly,Tanner,steven55@example.org,99644 Jill Gardens Suite 559,Steventon,Mississippi,Saint Barthelemy
1603,Lisa,Erickson,samantha70@example.com,7392 Amber Pike,Port Joeltown,Virginia,Estonia
1604,Steven,Mejia,tgonzales@example.com,245 Kim Bridge Suite 377,South Juliahaven,Louisiana,Venezuela
1605,Linda,Bradley,elizabethscott@example.com,09245 Steven Landing,Elizabethfurt,Tennessee,Andorra
1606,Jessica,Watson,robert95@example.net,77860 Walters Land,North Nicholasfort,Idaho,Sudan
1607,Gabrielle,Peters,cfarmer@example.org,441 Sarah Expressway,Bakerfurt,Connecticut,Mongolia
1608,Christopher,Wells,amandawright@example.com,82622 Frazier Shores Apt. 399,New Seanland,Mississippi,Luxembourg
1609,Jorge,Randolph,kevinbush@example.net,650 Moore Mountain,Benjaminland,South Carolina,Syrian Arab Republic
1610,Kelly,Anderson,caseapril@example.com,98787 Travis Garden,Welchland,Florida,Finland
1611,Robert,Young,fjones@example.net,785 Mccarty Lake,Parkerbury,Indiana,Ethiopia
1612,Joyce,Bradford,swilson@example.net,345 Alex Branch Apt. 955,Lopezchester,South Dakota,Suriname
1613,Courtney,Murray,lmunoz@example.net,36208 Navarro Streets,Lawsonport,Tennessee,Israel
1614,Shelby,Mitchell,dominiqueneal@example.net,7261 James Port Suite 992,Ruthview,Wisconsin,Ghana
1615,Kathy,Campbell,gonzaleznicole@example.net,494 Jackson River,New Melanie,Nevada,Azerbaijan
1616,James,Boyd,frank64@example.net,25651 Harris Wells,North Traceyborough,Iowa,Mauritania
1617,Douglas,Fox,qfowler@example.net,544 Williams Curve Apt. 042,North Michael,South Carolina,Spain
1618,Tyler,Mcdaniel,colemanjoshua@example.net,535 Taylor Pass Suite 295,East Danielview,Montana,Bosnia and Herzegovina
1619,Thomas,Fischer,frich@example.org,659 Bethany Stravenue,Port Lisafort,Connecticut,Turkey
1620,Susan,Garcia,cherylgraham@example.org,6273 Pham Gardens Suite 530,Gibsonshire,Nebraska,Mongolia
1621,Shane,Clark,myerspaula@example.com,3433 Whitney Loop Suite 891,Port Candiceside,South Dakota,Italy
1622,Stephen,Lee,erikgrant@example.net,90151 Ward Falls Apt. 889,New Annatown,Georgia,Paraguay
1623,Larry,Bowman,jason72@example.com,769 Johnson Forks,Burnettview,Washington,French Polynesia
1624,Thomas,Buck,harperkelly@example.com,0704 Landry Hollow Apt. 655,Port Elizabeth,Utah,Seychelles
1625,Nicholas,Escobar,rdominguez@example.com,017 Christopher Spurs,New Darrenside,Nebraska,Namibia
1626,Crystal,Jordan,johnclark@example.com,0953 Stephanie Walk Suite 886,North Donald,Virginia,Suriname
1627,Amy,Hardy,lowejennifer@example.com,138 Cooper Terrace Suite 300,West Derek,New Jersey,Saudi Arabia
1628,Ethan,Thompson,eric67@example.net,288 Bird Estate,Chantown,Oregon,Burkina Faso
1629,Michael,Miller,thorntondanielle@example.net,6691 Susan Valley Apt. 964,Pattersontown,Oklahoma,Antarctica (the territory South of 60 deg S)
1630,Ricky,Jones,wgutierrez@example.com,70666 Jeremy Extension,East Melissaside,Mississippi,Pitcairn Islands
1631,Richard,Douglas,jeremy90@example.com,528 Jordan Rapid Suite 881,Jeffreyfort,Indiana,Ukraine
1632,Benjamin,Hayes,cbrown@example.org,7568 Katie Track,West Ralph,Connecticut,Uganda
1633,Rodney,Cortez,rmartinez@example.com,3796 Patrick View Apt. 698,Rachaelmouth,Ohio,Lesotho
1634,Michael,Malone,velasquezrose@example.org,5295 Wagner Junctions,Curtisfort,Minnesota,Guinea
1635,Michael,Collins,rsmith@example.org,862 Thomas Branch,East Aimeefurt,Georgia,Trinidad and Tobago
1636,Tiffany,Barrett,jonesangela@example.net,026 Miller Ville Apt. 018,West Richardstad,New Mexico,Vietnam
1637,Haley,Smith,sjacobson@example.com,32699 Alex Unions Suite 326,New Joannaborough,Minnesota,Bouvet Island (Bouvetoya)
1638,Nathaniel,Bell,david93@example.org,42935 Cunningham Row Apt. 123,East Martinmouth,Texas,British Virgin Islands
1639,Carrie,Price,donmurillo@example.org,50731 Henry Glens Suite 055,Hollyport,Kansas,Saint Vincent and the Grenadines
1640,Brittany,Gould,jaredsutton@example.org,77153 Michael Heights,Lake Theresafort,Massachusetts,Guinea
1641,Joseph,Terrell,timothy94@example.org,978 Castro Mountains Apt. 194,Knighttown,West Virginia,New Zealand
1642,Kenneth,Yang,marcus24@example.com,418 Michelle Stravenue Suite 019,New Hunter,Rhode Island,Nicaragua
1643,Edward,Fowler,deborah86@example.net,88061 Melissa Roads Suite 243,Hollowayfurt,Wisconsin,Bulgaria
1644,Alexander,Johnson,brianna20@example.net,820 Katherine Circles Apt. 443,Emilyville,Texas,Finland
1645,Aaron,Ayala,millerdonald@example.net,135 Ryan Branch Suite 105,Kramerview,Missouri,Montserrat
1646,David,Conway,suereed@example.com,08740 Murray Ridge,North Todd,Vermont,Brazil
1647,Christina,Castro,carrie05@example.com,1963 Vincent Fords,Johnborough,Arkansas,Brazil
1648,Alan,Edwards,thompsonlinda@example.org,917 Jordan Extension,West Jennifer,Iowa,Tuvalu
1649,Alexandra,Jones,marie61@example.net,94563 Nicole Trafficway,Lake Robertofort,South Dakota,Sudan
1650,Danielle,Hughes,scott98@example.net,84308 Roy Harbors,Stephenbury,California,Brunei Darussalam
1651,Karen,Peters,tammy46@example.org,7062 Jacob Ramp Apt. 590,South Codytown,Michigan,Russian Federation
1652,Meghan,Hayes,rfisher@example.org,1486 Gary Trail Suite 725,Cristianburgh,West Virginia,Trinidad and Tobago
1653,Tina,Gardner,smiththeresa@example.com,68433 Kevin Hills,Elizabethburgh,Ohio,Bahamas
1654,Fernando,Mitchell,vwood@example.com,63215 Aaron Shores Suite 637,Sarahchester,New Jersey,Bahrain
1655,Veronica,White,hestertravis@example.net,273 Mccoy Course,Deborahland,Tennessee,French Guiana
1656,George,Hopkins,steven85@example.com,82489 Thompson Bridge,Christineland,Michigan,Hong Kong
1657,Austin,Buck,kingsara@example.org,924 Carlos Port,South Jessica,Massachusetts,Namibia
1658,Michael,Mills,larry54@example.com,13406 Amanda Haven Apt. 903,South Danny,Kansas,Nauru
1659,Ryan,Houston,christy43@example.com,136 Brandt Via Apt. 717,West Alishaview,Ohio,Wallis and Futuna
1660,Tracy,Wilson,marthaclarke@example.net,665 Shirley Ramp Apt. 144,Angeltown,Massachusetts,Lebanon
1661,Adrian,Camacho,andersonsean@example.org,5964 Watkins Vista Suite 344,West Richard,Maryland,Mauritania
1662,Daniel,Cruz,harrisonjohn@example.com,769 Tracy Lights,Morganmouth,Tennessee,South Africa
1663,Amber,Thompson,kathy00@example.com,47512 Kimberly Crest,Gaybury,Indiana,American Samoa
1664,Jessica,Hernandez,christopher12@example.com,4503 Amanda Crossroad Suite 480,South Linda,Vermont,Antigua and Barbuda
1665,Karen,Montgomery,dross@example.org,347 Blake Prairie Apt. 627,West Sharonview,New Hampshire,Venezuela
1666,Sue,Gomez,swatson@example.com,2102 Howell Prairie Apt. 724,East Anita,Delaware,Afghanistan
1667,Brittany,Meyer,christopherbenton@example.org,1133 Henderson Plaza,West Gabrielaview,Kentucky,Tuvalu
1668,Lisa,Meyer,johnsonangela@example.net,031 Robert Drives Suite 894,Bullockfurt,California,Northern Mariana Islands
1669,John,Cole,freemanalexander@example.net,4564 Brittany Glens,South Hollyborough,Arkansas,South Georgia and the South Sandwich Islands
1670,Tracy,Lee,fmyers@example.com,3421 Kevin Burg Apt. 432,Hernandezfurt,Georgia,Kiribati
1671,Marc,Washington,gomezsherri@example.com,02845 Sanchez Dam,Williamsshire,North Carolina,Aruba
1672,Robert,Sanders,richardturner@example.net,3607 Matthew Ville Apt. 221,Robertsville,Oklahoma,Saint Kitts and Nevis
1673,Ronald,Solis,xfrey@example.org,525 Alexander Groves Apt. 390,Christopherville,Mississippi,Maldives
1674,Derrick,Moore,taylorspence@example.com,8743 Annette Fort Apt. 835,West Jeffreyborough,Wyoming,Paraguay
1675,Judy,Nelson,brian25@example.net,136 Michael Forges Apt. 859,Nicolebury,Michigan,Norfolk Island
1676,Ann,Mcgrath,ywilkins@example.net,7014 Anderson Points,New Kevin,Mississippi,Greece
1677,Wendy,Waller,qbaker@example.org,2656 Elizabeth Creek Suite 429,Alexistown,Oregon,Sweden
1678,Victoria,Hall,ysherman@example.org,100 Stone Underpass,Millerland,Illinois,Iceland
1679,Anthony,Taylor,jcardenas@example.org,1188 Philip Ranch Apt. 674,South Amandafort,Nevada,Greenland
1680,Bernard,Rivera,gonzalesraymond@example.net,7584 Saunders Square Suite 858,North Sharonshire,Arizona,Saint Kitts and Nevis
1681,Daniel,Townsend,brandonroach@example.com,7899 Moore Pines,Port Kayleeton,California,Wallis and Futuna
1682,Joseph,Mccullough,amy85@example.net,8010 Le Turnpike Apt. 111,Cowanport,North Carolina,Kiribati
1683,Carlos,Brennan,jamesharrington@example.net,901 Jonathan Fords,Reynoldsland,North Dakota,Lesotho
1684,Anthony,Carey,markcastro@example.com,317 Melissa Spurs,Pittsmouth,New Jersey,Iceland
1685,James,Hall,heatherjackson@example.net,1126 Kristy Views,Charlesstad,Alabama,Armenia
1686,Nathan,Fitzgerald,ryan35@example.org,1618 Wallace Vista,Nicholasstad,Kentucky,Syrian Arab Republic
1687,Anthony,Nguyen,tayloradam@example.net,1099 Young Trace Apt. 222,East Todd,West Virginia,Finland
1688,Joshua,Ramos,twoods@example.org,92084 Amber Mission,Lake Kim,North Dakota,El Salvador
1689,Daniel,Roberts,derek51@example.com,462 Vega Centers,Geraldfurt,Minnesota,Georgia
1690,Tyler,Trujillo,sarah61@example.net,332 Crystal Key Apt. 571,Kevinside,Hawaii,Congo
1691,Vincent,Williams,antoniorodriguez@example.com,25421 Meyer Falls,Port Robert,Washington,Oman
1692,Lisa,Burton,david76@example.org,03437 Jeremy Alley Suite 853,Adamsmouth,Arizona,Iraq
1693,Robert,Peterson,masonamy@example.net,895 Paul Villages,East Karenchester,New Mexico,Czech Republic
1694,Chelsea,Durham,jason19@example.com,887 Nelson Stream Apt. 390,East Jimchester,Massachusetts,Timor-Leste
1695,Sara,Cole,freemanpatricia@example.org,1078 Alexa Villages Apt. 092,Nguyenshire,California,New Zealand
1696,Shannon,Bass,twilliams@example.com,239 James Ports Suite 380,North Alexis,Hawaii,Svalbard & Jan Mayen Islands
1697,Joshua,Wright,hortonmelissa@example.org,144 Jennings Turnpike,New Marktown,Maine,Saint Helena
1698,Carrie,Chandler,shurley@example.com,2950 Wheeler Road Suite 808,Adamsburgh,Rhode Island,South Africa
1699,Randy,Conway,jamesreed@example.com,30209 Michael Ports,Port Edward,Oregon,Congo
1700,James,Jackson,tannernicholas@example.com,3537 Blankenship Vista Apt. 101,Garciafurt,New Hampshire,Saint Pierre and Miquelon
1701,Jamie,Foley,joy09@example.org,76294 Michelle Vista Suite 627,New John,Kentucky,United Kingdom
1702,Christopher,Rodriguez,blakebarrera@example.net,7744 Martin Cliffs Suite 985,South Penny,Alaska,Nauru
1703,Vanessa,Chavez,brownmark@example.org,71210 Aguirre Keys,South Amy,West Virginia,Lao People's Democratic Republic
1704,Joseph,Newman,timothywilson@example.net,19950 Thompson Ridges,Castilloberg,Arkansas,Taiwan
1705,Lynn,Martinez,bwells@example.org,128 Kathryn Flat Suite 710,West Melissachester,New Jersey,Mayotte
1706,Adam,Cole,mmurphy@example.com,1139 Dawn Cape Apt. 501,Mariastad,Georgia,Denmark
1707,Julie,Bailey,rwhite@example.net,347 West Mountain Apt. 618,Tateshire,Arizona,Panama
1708,Kelly,Johnson,jrandolph@example.net,618 Tiffany Prairie,Livingstonmouth,Massachusetts,Dominica
1709,Erin,Green,moorematthew@example.com,539 Dean Run Apt. 866,Wadefort,Alabama,Guatemala
1710,Edward,Perry,durandebra@example.net,1485 Theresa Row Apt. 067,North Paul,Kentucky,Netherlands
1711,Anne,Cole,cody20@example.net,4701 Brett Gardens,Brittanyshire,Montana,Northern Mariana Islands
1712,Kelly,Allen,hfisher@example.org,1276 Mcdonald Inlet Apt. 763,Ronaldtown,Pennsylvania,Germany
1713,Rhonda,Anderson,perkinsmisty@example.com,53998 Jamie Light,South Grantshire,California,Belarus
1714,John,Johnson,higginsspencer@example.com,0430 Ethan Fords,Coleland,Connecticut,Cote d'Ivoire
1715,Sharon,Clark,christopher83@example.net,55796 Ethan Flat Suite 976,Bobbyburgh,South Dakota,Saint Barthelemy
1716,Zachary,Cowan,gfinley@example.com,09716 Seth Cove Suite 718,Christybury,Florida,Malaysia
1717,Brad,Atkinson,jacob60@example.org,1928 Jason Fields,West Sarahport,Idaho,Canada
1718,Amanda,Reid,katrina00@example.com,737 Mullins Harbors Suite 118,West Gregory,Iowa,Saudi Arabia
1719,Aaron,Delgado,moorebethany@example.org,26941 Rebecca Viaduct,East Brianland,Montana,Lao People's Democratic Republic
1720,Jill,Holmes,lisa69@example.org,936 Phillips Stravenue,South Cindy,Mississippi,Zambia
1721,Amanda,Frazier,james37@example.org,90888 Christopher Corner,Porterchester,Rhode Island,Netherlands
1722,Laura,Parker,bsanchez@example.org,038 Lopez Isle,Douglasview,Tennessee,Guernsey
1723,Andrew,Lucas,markchristensen@example.org,05159 Hunter Circles Apt. 904,Lake Andrefurt,Utah,Eritrea
1724,Gregory,Moreno,mary15@example.com,7214 Miller Land,East Daniel,Connecticut,Mauritania
1725,Deborah,Paul,amyowens@example.net,041 Cox Wall Apt. 202,South Jorgehaven,Virginia,Armenia
1726,Alexis,Lee,ksullivan@example.com,21102 Jon Center,New Meganmouth,Delaware,Ecuador
1727,Elizabeth,Carr,kellyshelly@example.net,85118 Ross Spurs,Buchananmouth,Utah,Argentina
1728,Ashley,White,wrightjoseph@example.org,532 Natalie Hills Apt. 434,Michaelside,Kentucky,Guatemala
1729,Scott,Booker,jjohnson@example.net,115 Alexis Skyway,New Lauren,North Dakota,Italy
1730,Rachel,Mcguire,rebeccatravis@example.org,12994 Elizabeth Forge Apt. 292,North Dustin,Missouri,Lithuania
1731,Benjamin,Patterson,baldwinmary@example.org,38529 Wilkinson Track Apt. 135,Michaelton,Maine,Belize
1732,Kimberly,Moran,ysavage@example.net,991 Lewis Island Apt. 079,East Victor,West Virginia,Japan
1733,Ashley,Rodriguez,qchristensen@example.net,35184 Black Harbors,Olsonberg,Louisiana,Estonia
1734,Nathaniel,Johnson,martindenise@example.org,367 Jennifer Harbors Apt. 920,Josephfurt,Kansas,Northern Mariana Islands
1735,Veronica,Morton,abigailcarter@example.com,32710 Ho Shore,Barronmouth,North Carolina,French Guiana
1736,David,Gilbert,latoyajohnson@example.net,4143 Garrett Ferry,Grantton,Georgia,Estonia
1737,Cindy,Brown,christopher84@example.net,723 Lewis Path Apt. 176,Lake Timmouth,California,Denmark
1738,Nicole,Gill,michellesmith@example.net,17562 William Spur Suite 675,Port Howardton,Montana,Botswana
1739,Rachel,Cochran,ronaldsmith@example.net,474 Ronald Pine Apt. 773,Annashire,Arizona,Hong Kong
1740,Benjamin,Maldonado,kcarter@example.org,4047 Taylor Estates,Charlestown,Nevada,Western Sahara
1741,Theresa,Beck,mercedeskaufman@example.org,449 Smith Groves Suite 682,Nelsonchester,Colorado,French Polynesia
1742,Malik,Phillips,jennifer76@example.net,33811 Booth Haven Apt. 332,North Jillianfort,Oklahoma,Slovakia (Slovak Republic)
1743,Vincent,Pearson,olewis@example.net,235 Kimberly Villages Apt. 435,Goodmanland,Nevada,Haiti
1744,Shannon,Macdonald,jeremy74@example.com,5068 Benjamin Glens Suite 432,East Michelleport,Massachusetts,Nauru
1745,Miranda,Stewart,hensleyamanda@example.com,881 Francis Pass Apt. 551,New Melissa,Utah,Mali
1746,Reginald,Jones,heidi47@example.org,45502 Jacobs Common Suite 154,North Brittany,Oregon,Israel
1747,Christopher,Oconnell,earlfrazier@example.org,701 Michael Vista,Port Sara,South Carolina,Niue
1748,Patricia,Mitchell,jacksontracy@example.org,2470 Wallace Knoll Suite 071,Mackburgh,North Dakota,Djibouti
1749,Chad,Thompson,ocolon@example.net,153 Angela Knolls,Smithburgh,Hawaii,Dominican Republic
1750,Todd,Browning,pphillips@example.org,54006 Sanchez Underpass Suite 899,North Markshire,Idaho,Anguilla
1751,Melissa,Mejia,payneanna@example.org,916 Stephanie Squares,East Aprilton,Montana,French Polynesia
1752,Megan,Clark,ramireztimothy@example.org,5035 Sanders Throughway Suite 780,East Terrancefurt,New Jersey,Japan
1753,Daniel,Bush,larsenshaun@example.net,43216 Mcbride Lock Apt. 009,Elizabethhaven,South Dakota,China
1754,Joseph,Chapman,bryanjohnson@example.net,4499 Cassandra Turnpike Suite 858,Fosterville,Utah,South Africa
1755,Dustin,Medina,zimmermanwilliam@example.com,634 Nicholas Loop Suite 671,Fordtown,California,United States Virgin Islands
1756,Robert,Carrillo,ptodd@example.net,733 John Summit,Nicoletown,Texas,Pakistan
1757,Scott,Burgess,lisaellis@example.net,96461 Rosario Viaduct Suite 151,South Austin,Nevada,Lebanon
1758,Steven,Short,deanellis@example.net,8720 Stone Radial Suite 517,Kennethbury,Washington,Switzerland
1759,Marie,Myers,wgray@example.net,623 Janet Ports Apt. 262,Hensleyshire,Oklahoma,Belize
1760,Adrian,Rich,danielle92@example.org,24765 Michael Falls,North Karenburgh,Virginia,Cote d'Ivoire
1761,Margaret,Browning,katelynreynolds@example.net,3248 Stanton Crest Apt. 437,East Marytown,Delaware,Georgia
1762,Deanna,Gray,christophernorton@example.com,989 Cody Estate,Fitzgeraldton,Maine,Somalia
1763,Robert,Chen,hlewis@example.com,07878 Gregory Turnpike,Johnmouth,Arizona,United Kingdom
1764,Jesus,Phelps,cpowell@example.net,3453 Robin Spurs Apt. 827,West Chloe,Nebraska,Latvia
1765,Jessica,Stafford,greenjason@example.org,5042 Floyd Lodge Suite 280,Wellsfurt,Indiana,French Guiana
1766,Lisa,Malone,nicholastaylor@example.com,2045 Kristine Point,Schroederborough,South Dakota,Canada
1767,Nathan,Franklin,ubrown@example.net,9291 Regina Parkway Suite 292,North Henry,Arkansas,Macao
1768,Evelyn,Watkins,campbellmichele@example.org,42179 Sarah Garden Apt. 536,North Kimberlyshire,Washington,France
1769,Bradley,Murillo,kiara40@example.org,22099 John Avenue,West Kellyview,Washington,Oman
1770,Sherry,Livingston,wilsondaniel@example.com,62787 Sherri Villages Suite 600,North Samuel,Idaho,Malta
1771,Jeffrey,Kelley,trujillolisa@example.com,551 Jennifer Underpass,Melaniefurt,New Hampshire,Reunion
1772,Alejandra,Woodard,kaitlinmckinney@example.org,10198 Paul Plains,Kathleenview,South Dakota,Jersey
1773,Lauren,Mcintyre,mary26@example.com,099 Angela Square,Port Lauren,Washington,Uzbekistan
1774,Kyle,Hicks,jasonmiller@example.org,389 Michele Well,South Joshuaton,Kentucky,China
1775,Stacy,Moore,jonsmall@example.org,9840 Peterson Burgs Suite 973,Stevensview,Idaho,Montserrat
1776,Margaret,Murray,kaitlyn51@example.net,8696 Morgan Mills,Smithborough,North Dakota,Netherlands
1777,Brian,Phelps,jamiedavis@example.org,1292 Micheal Roads Apt. 092,South Michaelmouth,North Carolina,Angola
1778,Richard,Schroeder,idiaz@example.com,7763 Johnny Unions,Raymondhaven,Maryland,Kiribati
1779,Christopher,Johnson,rebecca64@example.com,598 Reynolds Corner,Kingville,Massachusetts,Iraq
1780,Mary,Thomas,ericwoodard@example.org,70834 Kevin Harbors,Whitakerport,North Dakota,Iraq
1781,Melissa,Morrison,carsonbrian@example.com,615 Jonathan Valleys Suite 517,Amandashire,New Jersey,Saint Barthelemy
1782,Jessica,Macdonald,daviskaren@example.com,2522 Megan Cliff,Rivasborough,New Jersey,South Africa
1783,Vanessa,Lewis,devin76@example.net,31619 Jennifer Trail,West Barbarachester,Rhode Island,United States Virgin Islands
1784,Stanley,Jones,bowersashley@example.com,582 Kyle Turnpike Suite 731,South Justinside,Connecticut,Ecuador
1785,Richard,Harris,josephphillips@example.net,368 Kane Village,New Brandonfort,New Mexico,Tunisia
1786,Seth,Chung,andrewmontgomery@example.org,03411 Griffin Extension Suite 612,Fordville,Ohio,Botswana
1787,Melissa,Moreno,robertwatts@example.org,20435 Kathleen Ridge Suite 380,New Susan,Wyoming,Antarctica (the territory South of 60 deg S)
1788,Javier,Mercer,michaelfigueroa@example.net,30616 Wiggins Tunnel Suite 403,West Brianborough,South Dakota,Saint Pierre and Miquelon
1789,Michael,Kelly,matthewhodge@example.org,47436 Paul Greens Apt. 888,Lake Nicole,West Virginia,Turkey
1790,Vincent,Castaneda,cindy43@example.com,7335 Elizabeth Crest,Codystad,Rhode Island,Botswana
1791,Mark,Stuart,christophernorman@example.net,2207 Spencer Cove,Port Robertshire,South Carolina,Saudi Arabia
1792,Terri,Jones,cwood@example.net,3064 Jennifer Path Suite 302,New Brianshire,Nevada,Mongolia
1793,Francisco,Adkins,emiller@example.org,19206 Susan Mountain,West Angela,South Carolina,Zambia
1794,Patty,Lindsey,leslie46@example.com,3658 Parker Squares,New Tylerberg,Texas,Uruguay
1795,Nicole,Gray,lholmes@example.org,6805 Bell Cliffs,Jacobsontown,Wyoming,Mali
1796,Joseph,Blair,shaun23@example.com,2994 Romero Streets Suite 818,Omarburgh,Alabama,Andorra
1797,Brian,Ruiz,uschneider@example.net,212 Russell Station Suite 410,East Holly,Michigan,Grenada
1798,Jose,Webb,hallchristopher@example.com,2055 Lisa Pine Apt. 404,Samuelstad,Washington,Australia
1799,Roberto,Reed,linda81@example.com,6042 James Rest,West Jeff,Arizona,Japan
1800,Charles,Harris,snydercaroline@example.net,350 Jerry Avenue,Troybury,New York,Liberia
1801,Christopher,Williams,evansamanda@example.com,0884 Leslie Village,Amberview,New York,Guatemala
1802,Tony,Jones,biancasanchez@example.org,81745 Jonathan Radial,Villarrealport,North Dakota,Trinidad and Tobago
1803,Eric,Hall,burkebenjamin@example.com,0168 Crystal Throughway,Port Scott,Arkansas,Italy
1804,Guy,Wilson,yshaw@example.org,782 Scott Pine Apt. 022,Goodmanmouth,Illinois,Japan
1805,Melissa,Bell,victoria37@example.net,31767 Perez Course Apt. 397,North Colleenhaven,South Dakota,Estonia
1806,Nicholas,Carr,william01@example.org,2412 Renee Skyway,Lake Chasemouth,Alaska,Cuba
1807,Randy,Morris,robertjackson@example.net,814 Michelle Lake,Port Bradley,West Virginia,Uganda
1808,Edward,Glover,evansdaniel@example.net,01067 Debra Pass,Brownside,North Carolina,Somalia
1809,Amy,Collins,scarney@example.org,55511 Lynch Lights,Susanstad,Maryland,Tuvalu
1810,Sharon,White,vaustin@example.com,330 Hayes Courts,Rachelberg,Idaho,Cayman Islands
1811,Charlotte,Knight,mgomez@example.net,5331 Alexander Tunnel Suite 208,New Dennis,New Hampshire,Kuwait
1812,Patrick,Perez,athompson@example.org,946 Roth Haven Suite 300,Brendaview,Illinois,Finland
1813,Tyler,Roberts,barberemily@example.org,7839 James Square,Port Kimberly,Florida,Samoa
1814,Barry,Beck,acrane@example.com,211 Hicks Centers,Lake Christopher,North Dakota,Saint Kitts and Nevis
1815,David,Owen,diazcourtney@example.net,3951 Nancy Union Apt. 038,Michelleberg,Washington,Lesotho
1816,Mark,Franklin,keith58@example.net,35984 Stanley Unions,Stephenside,Kentucky,Madagascar
1817,Christopher,Yu,robertmiller@example.org,386 Walker Trafficway Suite 683,Lake Gabriella,South Dakota,Benin
1818,Nicholas,Calhoun,omartinez@example.org,49322 Ashley Roads Suite 674,Kimberlyport,Alabama,Papua New Guinea
1819,Jacqueline,Greene,joshuadavis@example.net,67532 Anna Groves Suite 411,Hansenstad,Virginia,Kenya
1820,Melanie,Martin,ericrice@example.org,9125 Villegas Roads Suite 650,South Jessica,Kentucky,Guinea
1821,Jennifer,Carter,isabellahill@example.com,331 Katherine Street Apt. 519,Port Taylor,Nevada,Malta
1822,Kevin,Sparks,zmcmillan@example.net,751 Elizabeth Radial,West Kaitlyn,Tennessee,Israel
1823,Francisco,Hernandez,williamgonzalez@example.net,24633 Lewis Plains Suite 836,East Courtney,Michigan,Brazil
1824,David,Baker,hsmith@example.net,285 Julie Well,Lake Dawnville,Alabama,Papua New Guinea
1825,Derek,Sanders,holly85@example.com,804 Turner Skyway,Krystalville,New York,Vietnam
1826,Brittany,Roberts,qwilliams@example.com,328 Shannon Heights Suite 786,Millerport,Pennsylvania,Angola
1827,Joan,Foster,dgonzalez@example.net,4722 Rodney Manor,South John,New York,Croatia
1828,Justin,Wilson,jmills@example.org,61010 Dennis Road Apt. 370,South Mary,New York,Antarctica (the territory South of 60 deg S)
1829,Jennifer,Stevens,hernandezbenjamin@example.org,6782 Eric Point Suite 276,South Jessicaville,Georgia,Denmark
1830,Jason,Gill,sharon99@example.org,534 Smith Drive Suite 981,Myershaven,Hawaii,Tokelau
1831,Richard,Griffin,karendavis@example.com,97646 Cheryl Springs,Yvetteburgh,Illinois,Czech Republic
1832,David,Wu,hartmandeborah@example.org,4301 Mercer Overpass,East James,Minnesota,New Caledonia
1833,Donald,Martinez,rosariokaren@example.net,34124 Harmon Gateway Apt. 807,Jerryfurt,Iowa,Guinea-Bissau
1834,Scott,Lloyd,julie13@example.net,915 Amanda Manors,Jasonmouth,Kansas,Maldives
1835,Lauren,Mathews,millsandrea@example.net,3220 Lang Wall Apt. 114,West Kenneth,Ohio,Iraq
1836,Benjamin,Collins,russellrodriguez@example.net,45134 Robles Islands,Port Joshuaside,Virginia,Guyana
1837,Brenda,Hernandez,karastout@example.com,42288 Gray Islands,South Heidihaven,Florida,Cocos (Keeling) Islands
1838,Marisa,Jefferson,colin28@example.org,422 Elliott Street,Johnsonhaven,Connecticut,Hungary
1839,Katherine,Thomas,ismith@example.org,417 Richard Plains,Catherinestad,Washington,Palau
1840,Andrew,Carter,emiddleton@example.com,4251 Patricia Burg,North Priscilla,New York,Georgia
1841,Melinda,French,sarah70@example.net,76344 Miller Pines,Suttonberg,Oklahoma,El Salvador
1842,Kelly,Luna,muelleramy@example.org,28429 Johns Rapid Apt. 618,South Nicole,Nevada,Guinea-Bissau
1843,Alexander,Collins,richardsbrian@example.org,59361 Jackie Center Suite 765,Jessicabury,New Jersey,Dominican Republic
1844,Barbara,Lozano,kgarcia@example.org,49523 Shawn Estates Suite 437,Port Christinashire,New Hampshire,Israel
1845,Christopher,Lee,christina48@example.com,868 Perkins Forks Suite 223,Lake Jenniferton,Maine,Central African Republic
1846,Jon,Green,alexander48@example.net,41760 Julie Harbor,Robertshire,Oregon,Tokelau
1847,Tina,Malone,tylerwade@example.net,7033 Poole Gardens,Grantside,Maryland,Mauritania
1848,Kevin,Kelly,jwyatt@example.net,45608 Benjamin Mountain Apt. 841,North Logan,New Jersey,Netherlands Antilles
1849,Crystal,Shepherd,tgonzalez@example.net,9684 Kelly Lane Apt. 935,New Christopherbury,Alabama,Timor-Leste
1850,David,Warren,whitedaniel@example.net,2062 Johnson Avenue,New Michaeltown,Washington,Honduras
1851,Leslie,Simpson,erush@example.org,53507 Jeffery Loaf,Amandaton,Minnesota,Malawi
1852,Joseph,Stewart,lawrencelaura@example.org,42244 Kelsey Manors,South Amanda,South Dakota,Austria
1853,James,Ritter,gloverjohn@example.net,4944 Watts Field Apt. 676,South Michaelchester,Michigan,India
1854,William,Weaver,dorothy33@example.com,610 Cordova Flat,Port Karen,Tennessee,Ukraine
1855,Christopher,Bell,ronaldnguyen@example.net,7549 Marissa Rapid,Lake Andrewburgh,North Carolina,Switzerland
1856,Raymond,Reed,isingleton@example.net,7855 Watson Vista Suite 695,New Debra,Missouri,United States of America
1857,Eric,Kelly,greenedarin@example.com,78092 Ramirez Island Suite 900,North Jeremyview,Delaware,El Salvador
1858,Roberto,Aguirre,dominic17@example.net,8541 Jose Roads Apt. 649,Velezbury,West Virginia,Cocos (Keeling) Islands
1859,Ethan,Morgan,allison53@example.org,6179 Melanie Shoals Apt. 177,Guyfurt,Wisconsin,Iran
1860,Jimmy,Burton,davislinda@example.com,16781 Leslie Branch Suite 733,Brownstad,Pennsylvania,Holy See (Vatican City State)
1861,Brent,Osborne,maria05@example.org,11438 Thomas Cape,New Stephen,Illinois,Haiti
1862,Joseph,Dunn,terickson@example.com,7895 Kathryn Alley Suite 501,Port Cassiechester,New Mexico,Cocos (Keeling) Islands
1863,Philip,Fuentes,louis06@example.net,5141 Vaughn Crossing Apt. 625,Shanetown,Missouri,Moldova
1864,Jody,Alvarado,hallsteven@example.net,0000 Sherri Bridge,West Eddieton,Arkansas,Bulgaria
1865,Adrian,Holmes,cherylbanks@example.com,9621 Peter Brooks Suite 098,Thomaston,Ohio,Slovakia (Slovak Republic)
1866,Spencer,Ward,sharon06@example.com,651 Frost Stream,Brookston,Delaware,United States Minor Outlying Islands
1867,Daniel,Matthews,taylor21@example.net,580 Sonya Drive Suite 129,West Melissaview,Florida,Rwanda
1868,Karen,White,martinmichael@example.net,45872 Rice Lock Suite 196,Rickyburgh,Massachusetts,Burundi
1869,Darryl,Figueroa,moradonald@example.com,361 Ramirez Land Suite 462,South Gloria,Oklahoma,Georgia
1870,Erin,Carter,parkskelsey@example.org,542 Nathaniel Port,South Williamchester,Massachusetts,Sweden
1871,Vincent,Ryan,jessica12@example.org,65627 Deborah Isle Suite 867,South Johnchester,New Hampshire,Kazakhstan
1872,John,Arellano,sburke@example.com,193 Smith Freeway,Xaviermouth,Wisconsin,Brazil
1873,Michael,Anderson,millsrichard@example.net,164 Miller Parkways Suite 611,North Ronnie,Rhode Island,Korea
1874,Kelly,Lee,michaelfigueroa@example.net,837 Cohen Glens Apt. 877,Hansonport,Minnesota,Guernsey
1875,Robin,Brown,chenemma@example.com,732 Vaughn Knoll,Hendersonchester,Indiana,Sweden
1876,Timothy,Lee,brendan37@example.net,899 Murray Centers,New Christopherton,North Dakota,Georgia
1877,Amanda,Massey,reedleah@example.com,370 Kevin Oval,Vargasville,Oregon,Slovakia (Slovak Republic)
1878,Eric,Smith,lewisgerald@example.com,32843 Campbell Stream,Rodriguezfurt,New Hampshire,Myanmar
1879,Tonya,Chang,davidsonpamela@example.net,485 Michael Path Suite 116,North Ronnieside,Tennessee,Bahamas
1880,Yvonne,Nguyen,alexisclark@example.org,2329 Howard Islands Suite 003,Allenstad,Alabama,Niue
1881,Jonathan,Smith,joseph77@example.net,27358 Rhonda Plains Suite 696,East Jennifermouth,Michigan,Micronesia
1882,Pamela,Dominguez,teresa28@example.org,651 French Stream,Robinsonview,Rhode Island,Bahrain
1883,Stephen,Pham,thomasashley@example.com,906 Martin Bypass Suite 169,Jonesborough,North Dakota,Nicaragua
1884,Sydney,Smith,rivasdavid@example.net,9892 Thomas River,Cooperton,Delaware,Syrian Arab Republic
1885,Joshua,Rodriguez,miguel08@example.com,19967 Garrett Forks,Oliverburgh,Wisconsin,Azerbaijan
1886,Lauren,Harrington,ischmitt@example.net,66963 Gregory Flats,New Debramouth,Kansas,Benin
1887,Daniel,Clark,patrickhernandez@example.org,70135 Robert Keys,West Michaelberg,Wyoming,Anguilla
1888,Michael,Fuller,andersonjessica@example.net,157 Glover Pike Apt. 303,Lake Michelle,New Hampshire,China
1889,Yolanda,Mack,lindseywoods@example.net,5660 Stephanie Spring Apt. 787,East Brandon,Massachusetts,Luxembourg
1890,Jill,Hamilton,brianfletcher@example.com,20334 Anna Ranch Suite 602,Josephland,Arkansas,Timor-Leste
1891,Dylan,Harris,lisahubbard@example.net,127 Jeremiah Crest,Millerhaven,Oklahoma,Congo
1892,James,Russell,carmenpotter@example.com,14671 Andrew Pines Apt. 273,Ochoaberg,Michigan,France
1893,Sean,Warner,vrobles@example.net,395 Ronald Groves,South Pamelaport,Georgia,Liberia
1894,Gary,Nunez,samanthagreen@example.net,012 Williams Grove,Hillmouth,Louisiana,Lebanon
1895,Summer,Dunlap,joanne02@example.net,2801 Gamble Prairie Apt. 243,Simmonsville,California,French Polynesia
1896,Heather,West,katrina41@example.com,7478 Stephen Views,Hawkinsview,Wyoming,Korea
1897,Margaret,Osborn,jenny04@example.com,137 Smith Drives,Port Justinburgh,New Hampshire,Philippines
1898,Emily,Porter,yharvey@example.com,583 Johnson Brooks Apt. 879,North Jason,Texas,Andorra
1899,Helen,Hunter,david36@example.org,7682 Zachary Mission Apt. 240,East Anitafort,Texas,Singapore
1900,Andrew,Taylor,anthonyparks@example.com,90213 Mary Oval Suite 230,Andradeville,Massachusetts,Aruba
1901,Amy,Dixon,carterjames@example.net,43790 Kerr Falls Suite 470,Hendersonport,Wisconsin,Ethiopia
1902,Christopher,Morales,brianhayes@example.net,209 Hines Shoals Suite 130,Dustinville,Utah,China
1903,Jose,Chavez,hughesjared@example.net,11538 Lloyd Orchard Apt. 467,Lawrencefort,Arkansas,Jersey
1904,Timothy,Garcia,kevincampbell@example.com,15410 Grant Shores Suite 160,Hoganton,Arizona,Nicaragua
1905,Gregory,Phillips,chelsea26@example.com,76528 Delgado Viaduct Apt. 111,Kristenview,Virginia,Niue
1906,Amanda,Simon,leemeghan@example.com,538 Peters Views,Millerfort,Oklahoma,Canada
1907,Jason,Turner,leejoshua@example.org,886 Katie Ville,West Kenneth,Nevada,Japan
1908,Roger,Burgess,dwerner@example.net,082 Rebekah Lights,North Joshuafort,Ohio,Liechtenstein
1909,Russell,Mills,susansmith@example.com,76742 King Freeway Suite 307,Lake Adamburgh,Oregon,Montenegro
1910,Jennifer,Ellis,bennettsteven@example.com,71330 Miller Dale Apt. 206,Christianshire,Michigan,Poland
1911,Gary,Allen,aalvarez@example.com,27137 Joanne Curve,Jordanburgh,Nebraska,Saint Barthelemy
1912,Charles,Nunez,jennifer62@example.org,96685 Johnson Stream,South Diana,South Carolina,Switzerland
1913,Margaret,Benson,nancy48@example.com,1538 Gabriel Camp Apt. 268,Josephport,South Carolina,Latvia
1914,Michael,Morales,vincentbean@example.com,483 Tracie Knoll,Erikamouth,Kansas,Canada
1915,Elizabeth,Edwards,susanstewart@example.net,658 Gibbs Extensions,Washingtonfurt,Alaska,Belarus
1916,Gabriel,Martinez,eolsen@example.net,987 Weaver Flats Suite 192,North Bryanmouth,Maine,Saint Barthelemy
1917,Thomas,Leonard,cowanlisa@example.com,35201 Kerry Passage Apt. 166,West Johnathan,New Mexico,Tonga
1918,Sarah,Haney,kelleyryan@example.net,6720 Miles Greens,West Ariel,Michigan,Faroe Islands
1919,Ryan,Burton,martinezthomas@example.org,011 Lauren Lodge,Rogerfort,Utah,Croatia
1920,Michael,Cunningham,ronalddean@example.org,7105 Wright Squares,West Danielle,Colorado,Mozambique
1921,Tammy,Walls,alexandergomez@example.com,66533 Baker Fields Suite 532,Laurafort,Nebraska,French Southern Territories
1922,Robert,Smith,mirandatiffany@example.net,4219 Christopher Spur Suite 024,Stanleyfurt,Hawaii,Rwanda
1923,Jasmine,Hughes,patricia20@example.net,4863 Romero Passage,Gonzalezfort,Connecticut,Czech Republic
1924,Gabriel,Bartlett,ashley98@example.org,9986 Rebecca Branch,North Stacy,Rhode Island,Guatemala
1925,Kevin,Cole,zhangmelissa@example.org,857 Joshua Branch,Chasemouth,Montana,Dominican Republic
1926,Jay,Davis,christy73@example.com,8527 Hale Isle,Gonzalezburgh,North Dakota,Bulgaria
1927,Lisa,Hill,richardsonfrancisco@example.org,5267 Rogers Fall,New Jennytown,New Mexico,Korea
1928,Matthew,Marquez,qriley@example.com,260 Kathryn Manor,Ryanmouth,Pennsylvania,Japan
1929,Carolyn,Watson,bradlopez@example.com,934 Christy Circles,Lake Kevin,Louisiana,Montenegro
1930,Dennis,Vincent,ncasey@example.com,89011 Anna Cliffs Apt. 885,Lake Ryanside,Mississippi,Norway
1931,Melissa,Miller,steven98@example.com,93412 Dakota Points Suite 314,West Tami,Iowa,Micronesia
1932,Dennis,Williams,ashleydixon@example.com,8666 David Manors Apt. 845,Reyeshaven,Montana,American Samoa
1933,Karen,Brown,rogersjessica@example.com,00031 Melissa Vista,North Dannymouth,South Dakota,Ethiopia
1934,Lisa,Mitchell,gilbertrichard@example.org,034 Kelly Bridge Suite 028,Port Stephanie,Illinois,Panama
1935,James,Santiago,amanda17@example.org,997 Amber Knoll Apt. 459,South Cheryl,Oregon,Lao People's Democratic Republic
1936,Michael,Riley,mbarnes@example.com,1321 Christopher Mews,Susanland,West Virginia,New Caledonia
1937,Roger,Hardy,mejiathomas@example.org,21892 Perez Square Suite 719,Victorchester,Mississippi,Panama
1938,James,Kane,myerspaula@example.org,4448 Torres Cape,South Sarah,Mississippi,France
1939,James,Kelly,romerokathleen@example.org,4774 Ana Lake Apt. 557,New Jennifer,Texas,French Guiana
1940,Justin,Smith,anthony56@example.net,9343 Scott Path Suite 570,Port Christinefurt,Rhode Island,Lebanon
1941,Derek,Gonzalez,roblesamanda@example.org,0133 Martin Wells Suite 006,Lake Andrewview,Wyoming,Myanmar
1942,Christian,Spencer,millersteve@example.com,747 Vasquez Wall,East Leslie,New York,Montenegro
1943,Crystal,Martin,tinajones@example.com,461 Guerra Crossroad Suite 852,Maryside,Massachusetts,Niue
1944,Mary,Luna,philip68@example.net,34467 Anna Gateway Suite 927,South Kennethville,Maine,Namibia
1945,Alexander,Davidson,traviswilliams@example.org,6568 Lori Bypass,Melissachester,North Carolina,Palau
1946,Kimberly,Johnson,mcmillandebra@example.com,0659 Davis Wall,Catherineton,Michigan,Saint Kitts and Nevis
1947,Amanda,Haney,hollygrant@example.net,597 Jenna Trafficway Apt. 104,Hamptonchester,South Dakota,Burundi
1948,Brenda,West,darryladams@example.net,491 Becky Locks Suite 288,New James,Vermont,Moldova
1949,Mark,Hodge,dianalewis@example.com,547 Jeffrey Mills Suite 363,South Linda,California,Cayman Islands
1950,Kevin,Adams,ericstewart@example.net,49784 Sandra Spur,West Tabitha,Virginia,Guinea-Bissau
1951,Henry,Carroll,marie68@example.org,21033 Ford Trafficway Apt. 821,Carrieberg,Alaska,British Virgin Islands
1952,Karl,Bowen,reyesdawn@example.org,242 Martinez Hill,Lake Stevenmouth,Colorado,Lesotho
1953,Matthew,Romero,meganbradley@example.org,1058 Patricia Motorway Apt. 377,South Caroline,Vermont,Lesotho
1954,Alexander,Cunningham,rogergibbs@example.net,530 Gonzalez Mills,Austintown,Mississippi,Japan
1955,Shane,Roy,janemoore@example.net,74050 Douglas Circles Apt. 093,Smithborough,New Hampshire,Nicaragua
1956,Molly,Hale,cmartin@example.org,16151 Gonzales Skyway,Stevenstad,California,Tokelau
1957,Paul,Webb,emily39@example.net,75462 Luna Mission Apt. 215,Stephentown,North Carolina,Jamaica
1958,Jennifer,Bowen,egrant@example.org,65175 Contreras Road Apt. 157,Sherryview,Oklahoma,Panama
1959,Sean,Houston,fgraham@example.org,057 Elizabeth Club,Port Whitneystad,Georgia,Cocos (Keeling) Islands
1960,Nicole,Brown,emily90@example.net,2453 Dana Isle Apt. 121,South Michellehaven,Pennsylvania,Holy See (Vatican City State)
1961,Alex,Sandoval,ssutton@example.net,58093 Downs Springs,Williamsview,New York,Tanzania
1962,Ryan,Scott,shearuben@example.org,65135 Shelton Prairie,West Wendybury,Washington,Netherlands
1963,Melissa,Ball,ryankristen@example.com,8796 Brown Squares Suite 434,Devinshire,Ohio,Nicaragua
1964,Carl,Smith,alexandria88@example.org,1709 Jason Square Suite 072,New Ryan,Alabama,Korea
1965,Julie,Hernandez,brandon42@example.com,70859 Lowe Summit,Christophershire,Delaware,North Macedonia
1966,Kimberly,Ward,timothyferguson@example.org,36475 Meza View,West Ian,Texas,Saint Lucia
1967,Jorge,Gutierrez,kray@example.com,1751 Bobby Meadows,Keithbury,Alabama,France
1968,Jennifer,Crawford,stephen28@example.org,1373 Hamilton Camp Suite 537,New Timothyberg,Oregon,Djibouti
1969,Charles,Edwards,greenemily@example.net,3007 Bryan Crescent,Paulside,Minnesota,Venezuela
1970,James,Reed,benjamin49@example.org,136 Wilson Springs,Robinsonchester,California,Guinea
1971,Joshua,Shepard,christinaturner@example.org,2403 Wolf Branch Suite 021,Jamieton,Vermont,Congo
1972,Mark,Guerrero,andrewberry@example.com,175 Ashley Trail,North Madisonton,Florida,Azerbaijan
1973,Amanda,Goodman,hodgesmichelle@example.org,61377 Brown Mission,Chaneyton,Florida,Swaziland
1974,Lisa,Patel,carrie66@example.net,0119 Wheeler Spring,North Brian,Illinois,Burkina Faso
1975,Roy,Buchanan,nicholasross@example.com,7171 Herring Circle Suite 639,Scottside,New Mexico,Gabon
1976,Brandi,Anderson,williamskelli@example.org,7010 Ryan Union,Patriciatown,Maryland,Turks and Caicos Islands
1977,Rebecca,Medina,cooperjavier@example.net,53383 Larry Cape,West William,South Carolina,Saudi Arabia
1978,Bradley,Martin,dannyallen@example.net,04163 Weaver Heights,Dawnhaven,Nevada,Australia
1979,Mary,Allen,dglover@example.org,280 Johnson Plains Apt. 273,Port Christopherfort,Colorado,Tunisia
1980,Christopher,Silva,evan64@example.com,0094 Brenda Glen,South Anthonychester,Massachusetts,Singapore
1981,Cynthia,Best,brandongreene@example.com,86310 Charles Crest Suite 086,Margaretville,North Dakota,Panama
1982,Joan,Larson,hernandezmichelle@example.net,526 Nancy Highway,Lake Christopher,Virginia,Guinea
1983,Eric,Miller,natashamitchell@example.com,891 Pam Heights,South Jennaberg,Texas,United States of America
1984,Eric,Holmes,tina25@example.net,808 Kevin Ferry,Bethhaven,Virginia,Ukraine
1985,Gregory,Shepherd,campbellamy@example.net,645 West Viaduct Apt. 805,Lorihaven,Arkansas,Svalbard & Jan Mayen Islands
1986,Sean,Wilson,joneschristina@example.net,904 Kelsey Shore Apt. 931,East Ericport,Indiana,Ghana
1987,Brian,Simpson,walkerjennifer@example.com,4007 Mcdowell Mountain Apt. 666,Port Melvinfort,Florida,Uzbekistan
1988,Christopher,Cooper,sfields@example.net,1524 Bird Turnpike,East Heather,Indiana,North Macedonia
1989,Juan,Chavez,thompsonbrandy@example.org,7505 Adams Plain,Bowenchester,Nevada,Oman
1990,Donald,Gonzalez,warelisa@example.net,9477 Jenna Canyon Apt. 516,Johnnyborough,Montana,Luxembourg
1991,Thomas,Blake,belljose@example.net,8600 Aaron Summit,Johnsonton,South Carolina,Qatar
1992,Victoria,Oconnell,jgarcia@example.net,14749 Amber Inlet,South Kenneth,Illinois,Togo
1993,Philip,Liu,blevinsjamie@example.net,28041 Elizabeth Falls Suite 153,Hawkinsland,Georgia,Taiwan
1994,Angela,Garcia,kellerdonald@example.net,14047 Lopez Lock Suite 855,Nobleshire,Vermont,Canada
1995,Joseph,Perry,awest@example.net,96418 Davis Alley Apt. 213,Latoyachester,Ohio,Malawi
1996,Eric,Fisher,carl34@example.net,6966 Michele Rest Suite 247,Lake Willieburgh,Florida,Ecuador
1997,Brian,Bryant,stephen46@example.org,708 Parrish Gardens Apt. 322,East Allison,Louisiana,Falkland Islands (Malvinas)
1998,Karen,Jackson,austinrichard@example.org,927 Castillo Via,Alvarezstad,Vermont,Mozambique
1999,Jessica,Cooper,melissa49@example.com,08846 Chase Trail Suite 263,Randallmouth,Massachusetts,Algeria
2000,Charlotte,Pacheco,david24@example.com,2849 Pamela Trail,Lake Matthewborough,Ohio,Myanmar
2001,Bill,Gibson,icollins@example.net,46976 Sandra Corners,Jacobside,New Mexico,Dominica
2002,James,Mills,smithchristopher@example.org,578 Hunter Wall,Martinezhaven,Wyoming,Singapore
2003,Anthony,Jackson,amberoliver@example.net,76269 Darrell Union,Lake Ronaldmouth,Wyoming,Tajikistan
2004,Kenneth,Ellis,williamsjared@example.org,65051 Krista Forest Apt. 976,New Elizabethfurt,Illinois,French Polynesia
2005,Ronald,Mitchell,anthonyprice@example.org,7657 Carr Isle Suite 404,Erinview,Florida,Eritrea
2006,Michael,Castillo,whitneysandra@example.net,7054 Lindsay Villages Suite 458,Murrayburgh,California,Palestinian Territory
2007,Michael,Cruz,nicholastaylor@example.net,91937 Ingram Locks,Duartechester,Missouri,New Zealand
2008,Debra,Morgan,jamesortiz@example.com,811 Campos Walk,East Maryton,Minnesota,Cocos (Keeling) Islands
2009,Edward,Delgado,zhenson@example.org,7885 Mary Shoals,Thompsonberg,Oregon,Aruba
2010,Jessica,Andrews,bellchristine@example.org,45438 Tucker Cape,New Donna,Alabama,Czech Republic
2011,Wanda,Stephens,patricia77@example.org,4230 John Heights,South Maryview,New York,Greece
2012,Roger,Young,heather54@example.org,5306 Nguyen Groves,Lisaville,Delaware,Israel
2013,Melissa,Chang,madeline67@example.org,6478 Wyatt Lane Suite 058,Port Davidport,New Mexico,Mauritius
2014,Brady,Robles,owilson@example.com,76714 Jackson Highway Suite 629,Lake Diane,Colorado,Uzbekistan
2015,Richard,Smith,jacob35@example.org,985 Caitlin Village Apt. 251,Williamport,Michigan,El Salvador
2016,Charles,Hood,batkins@example.com,6747 James Ramp,South Sandrastad,Wisconsin,Honduras
2017,Jacob,Vega,garciaaudrey@example.net,040 Barker Gateway Suite 691,Courtneystad,Colorado,Burkina Faso
2018,Harold,Hill,angel86@example.com,129 Kellie Center Suite 809,North Brianstad,Ohio,Comoros
2019,Gerald,Snyder,christensenjohnny@example.org,959 Maynard Estate Suite 873,Port Kellychester,Ohio,Norway
2020,Lisa,Lopez,ljones@example.com,30295 Harrell Meadow Apt. 903,South Davidmouth,Colorado,Israel
2021,Stephen,Cross,collinsallison@example.org,5061 Gray Landing Suite 582,West Jonathanville,Oregon,Taiwan
2022,Bethany,Delgado,cwade@example.net,77024 Garrett Creek Apt. 757,Lewisfort,Alabama,Sao Tome and Principe
2023,Vicki,Mcmahon,rjimenez@example.com,1529 Long Mission Suite 639,Smithside,Georgia,Macao
2024,Debbie,Perry,pcook@example.org,400 Dominique Courts Suite 777,Maryville,Montana,Liechtenstein
2025,Jeremy,Harris,cpark@example.com,536 Leon Trace,Vincentside,Wisconsin,Tunisia
2026,April,Evans,karen76@example.org,74768 Crystal Landing Suite 071,Chambersshire,Alabama,Korea
2027,Jasmine,Gilbert,donnacampbell@example.net,861 Andrea Lights,New Josephburgh,Alaska,Spain
2028,Michael,Barton,hpierce@example.org,74358 Julie Flat Suite 295,Port Paultown,Illinois,Palestinian Territory
2029,Sabrina,Hill,ramirezmatthew@example.org,57856 Miles Place Apt. 944,Port Lauratown,Nebraska,Namibia
2030,Dennis,Schneider,josephhull@example.org,04648 Shelia Trace,Port Cynthia,Nevada,Bermuda
2031,Joshua,Johnson,scott31@example.org,5105 Randall Squares Apt. 121,Michaelton,Arizona,Equatorial Guinea
2032,Janice,Joyce,andrew15@example.org,393 Christina Creek Suite 556,North Kimberly,New Mexico,Chile
2033,Bruce,Cooper,hardydakota@example.net,68438 Craig Mission Suite 926,Lake Stanley,Texas,Taiwan
2034,Robert,Reed,michael74@example.net,095 Brown Brook Suite 087,Vincentbury,Rhode Island,Luxembourg
2035,Anna,Le,julieduncan@example.com,832 Jones Knoll,Matthewport,Ohio,Georgia
2036,Connie,Bradford,gperez@example.org,35161 Walters Plains Apt. 781,Johnsonstad,Colorado,Equatorial Guinea
2037,Kathryn,Valdez,garrisonlouis@example.com,544 Chavez Rest Suite 494,Stevenmouth,Iowa,Equatorial Guinea
2038,Amanda,Higgins,rachel16@example.com,16773 Timothy Islands,Fieldsberg,California,Slovenia
2039,Mary,Sanchez,lauren07@example.net,731 Timothy Shore Apt. 118,Mercerborough,Florida,Peru
2040,Kyle,Frazier,jennifer98@example.com,37667 Frances Fields,East Katherineland,Ohio,Norfolk Island
2041,David,Russo,wilsonjohnathan@example.org,87348 Morton Fords Suite 850,Jonesstad,Pennsylvania,Gambia
2042,Danny,Skinner,michellehale@example.net,06652 Rosario Drive Apt. 813,West Rodney,Georgia,Cambodia
2043,Dennis,Collins,spencer06@example.net,45003 Jamie Square Suite 185,Allisonhaven,Georgia,Sweden
2044,Carl,Padilla,luiscross@example.net,902 Lindsey Mount Suite 231,Veronicaville,Iowa,Maldives
2045,Steven,Davis,zserrano@example.org,52097 Douglas Forks,Lake Joshua,Illinois,France
2046,Sheri,Moore,xgreene@example.com,7712 Hill Forge,South Andrewfurt,Pennsylvania,Rwanda
2047,Bryan,Wilson,kevin99@example.com,528 Kimberly Rue Apt. 285,North Duanemouth,Tennessee,Guadeloupe
2048,Caitlin,Campbell,hmoses@example.org,0397 Alexandra Springs Apt. 686,North Stephanieview,Maryland,Lao People's Democratic Republic
2049,Catherine,Moreno,annematthews@example.com,4189 Mcguire Street Apt. 838,North Jennaport,Massachusetts,Faroe Islands
2050,Blake,Shah,jsimpson@example.org,4184 Robert Trail,Danielshire,New Hampshire,Iceland
2051,Robert,Washington,ndrake@example.net,009 Mason Union Suite 175,Emilybury,Missouri,Monaco
2052,Stephen,Weiss,dcastro@example.com,801 Norton Ford,South Samanthashire,Maine,Haiti
2053,Mark,Byrd,thomastran@example.com,590 Stephen Coves Apt. 242,Eatonview,Oregon,French Guiana
2054,Samuel,Murphy,moraleshunter@example.org,2902 Timothy Village,Rebeccaburgh,Missouri,Antigua and Barbuda
2055,James,Lawrence,cynthia83@example.net,923 Darius Park Apt. 614,Leblancborough,Nebraska,Moldova
2056,Robert,Stafford,tannerheather@example.net,6512 Michael Passage Apt. 090,North Bettyborough,Delaware,Egypt
2057,Michelle,Bowen,bwilliams@example.com,21407 Parker Corners,Jeffreyfurt,Ohio,Germany
2058,William,Daugherty,jeffrey21@example.org,3978 Chandler Pass Apt. 596,New Jessicafurt,North Carolina,Colombia
2059,Lauren,Villa,adam77@example.org,48022 Johnson Drives Apt. 205,Alexashire,Wisconsin,Kiribati
2060,Taylor,Snyder,scottanthony@example.net,9170 Jessica Dale Suite 770,Lake Amanda,Massachusetts,Madagascar
2061,Bradley,Johnson,shannon08@example.org,4132 Campbell Ranch Suite 520,Joshuaside,Delaware,Nicaragua
2062,William,Martin,tara63@example.net,29459 Steven Parks Apt. 163,Jillianshire,Missouri,Aruba
2063,Jamie,Blake,molson@example.org,068 Evans Port,West Karenstad,Rhode Island,Togo
2064,Richard,Clarke,kelleysean@example.org,27859 David Grove Suite 709,New Kristenport,Arkansas,Slovakia (Slovak Republic)
2065,Nicholas,Rogers,kellywilliams@example.net,3292 Valdez Tunnel,West Annestad,North Carolina,Iceland
2066,Frank,Weber,lindseyfrost@example.net,56141 Garrett Vista Suite 173,Port Sergio,Connecticut,Ireland
2067,Laura,Franco,carlariley@example.org,297 Selena Locks,North Andreastad,Minnesota,Cyprus
2068,Jennifer,Eaton,brooksrebecca@example.org,2019 Buckley Flat Apt. 358,Mahoneyborough,Nevada,Netherlands Antilles
2069,Andre,Patton,kylemiller@example.com,8225 William Ports Suite 537,East Heathermouth,Texas,Indonesia
2070,Kayla,Lawrence,alexandra50@example.net,5335 Lutz Junction,East Allen,Nevada,Swaziland
2071,Donald,Perez,fgordon@example.org,404 Gina Throughway Apt. 340,Alexanderville,Mississippi,Belize
2072,Jeffrey,Johnson,qcarr@example.net,25526 Wise Ways,South James,Rhode Island,Monaco
2073,James,Kim,katherinejackson@example.net,5270 Kevin Fall,Philipfurt,Utah,Faroe Islands
2074,James,Duncan,ewilliams@example.net,6191 Debra Pass,Walterbury,South Dakota,Argentina
2075,Jerry,Coffey,tiffany39@example.net,25874 Wells River Apt. 700,New Danielstad,New Jersey,United Kingdom
2076,Victoria,Parsons,katherine92@example.org,97972 Moore Trafficway Suite 791,Stewartmouth,Rhode Island,Marshall Islands
2077,Theresa,Barker,mitchellnicholas@example.net,45695 Paige Glens Suite 283,Laurenland,Georgia,San Marino
2078,Adam,Lopez,carolynmorse@example.net,2145 Rebecca Plains Suite 098,Wigginsland,Maryland,Syrian Arab Republic
2079,Leah,Garcia,andrew09@example.com,729 Anthony Mountains,Belindahaven,Tennessee,Mayotte
2080,John,Pena,wallsarah@example.net,39876 King Place Suite 135,Johnhaven,Vermont,Christmas Island
2081,Richard,Schroeder,fowlerjay@example.com,8715 Keith Key,Jeffreytown,Oregon,Singapore
2082,Shannon,Morgan,andersonricky@example.com,62174 Elizabeth Dale Suite 106,North Dana,Illinois,French Guiana
2083,Michael,Walker,brownjessica@example.com,286 Karen Center,Alexisborough,Delaware,French Polynesia
2084,Morgan,Fowler,johnsonjessica@example.net,3332 Kevin Meadows Apt. 869,Cameronburgh,Vermont,Hong Kong
2085,Patrick,Richmond,lwalter@example.com,983 Castillo Shores Apt. 589,Annamouth,Pennsylvania,Costa Rica
2086,Sandra,Harmon,jonesian@example.org,4909 Lisa Crescent,Geraldton,Idaho,Solomon Islands
2087,Scott,Griffith,jack98@example.org,548 Sheri Green Apt. 543,Lake Nathanbury,Maine,Tonga
2088,Amy,Ramos,gstevenson@example.com,275 Karen Islands,West Elizabethville,California,Swaziland
2089,Grant,Castillo,gregoryknight@example.com,80312 Tanya Crest,Port Lisa,Georgia,Micronesia
2090,John,Walton,mjones@example.org,6772 Turner Park,East Virginiaberg,Pennsylvania,Malawi
2091,Charles,Robbins,vchang@example.net,09690 Williams Terrace,Ryanmouth,New Jersey,Pakistan
2092,Donald,Gray,lindsaymcdonald@example.net,34164 Amanda Pine Apt. 434,Maynardport,Illinois,Russian Federation
2093,Travis,Potter,marcharvey@example.com,5105 Robert Passage,Cameronburgh,Maine,Wallis and Futuna
2094,Susan,Blake,jonesfernando@example.com,451 Keith Court,Carolineton,West Virginia,Chile
2095,Rachel,Mercado,lorichoi@example.net,18236 Mason Key,Jordanfurt,Kansas,Congo
2096,Jose,Jacobs,annagriffith@example.com,5830 Lori Track Apt. 199,Conradmouth,New Mexico,Congo
2097,Allen,Owens,christopher18@example.net,90133 Vasquez Crest,Randallmouth,Kentucky,Pitcairn Islands
2098,Derek,Allen,dawnkidd@example.net,0508 Ross Glens,Port Erin,North Dakota,Mauritius
2099,Michael,Poole,anthony05@example.org,9849 Deborah Meadows Apt. 395,Lake Jill,Hawaii,Samoa
2100,Rhonda,Carter,michaelduke@example.net,5927 Steve Common Suite 798,South Susanton,South Dakota,Mayotte
2101,Eugene,Morris,ariasamber@example.org,5272 Jacob Crossing Suite 974,Jacksonhaven,Texas,Guernsey
2102,Jacob,Burns,mscott@example.org,27634 Robert Crescent Suite 407,Manningstad,Oklahoma,Mayotte
2103,Richard,Navarro,chowell@example.net,147 Angela Divide,East Nathan,Colorado,Bhutan
2104,Julie,Miller,vrogers@example.org,19643 Evans Mission Suite 468,Robertstad,Indiana,Qatar
2105,Kendra,Yoder,laurarodriguez@example.org,33478 Cory Lock,West Wanda,Oregon,Bouvet Island (Bouvetoya)
2106,Robert,Taylor,lindsey57@example.com,4107 Arthur Street,Susanhaven,Pennsylvania,Sri Lanka
2107,Heather,Cross,murphylisa@example.com,123 Hunter Village Apt. 400,Williambury,California,Sierra Leone
2108,Brian,Sanders,wunathan@example.net,68574 Valentine Lane Suite 785,East John,Maine,Netherlands
2109,Oscar,Carroll,jessica47@example.com,652 Ross Forest Apt. 294,South Anthony,Indiana,Bolivia
2110,Joshua,Weiss,kristen87@example.net,017 Thomas Harbors,Christopherbury,Montana,Congo
2111,Darryl,Wells,nelsoncody@example.net,9590 James Mountains Apt. 959,New Debbieshire,Nebraska,Benin
2112,Seth,Gonzalez,meganramirez@example.org,7331 Rowe Curve Apt. 092,Lake Michaelton,Mississippi,Bhutan
2113,Derek,Kemp,barbarawilliams@example.net,186 Cook Valley Apt. 207,North Patrick,Massachusetts,Lesotho
2114,Edward,Espinoza,karina59@example.net,32838 Baker Hills Apt. 356,New Ricky,Minnesota,Samoa
2115,Sean,Ellis,sarah14@example.org,358 Rick Meadow,Blackville,Nevada,Pitcairn Islands
2116,Troy,Wright,jpatterson@example.net,355 Jodi Wells,Dorseyhaven,New Jersey,Heard Island and McDonald Islands
2117,William,Le,jasonsmith@example.net,3695 Berg Mount Apt. 846,Matthewville,Pennsylvania,Mexico
2118,Bonnie,Buchanan,rachelstevens@example.org,1058 Ponce Road Suite 389,Lake Mikaylahaven,Arkansas,Gibraltar
2119,Shawn,Fischer,odavis@example.org,66330 Mason Stravenue Suite 055,Riddlebury,Oregon,Netherlands Antilles
2120,Donna,Clark,livingstonchristina@example.com,3257 Lewis Place,Port Nancy,Washington,Botswana
2121,Cody,Guerra,melissagarcia@example.com,19523 Massey Lodge Apt. 324,Travismouth,Connecticut,Mauritania
2122,Samantha,Barnett,nwatts@example.com,39055 Medina Oval,North Brandon,Washington,Austria
2123,David,Watson,jay38@example.com,347 Donna Park,Jeremyhaven,New Hampshire,Cuba
2124,Scott,Chavez,robertfields@example.org,7432 Thomas Spring,West Stephanie,Wisconsin,Antigua and Barbuda
2125,Nicholas,Parker,christopherhill@example.net,5333 Ramirez Expressway,Port Amberchester,Kansas,Bahamas
2126,Mark,Wells,pchen@example.net,1527 Huerta Mountain,North Michellemouth,Alabama,Sudan
2127,Austin,Dunn,reeseconnor@example.com,7626 Stacey Lake,New John,Wyoming,France
2128,Elizabeth,Parsons,tyler41@example.org,3889 Craig Port Suite 897,Jenniferstad,Wisconsin,Suriname
2129,Anthony,Carson,quinnmiranda@example.net,81411 Timothy Summit,Port Kristin,Minnesota,Canada
2130,Todd,Clarke,ygamble@example.net,706 Stephanie Crossing Apt. 259,Andrewtown,Nevada,Mozambique
2131,Michael,Henderson,bparker@example.net,4419 Flores Lodge,South Lisa,South Dakota,Tajikistan
2132,Kenneth,Clark,nathan98@example.net,4333 John Village,Zimmermanfurt,Virginia,Timor-Leste
2133,Adam,Walker,briantorres@example.com,833 Rollins Square Suite 570,North Williamville,Illinois,Pakistan
2134,Evan,Wise,pottersteven@example.org,49509 Lopez Pines,Sandersfort,Montana,Heard Island and McDonald Islands
2135,Amy,Douglas,dariuselliott@example.org,2967 Reed Grove Apt. 984,Lake Stanleyton,Missouri,Tokelau
2136,Andrew,Long,mmack@example.com,30370 Chavez Trace,Adamfurt,Arizona,Nigeria
2137,Sean,David,benjamin82@example.org,395 Gabriella Parkway,Lake Jason,California,Liberia
2138,Darrell,Sanchez,enunez@example.net,8406 Bartlett Rue,Bowmanberg,Massachusetts,Montenegro
2139,Regina,Mack,zacharythompson@example.net,2768 Aaron Lock,South Brianland,New Hampshire,Hungary
2140,Sandra,Merritt,stevenallen@example.com,83243 Jacqueline Fields,Amberton,North Carolina,Cayman Islands
2141,Erin,Bradshaw,toddbooker@example.com,90297 April Lodge,Michaelstad,Georgia,Hungary
2142,Steven,Newton,christina12@example.com,63681 Wood Harbors Suite 552,Fischermouth,Wisconsin,Liechtenstein
2143,Chelsea,Miles,andersonallison@example.com,2136 Howard Course Suite 103,Amberfurt,Alaska,Comoros
2144,Andrea,Simmons,ericvillanueva@example.net,062 Jessica Branch Suite 498,West Raymondville,Georgia,Italy
2145,Gloria,Schwartz,rosalesmonica@example.com,03430 Wood Spring Apt. 167,East Kevin,Iowa,British Virgin Islands
2146,Peter,Greer,wilsonerin@example.com,39471 Christopher Estate Apt. 251,Port Christopher,Georgia,Equatorial Guinea
2147,Donna,Jones,justin90@example.com,43560 Christina Mission Apt. 671,Gonzaleshaven,Alaska,Japan
2148,Mitchell,Howard,jeremiahhunter@example.com,204 Bradford Fort Suite 099,Amandaside,Oklahoma,Colombia
2149,Mitchell,Johnson,pgross@example.net,667 Edwin Square,Williamsside,Ohio,Madagascar
2150,Jennifer,Lee,dhorn@example.com,4972 Valerie Cove Suite 293,Troymouth,Florida,Malaysia
2151,Andrew,Perez,daniel17@example.com,339 Schwartz Roads,Bradleyberg,Pennsylvania,Timor-Leste
2152,Heidi,Gross,vanessa92@example.com,2115 Vanessa Green,New Hailey,Florida,Tajikistan
2153,Derrick,Brown,liusamuel@example.com,3187 Shelton Estate,Hudsonside,Texas,Solomon Islands
2154,Samantha,Hensley,evelyn57@example.net,57506 Rebekah Wall,Melissatown,Maryland,New Zealand
2155,Heidi,Gomez,thomas52@example.com,2474 Peterson Flat,Lake Kimberly,New York,Algeria
2156,Gina,Duffy,villegasrobert@example.org,94876 Allen Tunnel Suite 634,East Stevenland,West Virginia,Yemen
2157,Phillip,Page,bradleymichelle@example.org,7836 Carrie Roads,Mistyview,Nebraska,Micronesia
2158,Jennifer,Hamilton,waltersjeremy@example.org,5568 Joyce Plains,Morrisonchester,Delaware,Bermuda
2159,Kimberly,Terrell,brandonterry@example.org,4683 Stuart Dam Suite 167,Durhamchester,Michigan,Switzerland
2160,Ashley,Bennett,stephanie14@example.com,522 Rodriguez Lodge Apt. 248,Jonathanborough,Georgia,Cape Verde
2161,Joshua,Acosta,ricardo04@example.net,4064 Hanna Viaduct Suite 519,Danielburgh,Utah,Austria
2162,Julie,Allen,reillymichael@example.org,858 Denise Ford Suite 244,New Mark,Georgia,Saint Kitts and Nevis
2163,Rachel,Sosa,charles76@example.com,655 David Cliff Apt. 563,Port Sarah,South Dakota,Cote d'Ivoire
2164,Jose,Morse,james14@example.net,251 Tate Ports,East Meganberg,Florida,Sweden
2165,Kelsey,Taylor,moorejessica@example.net,903 Monica Underpass,East Matthewborough,Kansas,Niger
2166,Kimberly,Lopez,qvance@example.org,0998 Antonio Inlet Suite 746,East Brandon,Maryland,Ghana
2167,Jose,Wheeler,david33@example.org,824 Smith Villages,Lake Stephaniebury,Kansas,Philippines
2168,Timothy,Fox,michelesanchez@example.com,0255 Michelle Spring,Patrickfurt,South Carolina,Seychelles
2169,Evan,Wade,stephenjackson@example.org,9396 Roman Skyway,Johnsonmouth,New Mexico,Cocos (Keeling) Islands
2170,Patrick,Stewart,allenbrandy@example.com,81866 Thompson Pine Suite 693,Ellisview,New York,Iceland
2171,Justin,Palmer,cterrell@example.org,7828 Spencer Flats,Lake Christianstad,Nebraska,Somalia
2172,Melissa,Travis,dpoole@example.com,52752 Brandy Pass,North Bradley,New York,Mexico
2173,Whitney,Larson,ioliver@example.net,820 Farrell Glens,East Mikaylamouth,South Carolina,Russian Federation
2174,Ryan,Nguyen,blaircarol@example.com,9602 Angela Radial Apt. 874,South Jennifer,New Mexico,Malawi
2175,Devin,Small,jensenbruce@example.net,985 Miller Course,Sharonborough,Kansas,Namibia
2176,Kimberly,Harding,jason69@example.com,24099 Emily Pines Suite 825,Jenniferview,Tennessee,Heard Island and McDonald Islands
2177,Sarah,Leonard,turnerrebecca@example.com,23151 Hill Isle Suite 625,New Shawn,New Mexico,Hong Kong
2178,Christian,Bonilla,csimpson@example.com,474 Thomas Trafficway Suite 243,South Sara,Texas,China
2179,Theresa,Price,ydowns@example.net,75974 Emily Loop Apt. 604,Stephanieville,Pennsylvania,Guinea-Bissau
2180,Randall,Johnson,robynkelly@example.net,47622 Harvey Shore,New Ryan,Ohio,Maldives
2181,Justin,Williams,csmith@example.com,32696 Mcmillan Passage,North Angelaside,Pennsylvania,Bolivia
2182,Nathan,Stevenson,jeffery18@example.net,07658 Thomas Causeway,Bakerbury,Massachusetts,Estonia
2183,Joseph,Patterson,hallnancy@example.net,778 Robert Glens Suite 777,Kyleborough,Utah,Somalia
2184,Cynthia,Mays,schaeferterri@example.org,1610 Kyle Place Apt. 597,Russellfort,Alaska,Malta
2185,Carrie,Jones,dhamilton@example.org,778 David Mountains,Anthonymouth,Wyoming,Cuba
2186,Lori,Valentine,whitecindy@example.org,227 Snyder Locks,West Michael,Hawaii,South Georgia and the South Sandwich Islands
2187,Sharon,Bryant,heatherhunter@example.net,801 Moody Lake Suite 790,North Michael,North Carolina,Gibraltar
2188,Edwin,Smith,ksilva@example.org,93623 Michael Mountains,Nixonland,Maine,Niue
2189,Christina,Bradford,harperlinda@example.com,84490 Kevin Row Suite 963,Lake Charlesfurt,Mississippi,Morocco
2190,Brittany,Evans,amanda24@example.com,251 Katrina Fields Apt. 146,New Adam,Indiana,Faroe Islands
2191,Stacy,Winters,vanessa15@example.org,33236 Amanda Stravenue Apt. 814,New Andrewburgh,Missouri,Slovakia (Slovak Republic)
2192,Courtney,Gonzalez,mitchellcatherine@example.com,870 Adams Freeway Apt. 820,West Kathleen,Oklahoma,Liechtenstein
2193,Gregory,Johnson,ocruz@example.com,123 Luis Ford Apt. 759,East Eric,Montana,Nepal
2194,Lindsey,Villegas,tchoi@example.net,979 Shannon Port,Patelburgh,Alabama,Nepal
2195,Christopher,Rodriguez,ymays@example.com,7448 Alvarado Knoll,Jaredville,Missouri,Latvia
2196,Jason,Taylor,judy75@example.com,149 Collins Dam Suite 703,Marcmouth,Mississippi,Taiwan
2197,James,Mcdonald,debra79@example.com,5071 Williams Alley Apt. 351,Lake Melissa,Indiana,Nauru
2198,Melissa,Beasley,stevenpena@example.com,9658 Theresa Circle,Angelamouth,Minnesota,Antigua and Barbuda
2199,David,Scott,griffithtracey@example.com,490 Aaron Isle Apt. 861,Jasminemouth,Arizona,South Georgia and the South Sandwich Islands
2200,Jeremy,Campbell,lindseysmith@example.net,80180 Rivers Forks,West Jessica,Wisconsin,Sao Tome and Principe
2201,Vicki,Vega,juliebarber@example.net,162 Smith Road Apt. 944,Karenberg,Hawaii,Syrian Arab Republic
2202,Martin,Washington,lisa30@example.com,95484 Lisa Springs Suite 564,West Ryan,Texas,South Africa
2203,Anthony,Copeland,aaron10@example.com,82351 Andrews Shore Apt. 784,West Danielport,New Hampshire,Nauru
2204,Angela,Church,kenneth31@example.net,31125 Julie Course Suite 951,New Debrashire,Florida,Malawi
2205,Joan,Hancock,stephanie41@example.com,56296 Jackson Forest,North Jasmineberg,Minnesota,Ukraine
2206,Matthew,Hill,tonicruz@example.com,013 Berger Wells,Popetown,Vermont,Guatemala
2207,Dustin,Martin,hsparks@example.net,4330 Donna Dam,East Jillville,New York,Latvia
2208,Jamie,Guerrero,matthewcampbell@example.net,756 Cheryl Points,Marciaside,Kansas,Yemen
2209,Nicholas,Stuart,langlinda@example.com,91484 John Rue,Lake Kendrabury,Maryland,Colombia
2210,Laura,Stewart,charlesmartin@example.org,611 Miller Green Apt. 245,Julietown,Wyoming,Norfolk Island
2211,Jonathan,Smith,dayheidi@example.org,093 Stacy Mountain Apt. 786,South Alexander,Wisconsin,Aruba
2212,Crystal,Powell,andrewespinoza@example.com,27546 Hartman Port,Markfort,Wyoming,Uganda
2213,Kim,Henderson,stephen71@example.net,5065 Melissa Brooks,Port Lesliebury,Arizona,Trinidad and Tobago
2214,Brian,Clark,simpsonamanda@example.com,09621 Rivera Curve,East Sylvia,Maryland,Congo
2215,Tonya,Garner,fwilcox@example.com,01663 Melinda Ridges,Rogersfort,Nebraska,Madagascar
2216,Edward,Hernandez,rclark@example.com,574 Peterson Rest,Jessicaland,Illinois,Andorra
2217,Julia,Ford,ayalaamber@example.org,30103 Mendoza Stream,New Sarah,North Dakota,Saint Martin
2218,Danielle,Browning,jlewis@example.net,53929 Elizabeth Vista Apt. 395,New Maryfort,Texas,Wallis and Futuna
2219,Jennifer,Garrett,lrobertson@example.org,46344 David Street,Johnsonland,Louisiana,Colombia
2220,Lucas,Williams,zjackson@example.org,533 Gross Ways Suite 938,Lake Kennethview,Wyoming,Madagascar
2221,David,Johnson,cestrada@example.com,1023 Trevor Oval Suite 508,Mcdowellbury,Kansas,Indonesia
2222,Denise,Patton,william09@example.org,72580 Smith Streets Apt. 971,New Darryl,Nevada,Anguilla
2223,Douglas,Moreno,xduncan@example.com,700 Barbara Lake,Lake Alejandra,North Carolina,Hungary
2224,Diane,Deleon,mrobinson@example.org,55757 Munoz Walk Suite 127,New James,Nevada,Lithuania
2225,Brianna,Dawson,vsmith@example.org,71506 James Park Suite 610,Thomasberg,New Hampshire,Greece
2226,Amy,Rowe,shawkins@example.org,92015 Matthew Spring,North Dana,Oregon,Algeria
2227,Jon,Giles,christopherwilliams@example.com,920 Edward Common Suite 843,Laurenton,Virginia,Mongolia
2228,Barbara,Collins,michellegraves@example.com,328 James Forges,Lake Shannon,New York,Vietnam
2229,Hunter,Liu,aalvarez@example.com,78843 Dustin Ramp,Marshallport,Mississippi,French Guiana
2230,Rick,Galloway,emily67@example.net,29062 Campbell Ranch Suite 316,Port Dana,Arizona,United States Minor Outlying Islands
2231,Alyssa,Smith,balllevi@example.net,9424 Mendez Shoals,New Allisonside,Idaho,New Caledonia
2232,Sarah,Patterson,adamwilliams@example.org,5936 Perry Fork Suite 464,Amberchester,New Hampshire,Philippines
2233,Kimberly,Alvarado,jamesgeorge@example.com,362 Perez Drives Apt. 989,Lake Kyletown,Kansas,French Polynesia
2234,Daniel,Walker,kennedychristopher@example.net,5114 Emily Springs Apt. 190,Rogersbury,Oklahoma,Turkmenistan
2235,Lisa,Rodriguez,ellisbrandon@example.net,712 Parks Underpass Apt. 927,Cobbtown,Utah,Croatia
2236,David,Sims,elee@example.com,9062 Gina Loaf,West Jesusport,West Virginia,Suriname
2237,Carl,Henderson,jacobsonolivia@example.com,0017 Cody Road,New Brianstad,Colorado,Papua New Guinea
2238,Jennifer,Griffin,burgessalex@example.net,83926 Kevin Pike Apt. 933,Stonefort,West Virginia,Honduras
2239,James,Singh,craigsavannah@example.org,812 Christina Junctions,New Kevin,Florida,Slovakia (Slovak Republic)
2240,Catherine,Delgado,natalie21@example.org,30222 Catherine Turnpike,East Kyliemouth,Oregon,Timor-Leste
2241,Stacy,Collins,ntorres@example.com,1557 Kenneth Village,Jeffreymouth,South Dakota,Sweden
2242,Holly,Patton,james38@example.com,222 Patricia Pike Suite 478,Glendatown,Illinois,Maldives
2243,Tara,Burns,mjennings@example.org,34700 Wilson Unions,Zacharychester,South Dakota,Bolivia
2244,Lisa,Long,melissawade@example.net,4811 Armstrong Harbor Suite 956,East Brianberg,Hawaii,Martinique
2245,Jeffrey,Romero,xlane@example.org,859 Miller Branch Suite 087,Andrewside,Connecticut,Chad
2246,Christina,Carlson,dominic44@example.com,237 Young Locks,East Karenfurt,Maine,Albania
2247,Jay,Cantu,keithsmith@example.net,901 Andre Port Apt. 347,Loweview,South Dakota,Zambia
2248,Joseph,Esparza,nancythomas@example.org,6258 Gregory Branch,Woodland,Wyoming,Niger
2249,Jamie,Luna,campbelldavid@example.org,156 Thomas Drive Apt. 684,Lake Kevin,Pennsylvania,Tanzania
2250,Shawn,Lawrence,ehall@example.net,80594 Michelle Corner,Tiffanyberg,New York,Mauritania
2251,Brent,Williams,kristiramos@example.net,7027 Ayala Parkway Apt. 699,South Danielton,Indiana,Azerbaijan
2252,Thomas,Nolan,molinabryan@example.net,32037 Kristi View Apt. 810,Joneschester,Illinois,Kiribati
2253,Julie,Lopez,matthew31@example.org,905 Fox Burg,Vanceborough,South Dakota,Saint Martin
2254,Jennifer,Coffey,nhernandez@example.net,805 Christopher Cliffs Apt. 254,Cranefurt,Rhode Island,North Macedonia
2255,Troy,Miller,clifford02@example.net,1733 Arias Stravenue Suite 352,Conradview,Indiana,Turks and Caicos Islands
2256,Robert,Mckenzie,ericscott@example.net,683 James Tunnel,East Stevenville,Idaho,Netherlands Antilles
2257,Jeffrey,Woodard,parkersheila@example.org,74519 Moreno Track,Millerview,Missouri,Aruba
2258,Christy,Logan,herrerasamantha@example.net,922 Jennifer Row,New Jeremy,Missouri,Guatemala
2259,Derrick,Holmes,teresa51@example.org,63737 Johnson Pine Apt. 665,Lake Christopher,Minnesota,United Arab Emirates
2260,Zachary,Avila,cynthia39@example.com,67473 Matthews Bridge,Bentleybury,Vermont,Hungary
2261,John,Silva,wisederek@example.com,091 Jonathan Street Suite 975,Steeleview,Mississippi,Tajikistan
2262,Erik,Nolan,misty02@example.org,14488 Timothy Course,Port Cody,Maryland,Lithuania
2263,Maria,Villarreal,cwong@example.net,51561 Crawford Rue,East Cassandrastad,Tennessee,Cuba
2264,Judy,White,nancygutierrez@example.org,8963 Gordon Ridge,Curtismouth,Rhode Island,Slovenia
2265,Melissa,Ruiz,james98@example.com,00884 Dalton Knolls,New Nathanport,Nebraska,Suriname
2266,Sharon,Nelson,karenharris@example.net,87006 Bailey Spring Apt. 983,New Nathanburgh,West Virginia,Togo
2267,Julie,Thomas,xcarey@example.net,00472 Smith Prairie Suite 425,Stephanieberg,North Dakota,Tajikistan
2268,Debbie,Davis,nlopez@example.org,142 Jorge Burg,South Robert,Wyoming,Equatorial Guinea
2269,David,Choi,misty65@example.net,8685 Roberts Corner,Barryville,Nebraska,Serbia
2270,Kathy,Yang,austin86@example.org,447 Austin Crescent Apt. 894,Stanleymouth,Alabama,Morocco
2271,Timothy,Brown,estradagabrielle@example.net,157 Garcia Island,Port Stephanieton,New Mexico,Lao People's Democratic Republic
2272,Michelle,Zimmerman,scott08@example.com,5071 Richard Trafficway Suite 891,New Melissastad,Arizona,Lithuania
2273,Victor,Nelson,byrdkristen@example.com,1124 Brady Glens Apt. 236,North Donnaton,Florida,Tonga
2274,Christopher,Roy,melissa23@example.net,297 Jonathon Plains Apt. 008,Tapiastad,Utah,Tonga
2275,John,Ross,brownlinda@example.org,8958 Ricky Valley Apt. 098,East Laurafort,Hawaii,Togo
2276,Anthony,Johnson,ambersnow@example.com,60755 George Stravenue,Stephaniebury,Wyoming,Palestinian Territory
2277,Roger,Santos,eparker@example.com,71729 Brown River Suite 855,Port Hannah,Kentucky,Pakistan
2278,Justin,Davis,sharonlloyd@example.com,3891 Weiss Wells,West Timothyview,Vermont,Palau
2279,Nicholas,Powers,brianna64@example.net,1481 Jennifer Courts,Mcculloughberg,New Mexico,Bouvet Island (Bouvetoya)
2280,Nicole,Walker,ctate@example.org,7503 Brandi Glens Apt. 299,Gloverton,Montana,Congo
2281,Haley,Duncan,daniel46@example.net,45338 Amy Harbors,West Evan,Pennsylvania,Israel
2282,Darius,Nelson,stephanie59@example.com,3101 Randy Burgs,West David,Maine,Faroe Islands
2283,Gina,King,mclaughlinmichael@example.com,667 Kristen Coves,Williamsmouth,South Carolina,Lesotho
2284,Kelly,White,jason62@example.org,6235 Brenda Turnpike,Michaelborough,Nevada,Madagascar
2285,Robert,Mclaughlin,balljoseph@example.org,17248 Barbara Parkway Apt. 983,Dannyview,Mississippi,Lebanon
2286,Mary,Liu,craigcurtis@example.org,55246 Mcknight Fords Apt. 016,South Debra,Tennessee,Heard Island and McDonald Islands
2287,Kathleen,Anderson,wendymoreno@example.com,711 Mendez Walk,Carneyberg,Massachusetts,Algeria
2288,Ricardo,Wong,froach@example.net,993 Allison Extensions Apt. 089,Prestonmouth,Alabama,United States of America
2289,Sharon,Douglas,brittany12@example.com,660 Manning Crossroad,Wrightbury,New Mexico,Zimbabwe
2290,Kathy,Romero,jenniferthomas@example.com,334 Thomas Port,Ramirezburgh,California,United States of America
2291,Charles,Rivers,cassidymorales@example.net,689 Jennifer Inlet,Port Claireberg,Wisconsin,Guyana
2292,John,Brooks,lori78@example.net,3551 Navarro Place,Taylorside,New Jersey,Eritrea
2293,Tyler,Miles,reednathan@example.com,615 Brenda Expressway Apt. 717,North Alan,Alabama,Liechtenstein
2294,Mark,Gonzales,cookchristopher@example.net,5230 Michael Loaf,West Carolberg,Connecticut,Mozambique
2295,Stacey,Molina,uwarner@example.net,720 Cunningham Inlet Apt. 685,Port Patricia,Maryland,Cayman Islands
2296,Helen,Marquez,ronaldfernandez@example.net,8558 Jeffrey Rapids,Matthewfurt,New Mexico,Cocos (Keeling) Islands
2297,Kevin,Mathis,laurielindsey@example.com,4459 Williams Path Suite 565,Lake Susanberg,New Jersey,Libyan Arab Jamahiriya
2298,Scott,Reyes,uowen@example.com,258 Dustin Place Suite 741,East Leslie,Alabama,Rwanda
2299,Timothy,Jones,tpatel@example.org,543 Daniel Lock,Martinezfort,South Carolina,Congo
2300,Jeremy,Fry,anna64@example.org,2596 Taylor Center,Lake Cassandra,Connecticut,Switzerland
2301,Jamie,Snow,luis32@example.org,82060 Murray Lake,Williamsonhaven,Minnesota,Somalia
2302,Howard,Jones,ronaldvasquez@example.net,0377 William Forge Suite 015,Lake Kimberly,Oklahoma,Japan
2303,Steven,Mullen,debraphillips@example.org,945 Hughes Mission Apt. 790,Jenniferburgh,North Dakota,Swaziland
2304,Angie,Watson,pperez@example.com,66911 Rodriguez Springs,New Troyshire,Indiana,Bahrain
2305,Natalie,Rodriguez,youngashley@example.com,713 Wheeler Branch Apt. 221,Gardnerbury,West Virginia,United States of America
2306,Heather,Rivas,rrobertson@example.org,37378 Michelle Gardens,East Alexanderside,Wisconsin,Cyprus
2307,Christina,Baxter,ajones@example.net,472 Rhonda Station Suite 050,Sarahmouth,Wisconsin,Georgia
2308,Jennifer,Rivera,pamela12@example.net,9783 Lawson Road Apt. 567,Lake Darrellland,Maryland,Saint Pierre and Miquelon
2309,Todd,Wright,fmathews@example.com,681 Anthony Walk Apt. 352,West Rachelstad,Tennessee,Colombia
2310,Wendy,Mendoza,stephanie53@example.net,975 Hurst Freeway,New Cynthia,Vermont,Trinidad and Tobago
2311,Richard,Wilson,elizabethrobertson@example.com,42175 Barnes Avenue,North Matthewborough,Kansas,Samoa
2312,Joseph,Knight,maldonadokristen@example.com,4732 Sandoval Greens Apt. 668,Rileymouth,Michigan,Turks and Caicos Islands
2313,Alyssa,Martinez,david67@example.org,7349 Williams Villages Suite 311,East Jasonfurt,West Virginia,Guam
2314,Rhonda,Montes,andrew37@example.net,229 Phelps Branch,Tranmouth,Washington,Tuvalu
2315,Julie,Lee,lhall@example.net,549 Sexton Field Apt. 745,Ashleyton,Florida,Vanuatu
2316,Timothy,Carey,hwilliams@example.com,5748 Brown Mountains,South Daniel,Delaware,Monaco
2317,Susan,Baldwin,smithchelsea@example.com,23778 Reynolds Bridge,South Samantha,Georgia,Mayotte
2318,Tanya,Hernandez,julie22@example.net,0421 Oscar Plaza,Spearsfurt,Hawaii,Fiji
2319,Brittany,James,samuelphillips@example.net,429 Jamie Ridges Suite 061,South Nicole,Mississippi,Lesotho
2320,Joshua,Miller,loganashley@example.com,616 Perry Falls,North Austin,Maine,Cuba
2321,Cassandra,Armstrong,donald36@example.com,91328 Jackson Glens,Bakerchester,Washington,Greenland
2322,Cynthia,Johnson,melissaberg@example.net,359 Flores Meadows,Kristyview,Louisiana,Ghana
2323,Keith,Lopez,ykirk@example.org,07214 Corey Village,West Monicahaven,Utah,Mongolia
2324,Michael,Bates,laurahoover@example.net,442 Beck Cape,Robinsonstad,Minnesota,Cameroon
2325,Sherri,Harmon,zachary58@example.com,8551 Kelly Divide,North Sylvia,Colorado,French Polynesia
2326,Cynthia,Miller,turnermichael@example.net,6753 Michael Stravenue,West Seanburgh,Arkansas,Tokelau
2327,Ashley,Silva,xmorales@example.com,6608 Mclaughlin Inlet,Kimberlyberg,Washington,Liberia
2328,Barry,Nelson,virginia26@example.org,8970 Jimmy Shoal,Sherrytown,Arkansas,Hong Kong
2329,Jonathan,Doyle,khill@example.com,793 Roberts Summit,Solisland,Colorado,Egypt
2330,Aaron,Price,edwardsmith@example.net,053 Gutierrez Valley Suite 716,Simmonsbury,New York,Svalbard & Jan Mayen Islands
2331,Jason,Brooks,nward@example.org,622 Rodgers Square,South Kevinside,Indiana,Ghana
2332,Jackie,Leblanc,uzamora@example.org,458 Tanner Ports,Port Adamburgh,Delaware,Turkmenistan
2333,Chloe,Mayo,thomasday@example.net,882 Rogers Turnpike Suite 024,Lake Stanley,Washington,Singapore
2334,Jacob,Lopez,adamweaver@example.org,369 Bond Inlet Suite 949,Dianaport,Kansas,Fiji
2335,Brandon,Avila,upatel@example.com,408 Chang Burg Apt. 080,West Jessica,Illinois,Sierra Leone
2336,Danielle,Ayala,baldwinkrystal@example.org,69577 Brandon Centers,South Tammy,California,Egypt
2337,Janet,Wilson,virginiastafford@example.net,77206 Harris Square Suite 398,Odomfurt,Oregon,Papua New Guinea
2338,Rebecca,Lee,ashley52@example.net,116 Amanda Lane Suite 153,Justinstad,Illinois,Korea
2339,Brian,Baldwin,daniel92@example.com,473 Quinn Way,Scottchester,Minnesota,Puerto Rico
2340,Jill,Perez,quinnrichard@example.net,38553 Perry Causeway,Port Justin,Delaware,Romania
2341,Vanessa,Jackson,katelyncarpenter@example.org,453 James Crest,Port Michelleville,Maine,Namibia
2342,Thomas,Robinson,christopherhall@example.com,3985 Garrett Stream Suite 192,Mcguirestad,New Jersey,Ukraine
2343,Barbara,Carter,iarmstrong@example.org,403 Audrey Throughway Suite 811,Daybury,Maine,Madagascar
2344,Ana,Garcia,rolson@example.org,6472 Woods Ports Apt. 006,East Phillip,Massachusetts,Brazil
2345,Roger,Salinas,hernandezsteven@example.com,15615 Brian Loaf Suite 750,South Jeffery,Kansas,Bosnia and Herzegovina
2346,Melanie,Serrano,wheelerjason@example.net,420 Mcgee Forest Apt. 940,East Christopher,North Dakota,Ethiopia
2347,Ellen,Bennett,hesteradam@example.org,4841 James Tunnel,Thomasview,Kansas,Anguilla
2348,Jason,Thomas,kochveronica@example.com,3200 Vaughn Lodge,South Clayton,Alaska,Hong Kong
2349,Beth,Lee,gardnernicole@example.net,5119 Jason Hills Suite 140,Port Connie,Utah,Congo
2350,Clayton,Williams,marcus65@example.net,58094 Riddle Drives Apt. 756,North Bryan,South Carolina,New Caledonia
2351,Thomas,Grant,susanguerrero@example.com,560 Randy Throughway,North Cody,Colorado,Singapore
2352,Samuel,Lopez,kkirby@example.com,423 Michael Glen,New Wesley,Washington,Turkmenistan
2353,Tabitha,Johnson,todd84@example.org,439 Isabella Road Suite 296,East Natalie,Wisconsin,Poland
2354,Ruth,Rogers,mary76@example.org,86752 Sara Isle Apt. 857,Lawrencefort,Oregon,Sri Lanka
2355,Megan,Grimes,taragardner@example.net,25245 Lee Causeway,Hayesville,Texas,British Indian Ocean Territory (Chagos Archipelago)
2356,Donald,Anderson,lori97@example.net,614 Tammy Union,West Samuelhaven,New Mexico,Albania
2357,Paul,Stephenson,latoyaparks@example.com,07174 Ramirez Well,Katherinemouth,Kentucky,Zimbabwe
2358,Tammy,Obrien,wpatterson@example.com,029 Stevens Corners Apt. 804,Adamtown,Wyoming,Palestinian Territory
2359,Lisa,Adkins,cohenjacob@example.org,702 Young Trafficway Apt. 814,East Angelhaven,Hawaii,Sri Lanka
2360,Roberta,Ritter,malik89@example.com,94045 Allison Mountains,Wendybury,Georgia,Saint Lucia
2361,Eric,Roberts,ericaguerrero@example.org,37001 Sean Loop,North Colleen,Utah,Lao People's Democratic Republic
2362,Julian,Allen,jeffrey58@example.org,41804 Jason Forges,New Lynn,New Jersey,Swaziland
2363,Julia,Cooper,emiller@example.com,60215 Edwin Springs Suite 412,North Jeffrey,Nebraska,Puerto Rico
2364,Thomas,Johnson,iortega@example.net,6333 Tracy Canyon,South Margaretton,New Jersey,Saint Barthelemy
2365,Justin,Santana,kayla99@example.net,76652 Perez Throughway,Laurenborough,Indiana,Eritrea
2366,Amber,Thomas,debrarasmussen@example.com,496 Mullins Overpass Apt. 144,Berryville,Idaho,Cambodia
2367,Dakota,Gomez,georgeduncan@example.org,80155 Kendra Squares Apt. 165,Watsonberg,Kansas,Comoros
2368,Connie,Brown,ptaylor@example.org,683 Taylor Circles Apt. 758,South Anthony,Nevada,Japan
2369,Gary,Smith,josewarner@example.org,365 James Islands Apt. 049,Josephhaven,Maryland,Samoa
2370,Tara,Miller,jerome64@example.org,37085 John Cliffs Apt. 079,South Brittany,Michigan,Iraq
2371,Jennifer,Rios,janicemayer@example.com,3386 Kathryn Pass,North Alexandria,Utah,United Kingdom
2372,Mariah,Thompson,raymondstevenson@example.com,673 Caitlin Forge,Osborneport,Nevada,Norfolk Island
2373,Samantha,Terry,lfry@example.org,0132 Nicholson Islands Apt. 316,West Jenniferview,North Carolina,Turks and Caicos Islands
2374,Joshua,Garcia,johnsonchristopher@example.com,484 Danny Club Apt. 039,North Elizabeth,Nebraska,Faroe Islands
2375,Peter,Sims,rothdaniel@example.net,66707 Joshua Oval Suite 427,North Johnny,Wisconsin,Kazakhstan
2376,Dana,Lopez,richard97@example.com,112 Hanson Court Suite 173,South Tony,Illinois,Turkey
2377,Rebecca,Andersen,michelle49@example.org,684 Joseph Haven,West Michael,New Hampshire,Comoros
2378,Jennifer,Smith,fosterheather@example.net,679 Flowers Glens,Smithside,Illinois,Mauritania
2379,Jennifer,Kim,millerkelly@example.com,7317 Diana Bridge,Huangmouth,Idaho,Myanmar
2380,Jennifer,Smith,robertamitchell@example.com,88740 Thomas Coves,East Jennifer,Nevada,Saint Kitts and Nevis
2381,Brian,Horn,boydchristina@example.org,948 Gonzalez Key Suite 999,New Johnmouth,Nevada,Paraguay
2382,Debra,Boyd,krobinson@example.org,7515 Garcia Pike,South Davidbury,Hawaii,Fiji
2383,Derek,Gordon,daniel81@example.net,6195 Mitchell Circle Suite 815,Port Robert,South Carolina,Luxembourg
2384,Cynthia,Wright,joshuagay@example.net,379 Tran Road,North Jacob,Georgia,Nicaragua
2385,Richard,Rodriguez,andreastewart@example.org,3006 Diane Trail Apt. 612,Howardbury,Delaware,Cambodia
2386,Matthew,Rodriguez,lboyer@example.net,04784 Laurie Way Apt. 423,Alexaton,Illinois,Iran
2387,Renee,Soto,emma61@example.com,674 Eric Mountain Suite 012,Monicastad,Kentucky,Spain
2388,Heather,Berg,wbowers@example.net,3305 Taylor Circle Suite 537,Alanshire,New Mexico,Timor-Leste
2389,John,Gutierrez,karenshields@example.org,8145 Melinda Shores Apt. 063,Jacobville,New Mexico,Aruba
2390,Melissa,Wilson,cardenasrobert@example.org,151 Patricia Springs Apt. 558,West Sarah,Florida,Kyrgyz Republic
2391,Vanessa,Mcclain,alexissmith@example.org,210 Aaron Island Suite 014,Aliciastad,Florida,Syrian Arab Republic
2392,Lauren,Edwards,eatonjoseph@example.org,6704 Swanson Freeway,Taylormouth,Wisconsin,Portugal
2393,Hector,Schaefer,cchavez@example.com,97793 Donna Viaduct,Jacquelinefurt,Arizona,United Arab Emirates
2394,Kelsey,Smith,dbenton@example.net,127 Bartlett Station,Simsfurt,South Dakota,Congo
2395,Lori,Brown,michele78@example.net,11100 Faulkner Roads Suite 558,South Kevinport,South Carolina,Russian Federation
2396,Meghan,Maldonado,williamwatson@example.org,24499 Anna Mill Suite 512,Carlosbury,Wisconsin,Ecuador
2397,James,Dodson,xbishop@example.net,2114 Blackwell Key Suite 509,Port Amyborough,New York,Bahamas
2398,Nicole,Allen,owalters@example.com,81957 Michelle Ville,West Patriciatown,Mississippi,Rwanda
2399,Jason,Mata,geraldcoleman@example.net,6841 Odom Village,North Michaelport,New Mexico,Saudi Arabia
2400,Rodney,Carlson,kmcdaniel@example.net,43073 Young Ridge,West Matthewshire,Ohio,Tonga
2401,John,Brown,justinrose@example.org,870 Holmes Mountain Suite 623,West Tammyville,Indiana,Colombia
2402,Richard,Edwards,vhunter@example.org,0238 Moran Run Apt. 089,Nolanbury,Massachusetts,Saint Lucia
2403,Marc,Morales,eatonbrian@example.net,32855 Banks Coves,East Brittany,Montana,Iran
2404,Erica,Vega,laurie82@example.com,5171 Rodriguez Crescent Suite 832,Lake Christinaland,California,Taiwan
2405,Angela,Castro,ythompson@example.org,0435 Taylor Plaza Apt. 463,West Caleb,Iowa,Albania
2406,Timothy,Gray,burkeyvonne@example.net,64348 Beasley Corners,New Amandastad,West Virginia,French Polynesia
2407,Paul,Donaldson,stephanieperry@example.com,282 Hines Fork,Josephville,Illinois,Gibraltar
2408,Dillon,Hughes,william57@example.net,4613 Reed Forks Suite 794,East Jody,Texas,Germany
2409,John,Ramirez,carteralison@example.org,5574 Romero Oval Suite 187,Timothyfurt,Minnesota,Cambodia
2410,Spencer,Barrett,elizabethwelch@example.net,72667 Mary Harbors Suite 774,Lake Dwaynestad,Vermont,Panama
2411,Ryan,Chang,cfoster@example.com,153 Wagner Rue Suite 355,Port Russell,Michigan,Lesotho
2412,Rose,Jones,michaelnicholson@example.org,080 Adam Course,Harrisville,Maryland,Puerto Rico
2413,Patricia,Barrera,yclark@example.com,4355 Madison Isle Suite 376,New Joshuabury,Connecticut,Oman
2414,Yolanda,Chapman,pattersonjoshua@example.org,4675 Lee Squares,Port Pammouth,Wisconsin,Hungary
2415,Clifford,Wilson,lindseycarney@example.org,320 Samuel Creek Suite 784,Smithburgh,Wyoming,Western Sahara
2416,Stephanie,Anderson,josephstewart@example.org,6049 Lauren Union,West Ginamouth,Montana,Niue
2417,Shari,Vasquez,paulhart@example.net,49976 Shaw Landing,Port Emily,Ohio,China
2418,Kimberly,Bass,hkline@example.org,468 Benson Turnpike,Phillipshaven,Utah,Cocos (Keeling) Islands
2419,Joseph,Gray,rebeccaburgess@example.org,00318 Anthony Field,South Stephenburgh,West Virginia,Fiji
2420,Kelly,Shaw,rachelwilkins@example.org,62629 Case Prairie Apt. 417,South Charles,Kansas,United Arab Emirates
2421,Donald,Carpenter,michealsingleton@example.net,300 Ponce Flats,Olsonview,Indiana,Heard Island and McDonald Islands
2422,Kenneth,Green,traciehess@example.org,1856 Gerald Falls Apt. 522,Ortegafurt,New York,Portugal
2423,Todd,Wright,ulawrence@example.com,20303 Monica Alley Apt. 350,West Jason,Nebraska,Afghanistan
2424,Michael,Scott,nicolearmstrong@example.com,9786 Aaron Turnpike,Rowetown,Rhode Island,Suriname
2425,Alex,Jones,margaret00@example.org,56354 Carpenter Land Apt. 510,Port Robert,Ohio,Mozambique
2426,James,Spencer,marksmith@example.com,66324 Oneill Islands Apt. 834,East Gary,Massachusetts,Dominica
2427,Jaclyn,Ward,john38@example.net,591 Michael Cove,Lake Peterchester,Delaware,United Kingdom
2428,David,Farrell,anthonycarter@example.org,03033 Angela Road,South Amy,New Mexico,Swaziland
2429,Raymond,Ross,rray@example.net,6558 Joseph Rest Apt. 751,Petersonstad,Ohio,Jordan
2430,Scott,Flores,april94@example.org,6502 Michael Trafficway Apt. 197,Port Sergio,Louisiana,Swaziland
2431,Randy,Riley,willielopez@example.org,664 Ashley Ford,Port Ryan,New Jersey,Palestinian Territory
2432,Samuel,Wright,debbie89@example.com,7048 Cruz Estate,Warnershire,North Carolina,Slovenia
2433,Brenda,Lopez,amymyers@example.org,94292 Allen Flats Apt. 126,South Rachaelbury,California,Italy
2434,Carl,Wiggins,jamie82@example.com,558 Tracey Squares Apt. 180,East Dakotaton,New York,Botswana
2435,Janice,Wilson,monica43@example.org,03127 Zachary Mountain Apt. 661,New Nicole,Colorado,Swaziland
2436,Abigail,Novak,shannoncurtis@example.net,48976 Shawn Rest,Lake Joshua,Alaska,Liberia
2437,James,Cortez,klopez@example.org,2403 Robert Hills,North Ashley,Arizona,Albania
2438,Kayla,Bowen,aprilwatts@example.com,9655 Mcdonald Extensions,Port Stephen,Nebraska,Mozambique
2439,Lisa,Oconnor,cynthia64@example.org,94244 James Village Suite 273,Kaylaburgh,Utah,Estonia
2440,Jessica,Torres,lynn53@example.net,10131 White Canyon Apt. 744,Rickybury,Texas,Peru
2441,Charles,Turner,fblack@example.com,3271 Cook Greens Suite 755,Barrettmouth,Wyoming,Slovakia (Slovak Republic)
2442,Andrew,Blair,hilltracy@example.org,258 Lauren Burgs,Humphreymouth,Maryland,Guam
2443,Thomas,Baker,ymathews@example.org,4021 Scott Squares,Tracyville,Connecticut,Mongolia
2444,Michael,Reeves,halljerome@example.com,042 Jennifer Fort,Traviston,Massachusetts,Rwanda
2445,Ashley,Glass,lisaortega@example.net,3310 Delgado Glen,Stephenchester,Nebraska,Senegal
2446,Timothy,Adams,cassandrabrown@example.org,534 Marshall Hollow Apt. 084,Lake Judithchester,Pennsylvania,Guam
2447,Jennifer,Webster,tara52@example.net,6910 Buck Garden Suite 101,New Lesliechester,California,Iceland
2448,Christine,Lyons,kennethwilson@example.org,8514 Felicia Islands,Diamondbury,Nevada,Djibouti
2449,Michelle,Jones,vparker@example.org,675 Dickerson Forks,Thomasmouth,Rhode Island,Greenland
2450,Amanda,Jennings,ihiggins@example.com,9154 Michael Pine,South Garrett,Texas,Zambia
2451,Lisa,Evans,davidmarsh@example.org,1036 Jody Spurs,South Samuelville,North Carolina,French Polynesia
2452,Antonio,Jackson,davismichael@example.org,9545 Stephanie Path Apt. 927,South Albert,Mississippi,Tajikistan
2453,James,Jimenez,travis12@example.org,67072 Lewis Point,North Kevinfort,Alaska,South Africa
2454,David,Walters,markhancock@example.org,88417 Yates Run,Traceyview,Nebraska,Saint Barthelemy
2455,David,Thompson,wardcharles@example.com,84482 Fitzgerald Mission,North Nicholasmouth,Alabama,Bouvet Island (Bouvetoya)
2456,Curtis,Morales,stricklandjerry@example.org,7191 Dominguez Creek,New Stephanie,Washington,Sudan
2457,Phillip,Rivera,karenhenson@example.com,83778 White Spur,South Kristinemouth,Michigan,British Indian Ocean Territory (Chagos Archipelago)
2458,Robert,Hernandez,mrogers@example.org,46036 Donna Trail,West Cliffordborough,Colorado,Jordan
2459,David,Padilla,kevin42@example.com,414 Emily Ports,East Joshua,Ohio,British Virgin Islands
2460,Timothy,Manning,kayla10@example.com,794 Collins Isle,Lake Kennethhaven,New Mexico,Bouvet Island (Bouvetoya)
2461,Karen,Smith,vwest@example.com,13423 Peter Walk,Gonzalezside,Michigan,Wallis and Futuna
2462,Chelsea,Brown,onorris@example.net,39968 Chavez Freeway,New Erika,Arkansas,Liechtenstein
2463,Sarah,Richards,robertmarshall@example.com,80757 Cline Passage Suite 365,Jamestown,Massachusetts,Bolivia
2464,Amanda,Kim,weberjacob@example.org,401 Nicholas Trail,Maryhaven,North Carolina,Sri Lanka
2465,Hannah,Russell,shawn79@example.org,18794 Samantha Lake Apt. 819,Port Matthewhaven,Delaware,Mongolia
2466,Deborah,Hill,ericalara@example.com,1325 Watts Dale Apt. 514,Smithborough,New Jersey,Israel
2467,Nicole,Cook,tracy44@example.com,7714 Mata Islands Apt. 934,Lake Erictown,Pennsylvania,Korea
2468,Christopher,Moran,deborah64@example.com,0427 Dunn Cape Apt. 325,West Alexistown,Florida,Mayotte
2469,Mason,Grimes,miguelvilla@example.net,513 Aaron Center,East Connor,Louisiana,Tanzania
2470,Andrew,Harris,moorerobert@example.org,16508 Gomez Forges Suite 853,Davidville,Ohio,Svalbard & Jan Mayen Islands
2471,Paula,Klein,rjones@example.net,8324 Thompson Well,North Kelly,Idaho,Colombia
2472,Martin,Nichols,lsalazar@example.org,3821 Anne Divide,South Markview,New Jersey,Turks and Caicos Islands
2473,Autumn,Woods,xlynch@example.com,903 Nicole Extension Apt. 783,West Kyleland,Mississippi,Saint Kitts and Nevis
2474,Eric,Robbins,sabrinapierce@example.org,0787 Johnson Isle Apt. 086,Lake Eric,Florida,Thailand
2475,Amanda,Mccoy,maryjohnson@example.net,99259 Williams Forge,Dakotaberg,Alabama,Russian Federation
2476,John,Pierce,hollandjames@example.com,4129 Morton Way,Smithburgh,Missouri,Austria
2477,Daniel,Robbins,hfields@example.net,502 Whitaker Springs,Brownton,Colorado,South Africa
2478,Christopher,Thomas,hallamanda@example.org,301 Ian Court Suite 349,Port Joshua,Missouri,United Kingdom
2479,Bradley,Smith,lewischristine@example.com,35347 Andrea Via,Andrewsland,Pennsylvania,Honduras
2480,Laura,Johnson,krystal66@example.org,8825 Brent Square,New Allisonbury,Wyoming,Bosnia and Herzegovina
2481,Megan,Gomez,williamsmargaret@example.org,04604 Michael Estates,Lake William,Montana,Sierra Leone
2482,Katherine,Schroeder,larsonandrew@example.org,3280 Michael Shoals Suite 039,Rubioshire,Utah,Latvia
2483,James,Kelly,duffykevin@example.com,045 Chad Islands Apt. 783,West Nathanshire,Maryland,Spain
2484,Rita,Escobar,aaron76@example.net,607 Alexis Viaduct Apt. 328,West Sharon,Pennsylvania,Denmark
2485,Laura,Thompson,smithbrian@example.org,53570 Mary Station Apt. 406,Delgadostad,Maine,Tanzania
2486,Andrew,Velasquez,thomaslindsey@example.com,4553 Eric Tunnel Apt. 226,Lynchtown,Kentucky,Hungary
2487,David,Crawford,shepparddaniel@example.org,2185 Cox Mountain Apt. 982,East Billyview,Texas,Switzerland
2488,Jay,Martinez,johnbryan@example.net,472 Dudley Skyway,Port Mark,Kansas,United States of America
2489,Barbara,Moore,adam49@example.org,1602 Mark Fields Suite 616,Moodyville,Michigan,Ethiopia
2490,Kenneth,Jenkins,eileenmartin@example.org,68188 Lisa Divide Apt. 493,New Deborah,New Hampshire,Mauritania
2491,Barbara,Macias,yfrey@example.org,35697 Douglas Center,Cindymouth,North Carolina,Palestinian Territory
2492,Jonathan,Howard,watsonhannah@example.net,85094 Robert Parkway,Theresaville,Alabama,Myanmar
2493,Patrick,Murphy,yesenia33@example.com,5420 Wiggins Mission Apt. 251,East Lindaberg,New Mexico,Saint Barthelemy
2494,Andre,Johnson,dana23@example.com,961 John Plaza,Melissaburgh,South Carolina,Venezuela
2495,Stephanie,Brown,sean02@example.com,16629 Gomez Mountains Apt. 989,North Tylerport,Indiana,Croatia
2496,Valerie,Doyle,beckyhughes@example.org,2257 Susan Port Apt. 186,Hunterfurt,Minnesota,Jordan
2497,Raymond,Myers,joshuagonzales@example.com,416 Forbes Spring,North Tara,Florida,Fiji
2498,Diane,Patton,fraziermeghan@example.net,665 Smith Inlet Suite 047,Martinmouth,Michigan,Colombia
2499,Joel,Reyes,jerome50@example.org,067 Thompson Trail Apt. 689,West Heatherbury,New Hampshire,France
2500,Kenneth,Miller,pamela01@example.org,0178 Victor Mountain Apt. 964,Sarahaven,Washington,Guam
2501,Bryan,Nguyen,ojohnston@example.org,2608 Park Club,West Theresa,Hawaii,Sudan
2502,Eric,Montgomery,guycampbell@example.net,7094 Blake Pike,Williamsborough,California,Vanuatu
2503,Amanda,Powell,yanderson@example.net,5012 Collier Dale,Hernandezside,Mississippi,Ecuador
2504,Bethany,Barajas,bryantrachel@example.net,7498 Christina Skyway,Lake Annettefurt,North Dakota,Suriname
2505,Thomas,Sanders,thicks@example.net,9359 Leslie Corner,Geraldside,Wisconsin,Botswana
2506,Joshua,Bender,ryan83@example.com,5449 Middleton Course,East John,Kansas,Guinea
2507,Kevin,Henderson,petersthomas@example.com,60304 Greg Parkways,Lake Carl,Massachusetts,Guadeloupe
2508,Tiffany,Phelps,michael50@example.com,0951 Casey Squares Suite 226,West Jenniferborough,Virginia,Switzerland
2509,Heidi,Hudson,melissagilbert@example.org,5545 Williams Streets Suite 591,Maxwellhaven,Oklahoma,Korea
2510,Corey,Erickson,wardangela@example.com,55204 Gomez Expressway Apt. 006,Daleshire,Ohio,Cocos (Keeling) Islands
2511,Jacqueline,Martinez,tarathomas@example.net,3251 Cameron Ridges Apt. 025,Port Elizabethberg,Alabama,British Indian Ocean Territory (Chagos Archipelago)
2512,Lisa,Sanchez,kimsuzanne@example.net,21798 Rachel Wall Suite 150,Washingtonfurt,Nebraska,Indonesia
2513,Kara,Chavez,williamsmith@example.net,9886 Emily Estates,Flemingmouth,Mississippi,Korea
2514,Richard,Hamilton,urodriguez@example.net,25639 Miguel Crossing,Annaberg,Connecticut,Cyprus
2515,Barbara,Grimes,moodytiffany@example.org,368 John Corners Apt. 417,Ramosfort,North Dakota,Barbados
2516,Angela,Ayers,nrodriguez@example.net,197 Robertson Garden Suite 085,Port Meganshire,Indiana,United Kingdom
2517,Melanie,Fisher,emily27@example.org,435 Charles Fork,New Daniel,Missouri,Egypt
2518,Todd,Hayes,drakelinda@example.net,3450 Rivera Green,Hartmanberg,Indiana,Tajikistan
2519,Barbara,Maxwell,htorres@example.net,3815 Moore Gardens Apt. 548,Lake David,Connecticut,Ecuador
2520,Sarah,Cantu,john35@example.net,54101 Schultz Land Suite 542,Mikemouth,Vermont,France
2521,Michelle,Russo,iclarke@example.org,41050 Wells Forge,East Jacobville,New Mexico,Korea
2522,Amy,Cooper,alexis31@example.org,57745 Roy Extensions,New Brittanystad,Kentucky,Turkmenistan
2523,Rachel,Lucas,robertgarcia@example.org,623 Jessica Parks Apt. 060,North Benjamin,Oklahoma,Gibraltar
2524,Kayla,Cook,hicksanna@example.net,06850 Christopher Stream,Collinsfurt,Georgia,Bhutan
2525,Carrie,Hernandez,beckjeffrey@example.org,7024 Johnson Fords,South Chrisland,Colorado,Cambodia
2526,Veronica,Walker,ubennett@example.net,92247 Osborne Court,Hahnland,Louisiana,Kazakhstan
2527,Tracey,Scott,samantha18@example.org,9550 Jennifer Village,Amyport,Oklahoma,Thailand
2528,Latoya,Hayes,otyler@example.com,182 Lewis Shore,Snyderborough,Montana,United States Minor Outlying Islands
2529,Brian,Watkins,davidjones@example.org,401 William Streets,East Jesseside,California,Philippines
2530,Ashley,Villarreal,nancylee@example.com,6954 Thomas Plain,Port Natalie,New York,Saint Helena
2531,Stephen,Gonzalez,mitchelljimenez@example.org,63341 Duncan Key Apt. 137,Masonburgh,Delaware,Kazakhstan
2532,Danielle,Wilson,codyrush@example.org,389 Matthew Streets Suite 787,Kingland,Washington,Libyan Arab Jamahiriya
2533,Alex,Sullivan,hubbardkaren@example.com,899 Washington Tunnel,North Colleen,Louisiana,Vietnam
2534,Andrew,Alvarado,jaredjackson@example.com,3088 Charles Islands Suite 523,West Bryanmouth,Kansas,Tanzania
2535,Lisa,King,breanna32@example.net,058 Robinson Island Suite 983,North Albert,New Jersey,Philippines
2536,Kyle,Lopez,nealdiane@example.org,9999 Long Harbors Suite 502,Acostafort,Hawaii,Nauru
2537,Ernest,Perez,hgarcia@example.com,9806 Evans Rapid,Dianamouth,Colorado,Nepal
2538,Jay,Cobb,melissa83@example.org,94508 Sanchez Coves Apt. 395,Lake Debra,Louisiana,Ecuador
2539,Ryan,Day,dpowell@example.net,06339 Brooke Island Suite 574,South Joseph,Mississippi,Mayotte
2540,John,Snyder,richardhaney@example.net,5611 Bates Valleys,East Davidfurt,Alabama,Greenland
2541,Tracy,Walker,amanda55@example.net,4924 Moss Crest,North Dominique,Indiana,Puerto Rico
2542,Benjamin,Soto,david28@example.com,56395 Jack Common Apt. 348,East Melanie,Arkansas,Jordan
2543,Mark,Ross,cglover@example.com,64530 Byrd Lakes Apt. 950,Port Meganmouth,New Jersey,Brunei Darussalam
2544,Amy,Sutton,kyoung@example.org,280 Hall Ford,New Kimton,North Carolina,Chile
2545,Meagan,Harper,rjordan@example.org,02506 Rogers Trafficway Apt. 524,East Dennis,Maryland,French Polynesia
2546,Alexis,Williams,baileycindy@example.com,17300 Beth Roads,Anthonyhaven,Idaho,Antarctica (the territory South of 60 deg S)
2547,Darrell,Lambert,annamartinez@example.com,808 Sutton Corners,New Christopher,New York,Andorra
2548,William,Flores,jarvisjasmine@example.com,615 Moore Mills Suite 225,Jonesport,Georgia,Peru
2549,Tara,Jenkins,goldenstephanie@example.org,8463 Williams Islands Apt. 051,Snyderton,Ohio,Montserrat
2550,Cassandra,Gonzalez,gloriajohnston@example.com,771 Erika Burg Suite 560,North Jackshire,Wyoming,Fiji
2551,Sarah,Vargas,millermichelle@example.org,1792 Sellers Ville,Lake Joshuastad,California,Iraq
2552,Shawn,Murphy,sherri16@example.org,508 Ashley Spring Suite 821,Kennethshire,Arizona,Germany
2553,Michael,Buckley,garretttiffany@example.net,41742 Valenzuela Lock Suite 063,West Derek,Florida,Libyan Arab Jamahiriya
2554,Kendra,Armstrong,hilltraci@example.com,658 Lindsey Stravenue,Stephaniehaven,Pennsylvania,Nicaragua
2555,Michael,Evans,ericramirez@example.net,473 Anna Trail Suite 581,Waynefurt,Mississippi,Oman
2556,Jennifer,Brewer,jesse99@example.net,41097 Lowe Way Apt. 373,Taraport,North Carolina,Chad
2557,Paul,Matthews,kirkwesley@example.org,64231 Patricia Underpass,West James,South Carolina,Finland
2558,Alexander,Price,cameronjessica@example.org,2630 Fleming Cove Suite 498,East Kathleen,Oklahoma,Romania
2559,James,Knapp,ydudley@example.org,1680 Brown Way,Lake Rachel,West Virginia,Jordan
2560,Patricia,Torres,jacksondylan@example.net,7612 Ashley Row,Saraville,Alabama,Tuvalu
2561,Patricia,Gonzalez,norriskyle@example.org,8085 Nancy Islands Apt. 717,Porterbury,Nevada,Turks and Caicos Islands
2562,Cheryl,Hartman,keith81@example.net,6304 James Extension,Rayton,Idaho,Belize
2563,Alex,Lee,derekterrell@example.net,1698 Anderson Shores Suite 071,New Danielfort,Iowa,Guinea
2564,Chase,Roberts,nduncan@example.net,872 Nathan Squares,Shanemouth,Minnesota,Kyrgyz Republic
2565,Michael,Smith,tinarodriguez@example.com,240 Marc Path Suite 898,Warrenburgh,Missouri,Angola
2566,Adam,Dyer,cynthia99@example.com,40420 Kevin Courts,Port Lisaburgh,Arizona,Sweden
2567,Whitney,Nolan,dyoung@example.com,9764 Walters Parkways Suite 958,New Davidbury,Wyoming,Somalia
2568,Kathleen,Mason,noblejonathan@example.com,385 Rodriguez Forge Suite 101,New Joshuaville,New Mexico,Benin
2569,Heather,Beltran,michaellucero@example.com,71688 Gardner Ridge,South Jessica,South Carolina,Switzerland
2570,Beth,Andersen,christopher92@example.com,21966 Christian Turnpike,New Yolanda,Alabama,Northern Mariana Islands
2571,Christy,Hernandez,stephensmith@example.org,1613 Daniels Stravenue Suite 710,East Erin,Alaska,Kyrgyz Republic
2572,Amanda,Miller,scott68@example.com,94775 Freeman Fork Suite 256,West Andrew,Rhode Island,Latvia
2573,Nathan,Lopez,tracykline@example.net,2651 Patrick Drive Apt. 592,Stevensbury,Nebraska,Sierra Leone
2574,Crystal,Anderson,dadkins@example.org,197 Amanda Rapids,East Sherry,Texas,New Zealand
2575,Lance,Fletcher,rebecca55@example.org,7640 Brown Tunnel,Port Rachelbury,Rhode Island,Vietnam
2576,Lisa,Rojas,lindahernandez@example.org,475 Koch Isle Apt. 426,Port Antoniohaven,Nebraska,Liechtenstein
2577,Eric,Smith,benjaminbennett@example.org,5003 Thomas Parkways Suite 267,Orrmouth,Delaware,Finland
2578,Kristen,Glover,joshua32@example.net,4209 Garrett Ville Suite 303,Michellefurt,Nevada,Fiji
2579,Amanda,Sanford,masonadam@example.org,837 Warren Radial,West Alexandra,Virginia,Zambia
2580,Kyle,Fields,bprice@example.net,0073 Lozano Shoals Apt. 775,West Heatherside,Alaska,Macao
2581,Kevin,Day,bboyd@example.org,4482 Hudson Drive,West Johnnymouth,Delaware,Marshall Islands
2582,Randy,Simmons,utaylor@example.com,10532 Watson Path Suite 091,Hansenville,Nebraska,Latvia
2583,Rachel,Swanson,freemanbenjamin@example.com,35865 Brian Forest,Rodneyborough,Georgia,Antigua and Barbuda
2584,Brandon,Johnson,melissa56@example.org,789 Sutton Unions Suite 821,North Adamside,Nebraska,Equatorial Guinea
2585,Wendy,Ingram,montgomeryhannah@example.com,09115 Maurice Islands,Kathrynton,Hawaii,South Africa
2586,Lisa,Diaz,gonzalezandrew@example.net,21730 Hood Via,Port Jessica,New Mexico,Gambia
2587,Jesse,Alvarado,nicole84@example.com,81120 Richard Ridge,Jasonfort,Arkansas,Philippines
2588,Arthur,Matthews,gcortez@example.net,64354 Jones Pines Suite 781,Priscillashire,Alabama,Saint Lucia
2589,Kenneth,Davidson,copelanddana@example.com,197 Ellis Wells,South Patriciatown,Indiana,United States Virgin Islands
2590,Christina,Thompson,johnsonmatthew@example.org,386 Clayton Causeway Suite 452,Port Margaretfort,Wyoming,Rwanda
2591,John,Roberts,james25@example.com,54458 Smith Trace,Lake Marie,Indiana,Trinidad and Tobago
2592,Christopher,Caldwell,danielsjennifer@example.net,86791 Moore Meadows Apt. 963,Johnstonhaven,Oregon,Cuba
2593,Donna,Cruz,jerry59@example.net,141 Cohen Island,Adkinsland,Nebraska,France
2594,Chris,Gregory,jonesrobyn@example.org,317 Lucas Locks,East Ann,Kentucky,Argentina
2595,Jesse,Boyle,hrivera@example.net,3537 Lisa Roads,South Lindseyburgh,Alaska,United States Minor Outlying Islands
2596,Caleb,Campbell,jack34@example.net,4660 Evans Lakes Apt. 373,Ruizmouth,Alaska,Georgia
2597,George,Mullins,danielle06@example.net,674 Price Field Apt. 045,Jessicaport,Vermont,Puerto Rico
2598,Karen,Johnson,allensparks@example.org,94039 Christopher Plains Suite 076,East Rachelburgh,Vermont,British Indian Ocean Territory (Chagos Archipelago)
2599,Scott,Jordan,marysmith@example.org,12917 Taylor Flats Suite 003,Elizabethchester,Texas,Liberia
2600,Melissa,Walker,sherry64@example.org,752 Kyle Islands,East Lisa,Arizona,Moldova
2601,Sean,Nguyen,madison64@example.net,03719 Cruz Freeway Apt. 214,Port Kelsey,Washington,Italy
2602,Alexandra,Morrow,lisakent@example.org,218 George Fort,East Paulport,Florida,Jersey
2603,Andrew,Wilkerson,cbrooks@example.net,4501 Stephanie Lakes,Port Kyliechester,Maine,Grenada
2604,Richard,Carpenter,vhill@example.org,864 Wilson Course,Gwendolynmouth,Pennsylvania,Japan
2605,Sheri,Lee,sgarcia@example.com,143 Guzman Centers,Amyview,Connecticut,Canada
2606,Anna,Allen,gina79@example.net,37726 Sherry Greens Apt. 575,Ramirezshire,Louisiana,Jersey
2607,Kevin,Hawkins,jonestodd@example.com,265 Christopher Points,South Crystalberg,Arkansas,Mozambique
2608,Nicole,Ferrell,michael93@example.org,819 Joshua Stravenue,Kellyland,Maine,Congo
2609,David,Bryant,gilbertrebecca@example.org,3306 Kara Street Apt. 584,East Jeremy,Ohio,Botswana
2610,Laura,Cunningham,patricia43@example.org,38354 Campbell Hill Apt. 767,Castillotown,Indiana,Morocco
2611,Vanessa,Craig,emilystone@example.org,22036 Wanda Knolls Suite 591,New Kelly,Arkansas,Barbados
2612,Anthony,Manning,david53@example.com,168 Pacheco Drive Suite 722,South Billy,Alabama,Philippines
2613,Marissa,Morris,jacksontanya@example.org,7791 Taylor Rapids,Emilyburgh,Michigan,Nigeria
2614,Juan,Lynn,tlara@example.net,86897 Todd Crossing,Medinabury,Maine,Japan
2615,Dylan,Small,anne23@example.com,3276 Jones Mill Suite 102,Reginaburgh,Missouri,Brazil
2616,Paul,Ortega,michael62@example.com,7014 Howard Ramp,Loweton,Washington,United States Virgin Islands
2617,Douglas,Smith,mckeetammy@example.net,64664 Alexander Lodge,Crystalburgh,Missouri,Brazil
2618,Rebecca,Flores,hahnsydney@example.org,1529 Marie Mall Apt. 135,Meyerside,Louisiana,Grenada
2619,Lindsay,Moore,shelley47@example.org,0774 Patterson Meadow Suite 455,Christinachester,Louisiana,Mexico
2620,Christine,Reed,elamb@example.net,079 Shepard Mountain Apt. 823,Lake Courtney,Alabama,Croatia
2621,Jason,Ortiz,megan22@example.com,2704 Jennifer Garden,West Nathanielburgh,Mississippi,Solomon Islands
2622,Richard,Brown,garciapamela@example.net,83249 Vanessa Haven Suite 861,East Loganport,Nevada,Iceland
2623,Victoria,Mullins,cooperamber@example.org,8782 Antonio Village,Joshuatown,Rhode Island,Brunei Darussalam
2624,Charles,Clements,christianwilson@example.org,19727 Hill Avenue Apt. 739,Port Laura,New Mexico,Costa Rica
2625,John,Anderson,walkerkirsten@example.net,39934 Duke Road Apt. 213,Port Patrickland,Georgia,Qatar
2626,Judith,Russell,michael26@example.net,77100 Joy Alley Apt. 757,New Theresa,Colorado,Israel
2627,Michael,Richards,vshepherd@example.net,66276 Brian Passage Apt. 985,Jenniferville,California,Serbia
2628,Carol,Burke,michael21@example.com,80464 Huynh Lane Apt. 249,South John,North Dakota,Estonia
2629,Caleb,Smith,ashleymacdonald@example.com,277 Kevin Via Apt. 850,Morenoshire,South Dakota,Lesotho
2630,Ryan,Thompson,bentonalyssa@example.org,4973 Jason Corner Apt. 468,Klinefort,Washington,Cayman Islands
2631,Brittany,Brown,younglaura@example.net,7358 Spears Well Apt. 079,West Emilyfort,Louisiana,Gibraltar
2632,Kathleen,Nelson,gutierrezmichael@example.org,52527 Hancock Ridge,Robinsonberg,Ohio,Comoros
2633,Hector,Rogers,donaldbolton@example.net,78613 Harris Run,Westchester,Mississippi,Zimbabwe
2634,Jennifer,Jennings,nlang@example.org,55216 Lucas Prairie Apt. 627,New Crystal,North Dakota,Burundi
2635,Kelly,Smith,whill@example.org,040 Madison Mills,New Chris,New Hampshire,Ethiopia
2636,Mike,Phillips,tammymoss@example.net,75480 Christopher Drives,Combsmouth,South Carolina,South Georgia and the South Sandwich Islands
2637,Crystal,Bowen,woodjasmine@example.com,1435 Ryan Islands Apt. 635,Jenniferborough,South Dakota,Bangladesh
2638,Isaac,Lozano,taylorcathy@example.org,30381 Hancock Fort Suite 525,Port Kimberly,Rhode Island,Romania
2639,Sarah,Miller,bradleymichelle@example.net,82080 Patrick Run Suite 887,West Juliechester,New Mexico,Russian Federation
2640,Ryan,Sharp,robertnelson@example.com,5212 James Street,South Sophia,Missouri,Eritrea
2641,Leah,Perkins,imcgee@example.net,899 Michele Crossing,Andersonchester,Minnesota,Brunei Darussalam
2642,William,Choi,angelagreen@example.net,576 Barbara Groves Suite 528,Thomaschester,Oregon,Kazakhstan
2643,Carrie,Clark,annette35@example.com,37030 David Ville,Robertshire,Massachusetts,El Salvador
2644,Leslie,Jackson,chasegilmore@example.com,063 Ballard Glens,Gordonfort,Hawaii,Svalbard & Jan Mayen Islands
2645,Erik,Scott,donaldwatson@example.com,1291 Reed Wall Suite 425,Port Rhondaport,Georgia,Cocos (Keeling) Islands
2646,Michael,Nelson,patricialove@example.com,126 Love Trail Suite 671,Osbornemouth,New York,Algeria
2647,Mercedes,Browning,bentleybrian@example.net,398 White Club,Kimberlychester,Maine,Uzbekistan
2648,Mary,Harvey,melissasmith@example.org,98286 Amber Point,Michaelfurt,North Carolina,Myanmar
2649,Joseph,Randall,popetyler@example.net,11268 Andrew Forges,North Josephstad,Ohio,Switzerland
2650,Sean,Horton,imartinez@example.org,3162 Justin Hollow Suite 431,New Kyleton,New Jersey,Myanmar
2651,David,Cummings,echen@example.net,205 Robertson Land,Bryantshire,Pennsylvania,Botswana
2652,Paul,Morgan,susanjones@example.net,13959 Donald Road Apt. 305,Port Rogerview,Minnesota,Equatorial Guinea
2653,Francisco,Zamora,andre41@example.org,043 Sheila Common Suite 980,Julianside,Oregon,Bulgaria
2654,Andrea,Fox,robinsondavid@example.net,623 Herring Path,Tateborough,New Hampshire,Saint Kitts and Nevis
2655,Joshua,Turner,ryandixon@example.org,2264 Jacobs Islands,Thomasmouth,Kansas,Bosnia and Herzegovina
2656,Elizabeth,Perry,zfisher@example.com,005 Webster Ferry,Mistymouth,Hawaii,Saint Vincent and the Grenadines
2657,Bryan,Robbins,ballarddaniel@example.org,72110 Marquez Mission Suite 597,New Sandra,Maryland,Northern Mariana Islands
2658,April,Lee,howardandrew@example.org,8538 Boyd Lock,Port Glenda,Georgia,Bahamas
2659,Vickie,Wright,mrobertson@example.org,762 Bruce Garden Suite 277,South Daniel,South Dakota,Comoros
2660,Zachary,Camacho,mcclainnancy@example.org,6549 Stephen Fields Suite 928,Mendozaborough,South Carolina,Bangladesh
2661,Christopher,Garcia,davidbarton@example.org,8227 Victoria Fields,East Jennabury,Nevada,Vietnam
2662,James,Taylor,joseph91@example.com,27345 Jones Unions Suite 219,New Michaelborough,Hawaii,Slovakia (Slovak Republic)
2663,Stephanie,Black,joshuagriffin@example.net,58564 Wilson Alley,New Claire,Indiana,Poland
2664,Stephen,Hernandez,zgrimes@example.net,5316 Sydney Shoals,New Luisborough,Missouri,Barbados
2665,Anthony,Acosta,jamesdavis@example.com,141 Green Spurs Suite 916,Ewingborough,Washington,Sudan
2666,Brian,Smith,david91@example.org,172 Tina Plain,East Amytown,Wisconsin,Yemen
2667,Alan,Medina,kevinbradley@example.org,09534 Bailey Rest,Lake Rubentown,Rhode Island,Aruba
2668,Sara,Howell,hhall@example.net,6658 Keller View Suite 797,North Jose,Montana,Uganda
2669,April,Taylor,sharonrodriguez@example.org,991 Boone Mountains Apt. 404,Harrisview,Wyoming,Saint Martin
2670,Steven,Farrell,johnsonwillie@example.org,716 Jackson Union,Chandlerbury,Illinois,Saint Vincent and the Grenadines
2671,Juan,Chandler,austinweiss@example.org,008 Kim Junction Apt. 482,Port Kevin,Nebraska,Saudi Arabia
2672,Robert,Leon,judithgonzalez@example.net,12302 Maria Island Suite 577,East Michellebury,Delaware,Angola
2673,Robert,Rhodes,holtashley@example.com,4145 Lisa Isle Suite 050,New Juanborough,Wisconsin,Mali
2674,Renee,Ross,trevor84@example.net,714 Kathryn Corner Apt. 376,North Curtischester,North Carolina,Madagascar
2675,John,Rios,natalie82@example.net,94844 Ryan Shores Apt. 976,Lake Heathershire,Idaho,Hong Kong
2676,Deborah,Pierce,brooke53@example.net,98461 Scott Plains Suite 433,West Roberthaven,Massachusetts,Cuba
2677,Heather,Byrd,braysusan@example.net,2011 Huerta Haven,Jensenview,Arkansas,Singapore
2678,Dylan,Brown,michael63@example.org,998 Maria Course Apt. 312,South Brandonchester,South Dakota,Eritrea
2679,Amanda,Lozano,deniserichardson@example.org,20387 Scott Loop Apt. 016,East Douglasmouth,Nebraska,Burundi
2680,Jerry,Moon,bryantcindy@example.com,96593 Nathan Fork Suite 087,East Stephanie,Kentucky,Afghanistan
2681,Marilyn,Johnson,julie54@example.net,671 Thomas Port,West Mark,Ohio,Netherlands Antilles
2682,Jessica,King,bakerkayla@example.com,0288 Salinas Stream Apt. 407,Kimberlyshire,Delaware,Niger
2683,David,Garcia,hgomez@example.org,67767 Rios Extensions Apt. 947,Hardyport,Arizona,Palestinian Territory
2684,Travis,Smith,leah52@example.org,849 Gilbert Knolls Suite 525,South Tiffany,Oklahoma,Mali
2685,Paula,Wilson,sandrajones@example.com,29395 Kenneth Mall Apt. 339,South Susan,Iowa,El Salvador
2686,Fred,Mitchell,mcculloughanna@example.com,6775 Aguilar Path,Richardborough,Colorado,Seychelles
2687,Monica,Phillips,barnesbrandi@example.net,769 Edward Plaza Apt. 952,West Meganport,Nevada,Tajikistan
2688,Heidi,Lamb,ellencrawford@example.net,3864 Blankenship Cliffs Apt. 010,Coletown,South Dakota,New Zealand
2689,Patricia,Jacobson,robertford@example.org,7026 Paul Fords Apt. 840,Mariahchester,Ohio,India
2690,James,Edwards,tswanson@example.org,9095 Mackenzie Fords Apt. 645,East Vincent,Oklahoma,Haiti
2691,Laura,Johnson,alisha44@example.org,4327 Brittany Expressway Apt. 105,North Christianfort,Alabama,Saint Vincent and the Grenadines
2692,Kelly,Hansen,njackson@example.net,906 Olson Parks Apt. 274,Lake Brian,Oregon,Mozambique
2693,Patrick,Wilson,doughertyryan@example.org,11669 Castaneda Lock Apt. 839,Lake Trevorfort,Oklahoma,Montenegro
2694,Jamie,Gates,hardyjonathan@example.org,1903 Tracey Drive,South Markchester,Nebraska,Algeria
2695,Crystal,Rodriguez,rthomas@example.com,643 Neal Trafficway,East Grace,California,United Arab Emirates
2696,Wendy,Arnold,ybush@example.com,17580 Smith Hollow Apt. 086,North Nicholasport,Pennsylvania,Mozambique
2697,Michelle,Brown,perezmark@example.net,747 Valencia Key Suite 459,Burnettburgh,Delaware,Israel
2698,Lawrence,Wiley,anthony73@example.com,3195 Boone Lights,Donaldtown,Ohio,Gambia
2699,Molly,Martinez,thomasgary@example.org,645 Brandt Forges Suite 385,Jesseport,Oklahoma,Congo
2700,Charles,Hendricks,cynthia74@example.org,2275 Bryan Viaduct Suite 696,Kevinmouth,Michigan,Malawi
2701,Kimberly,Powell,rmcconnell@example.com,310 Frank Plains,North Kimberlyview,Ohio,Timor-Leste
2702,Tammy,Simpson,kimberlyli@example.net,607 Lopez Wall,Singhtown,Montana,Hungary
2703,Mark,Jones,cookdavid@example.com,9951 Nicole Light Apt. 225,Flowersshire,Hawaii,Tajikistan
2704,Jose,Rice,laurawallace@example.org,6928 Wheeler Fords Apt. 681,East Heather,Colorado,Cook Islands
2705,Michele,Brown,mcalhoun@example.org,937 Valdez Point Suite 979,Sheppardchester,Mississippi,Norway
2706,Brian,Burgess,matthew36@example.net,0140 Stevens Fields Apt. 768,Port Toddview,Missouri,El Salvador
2707,Michael,Williamson,wwright@example.com,85592 Williams Walks,Kennethberg,California,Maldives
2708,Aaron,Chan,humphreyaaron@example.org,007 Young Mews,Carmenland,New Mexico,New Zealand
2709,Christine,Barnett,michellerogers@example.com,09231 Angela Ridges Suite 675,Wilkinsville,Ohio,New Caledonia
2710,Jennifer,Flores,holmeskenneth@example.org,497 Hines Spurs,Robertside,Maine,Cayman Islands
2711,Lauren,Sandoval,reesenicholas@example.com,6011 Yoder Parks Suite 883,Lake Ginaport,Alaska,Guyana
2712,Leroy,Molina,mackrebecca@example.net,534 Delgado Via Apt. 320,Cooperborough,New York,Tanzania
2713,Katherine,Kelly,troykennedy@example.com,025 Larry Greens Apt. 517,West Brianberg,New York,Bermuda
2714,Ricky,Reid,tasha54@example.net,05363 Brewer Lodge Apt. 791,Lynchton,Massachusetts,Greenland
2715,Matthew,Harris,denisethomas@example.net,556 Robinson Inlet,Mendozastad,New Mexico,Poland
2716,Dustin,Smith,jesse22@example.com,0562 Brian Orchard,South Scottfurt,Arkansas,United Kingdom
2717,David,Green,robertgonzalez@example.com,8045 Christine Estate,South Kristina,Utah,Japan
2718,Susan,Sullivan,matthewssteve@example.org,89809 Hahn Greens Apt. 584,North Kevin,Alabama,Swaziland
2719,Amanda,Valdez,joshua03@example.org,1943 Mark Road Apt. 095,Michaelberg,Iowa,Malawi
2720,Christopher,Shaw,courtneysmith@example.com,84909 Jay Motorway,New Gregory,Delaware,Bangladesh
2721,Toni,Harris,mhunter@example.org,090 Davis Plains Apt. 318,Allisonshire,West Virginia,Benin
2722,Tina,Shields,torresmichelle@example.net,570 Charles Way,Port Kaitlyn,Wyoming,Ireland
2723,Frank,Russell,hannah28@example.net,28267 Olivia Causeway Apt. 226,Jasonbury,Michigan,Samoa
2724,Paul,Dorsey,sharon93@example.org,4274 Roy Square,Thomasberg,Alabama,Turkmenistan
2725,Stacey,Griffith,wjenkins@example.org,9684 Dennis Mills Apt. 900,West Rachelberg,Massachusetts,Hungary
2726,Sara,Caldwell,darius01@example.com,3345 Guerrero Meadows,Flemingtown,Missouri,United States Minor Outlying Islands
2727,Tiffany,Petersen,larajose@example.com,4241 Olivia Glens Apt. 511,Cochranport,South Dakota,Mozambique
2728,Christina,Whitehead,crystal45@example.org,43517 Huffman Terrace,North Stevenmouth,West Virginia,Anguilla
2729,Christopher,Thomas,martinezanthony@example.org,2869 Grant Stravenue,Lake Charles,North Carolina,Algeria
2730,Dale,Jacobson,stephanie96@example.net,107 Wood Loaf,Amyville,Indiana,Iceland
2731,Lori,Wilson,oallen@example.com,52739 Martin Gateway Apt. 659,Williamschester,Montana,Mexico
2732,Elizabeth,Munoz,swood@example.com,03753 Jeremy Circles,Ashleyfort,Vermont,Honduras
2733,Matthew,Perry,yuallison@example.net,7362 Hickman Mission,North David,Maine,Angola
2734,Ashley,Williams,waltonmichelle@example.net,5001 Moreno Squares Apt. 069,Lake Derekborough,Oklahoma,Bhutan
2735,Seth,Mejia,cherylvaldez@example.org,92613 Jennifer Circle Suite 527,Lake Angela,Vermont,Vanuatu
2736,Angelica,Greene,leonard42@example.com,2331 Stuart Canyon,Jasonbury,New Jersey,Ghana
2737,Samantha,Douglas,travis55@example.net,9281 Hicks Wall,West Lisa,Maryland,Djibouti
2738,Gary,Cross,jhuang@example.com,5616 Cole Mountain,West Peterstad,Massachusetts,Morocco
2739,Mark,Robinson,schneidertimothy@example.com,258 Kyle Field,Millerfort,Nevada,Nepal
2740,Ryan,Moore,lemonica@example.net,03266 Frank Garden Suite 105,West Brittany,Wisconsin,New Caledonia
2741,Tyler,Haynes,stephanie35@example.org,611 James Creek,Meaganstad,North Dakota,Uganda
2742,Matthew,Oconnor,julie22@example.net,379 Conley Parkway,Angelabury,Alaska,Grenada
2743,Megan,Rios,brandon97@example.org,36857 Lawson Place,Gailland,Kansas,Nicaragua
2744,David,Berry,vmckinney@example.org,1298 Johnson Neck,New Gregg,Wyoming,Namibia
2745,Mary,Doyle,xpadilla@example.com,5440 Brenda Roads Apt. 874,South Elaine,California,Bolivia
2746,Sean,Jackson,john99@example.com,31125 Morrow Skyway,Ricestad,Texas,Argentina
2747,Martin,Rowe,jeffersonkristine@example.net,2426 Brett Roads Apt. 817,East Joshuaburgh,Indiana,Iran
2748,Edward,Sparks,barry77@example.net,38290 Dana Extensions Apt. 942,Lake Ryanchester,Rhode Island,Belize
2749,Olivia,Gilbert,wrightjon@example.net,705 Norma Trafficway Suite 897,Floresborough,Montana,Guernsey
2750,Richard,Sampson,ortizhunter@example.net,608 Dawn Lakes Suite 468,Reedmouth,Mississippi,Samoa
2751,Corey,Jackson,valdezmichael@example.net,800 Lori Common,East Kathleen,Massachusetts,Cambodia
2752,Jessica,Dennis,qgray@example.com,9856 Torres Union Suite 622,North Katherineland,California,Kenya
2753,Melissa,Walker,sylviabrown@example.net,743 Harrison Route,New Yesenia,Virginia,Oman
2754,Jennifer,Keller,kelsey58@example.com,096 Mullins Park Suite 611,Staceyview,New Jersey,Eritrea
2755,Timothy,Richard,taylorkimberly@example.net,98815 Sandra Spring Suite 107,East Paultown,Illinois,Fiji
2756,Richard,Garner,xwood@example.net,7196 Saunders Burg Apt. 115,Mcdanielbury,Ohio,Greenland
2757,Dawn,Waters,brittany52@example.net,7771 Robert Inlet,East April,New York,Madagascar
2758,Larry,Reynolds,amandaramos@example.org,80687 Mikayla Spurs,Watsonfurt,Arkansas,Azerbaijan
2759,Tyler,Hernandez,schultzmonique@example.org,203 Lynn Underpass Suite 157,West Jenniferbury,Missouri,Lao People's Democratic Republic
2760,Dustin,Gordon,krameraustin@example.com,72553 Freeman Groves Suite 391,Karichester,Kansas,Kuwait
2761,Justin,Collins,james64@example.net,442 Peterson Mission,Port Joshuashire,Massachusetts,Palau
2762,Patrick,Fields,simpsonleslie@example.net,3013 John Brook Suite 219,East Carlos,Oklahoma,Guam
2763,Dylan,Riddle,iyoung@example.com,1070 Smith Club,Taylortown,Tennessee,Bulgaria
2764,David,Walker,susanhoward@example.net,64563 Kelly Courts,North Annaburgh,New York,Gabon
2765,Margaret,Smith,klopez@example.net,795 Henson Extensions Suite 832,Johnton,Montana,Greece
2766,Anna,Cain,ramirezjose@example.net,34934 Lawrence Terrace Apt. 604,Rodriguezmouth,Kansas,Saint Vincent and the Grenadines
2767,Michelle,Morales,russell92@example.net,83670 Moore Springs Suite 220,Carolberg,Utah,Tanzania
2768,Maria,Hale,browncarl@example.org,1789 Rodriguez Center Suite 389,Jamesborough,Pennsylvania,Cameroon
2769,Christine,Stewart,kimberlyrichardson@example.net,3436 Johnson Lakes Suite 352,Lopezview,Nevada,Zambia
2770,Jillian,Garcia,tammy82@example.org,6123 Flynn Stream Suite 044,Nicoleborough,Wisconsin,Grenada
2771,Kathleen,Johnson,ugibbs@example.org,8762 Ward Corners,East Paulmouth,Alabama,Ghana
2772,Gabriella,Dennis,petersweeney@example.com,55938 Joshua Pass Suite 488,Samuelside,Tennessee,Saudi Arabia
2773,Sean,Smith,dgoodwin@example.com,054 Ian Mills,East Anna,Missouri,Guinea-Bissau
2774,Elaine,Parker,pfitzgerald@example.com,183 Turner Extensions Apt. 359,Davischester,Utah,Nepal
2775,Andrew,Mcgee,emilyrivera@example.org,35958 Brett Gardens,Michelleland,California,United Arab Emirates
2776,Aaron,Thompson,timothymaynard@example.net,6681 Jacobs Island Suite 753,North Krystal,Minnesota,Congo
2777,Anthony,Carpenter,guzmanmartin@example.com,71592 Petersen Center,Codyside,Kansas,Sierra Leone
2778,Joseph,Thompson,lisa75@example.org,039 Briana Park,Lake Jacqueline,New Hampshire,Cuba
2779,Carla,Collins,kelli67@example.org,3688 Robin Loaf,Jasonburgh,North Dakota,Nauru
2780,Leslie,Byrd,petersonrickey@example.com,833 Moreno Shores Suite 733,Beckerchester,Pennsylvania,Serbia
2781,Karen,Martinez,wpeterson@example.org,760 Garza Plains,Sullivanland,Louisiana,Martinique
2782,Benjamin,Gilmore,matthew52@example.net,573 Laura Burgs Suite 174,Jasonview,Texas,Haiti
2783,Evan,Williams,christinerichards@example.net,1167 Fields Drive Suite 023,Hernandezmouth,Virginia,Mayotte
2784,Ashley,Rosales,jennifergill@example.org,08893 Flynn Mills,Omarside,Wisconsin,Norway
2785,Charlotte,Stephens,jkemp@example.org,07268 Hunter Haven Apt. 445,South Troy,Utah,Sao Tome and Principe
2786,Jessica,Barrera,hsmith@example.com,1451 Alexander Island Apt. 825,Griffithhaven,Virginia,Jersey
2787,Michael,Martin,brownjeffrey@example.org,770 Diaz Lakes,Kirstenshire,Delaware,Djibouti
2788,Abigail,Anderson,carolritter@example.org,596 Munoz Tunnel,North Christopherport,Nebraska,Burkina Faso
2789,Richard,Rogers,lsanders@example.com,8562 Smith Ramp,Lake Nicole,Massachusetts,Vietnam
2790,Isaiah,Palmer,gjones@example.org,6480 Michelle Inlet,Michaelport,Colorado,Ireland
2791,Donald,Soto,jennifer48@example.net,5980 Humphrey Shores,Courtneyton,Louisiana,Belarus
2792,Laura,Vasquez,cartertheresa@example.com,6445 James Drive,Geraldtown,Pennsylvania,Monaco
2793,Bill,Williamson,martinezmichael@example.net,37453 Thomas Station,West Brandiberg,South Dakota,Libyan Arab Jamahiriya
2794,Linda,Horton,amber24@example.net,4998 Christine Road Suite 349,West Lori,Oklahoma,Guadeloupe
2795,Amanda,Castro,alicia13@example.com,2347 Cochran Junction,North John,Texas,Ethiopia
2796,Michelle,Benitez,masonfelicia@example.com,753 William Courts,West Jennifer,Georgia,South Africa
2797,Bobby,Coleman,mark72@example.org,43247 Sherman Ports Apt. 336,Lake Michellefort,Maryland,Svalbard & Jan Mayen Islands
2798,Kyle,Stevens,anitagarcia@example.com,5917 Jonathan Shoal,Lisaside,Illinois,Lebanon
2799,Sara,Chang,sanchezangela@example.net,0287 Thomas Manor Suite 576,Romeroville,Colorado,Switzerland
2800,David,Peterson,yarroyo@example.com,935 Moss Island,Smithside,Alaska,South Africa
2801,Sarah,Gutierrez,kthompson@example.com,345 Maxwell Mission Apt. 402,Andrewmouth,Ohio,Tokelau
2802,Roger,Walker,lawrencewilliams@example.org,918 William Mews,New Raymondberg,Colorado,Vanuatu
2803,Cindy,Allen,ushaw@example.net,17147 Brittney Point,North David,Missouri,Burundi
2804,Maria,Kane,elizabeth14@example.com,6772 William Cove Suite 643,North Christopher,Washington,Greece
2805,Amy,Thompson,linda94@example.org,3346 Michael Streets,West Georgeport,Vermont,Benin
2806,Madeline,Morse,jordanjennifer@example.net,50523 Aaron Turnpike Suite 680,Lake Wesley,Michigan,Pakistan
2807,Mariah,Booth,jackbarber@example.net,37059 Jennifer Cape Apt. 380,Terribury,Ohio,Kazakhstan
2808,Shawn,Watson,christophermunoz@example.net,950 Samuel Summit Apt. 205,Herringtown,Arkansas,Latvia
2809,Courtney,Evans,laura12@example.org,873 Faith Canyon,South Danielbury,Missouri,French Polynesia
2810,Tracey,Ramsey,barbarahopkins@example.org,2025 Dawn Plaza Apt. 975,North George,West Virginia,Angola
2811,Shawn,Key,sprice@example.org,7681 Graves Way,Michaelburgh,South Dakota,Bermuda
2812,Heather,Hamilton,sabrina37@example.com,425 Lowery Mountains Suite 292,Salinasville,Indiana,Canada
2813,Diane,Barnett,ccoleman@example.net,40351 Michael Lights,East Stevenport,Pennsylvania,South Georgia and the South Sandwich Islands
2814,Edgar,Bennett,mlong@example.com,017 Byrd Grove,Hahnmouth,Florida,Portugal
2815,Kimberly,Brown,tracey19@example.net,300 Robert Mills,Jonathanburgh,Pennsylvania,Germany
2816,Stephanie,Williams,baileythomas@example.com,46543 Mendez Tunnel Apt. 468,Hayesville,Ohio,Burkina Faso
2817,Joyce,Peters,canderson@example.com,6085 Vasquez Road Apt. 409,Jacksonmouth,Ohio,Germany
2818,Kevin,Bradley,vmcdaniel@example.org,724 Aguilar Dale Suite 754,Benjaminton,Illinois,San Marino
2819,Jennifer,Willis,jennarandall@example.net,233 Derrick Rue,New Jefferyshire,Oregon,Marshall Islands
2820,Elizabeth,White,watsonanita@example.net,885 Nelson Meadows Suite 126,Port Matthewshire,Kansas,United States of America
2821,Timothy,Morales,mark93@example.org,45248 Collins Circle,Leestad,Indiana,American Samoa
2822,Yvonne,Lawson,scott00@example.com,177 Mark Loaf,Seanstad,Idaho,Sri Lanka
2823,Tracy,Barker,burnsbrian@example.com,5456 Daniel Skyway,West Keithton,Florida,Anguilla
2824,Eddie,Dixon,larry30@example.com,28255 Don Alley Suite 307,Mitchellhaven,Missouri,New Zealand
2825,Kelli,James,josephgordon@example.net,902 Rebecca Divide Suite 904,Tiffanychester,Oregon,Greece
2826,Christina,Garza,lcurtis@example.net,637 Sullivan Gardens,Lisafort,Massachusetts,Sao Tome and Principe
2827,Shelby,Bradley,annette10@example.com,764 Jones Extensions Apt. 036,South Haley,North Carolina,Cyprus
2828,Raymond,Graves,chawkins@example.org,955 Christian Turnpike,Haydenland,Virginia,Western Sahara
2829,Sara,Warren,nmartinez@example.com,385 Collins Drive,Owenmouth,Delaware,Israel
2830,Katrina,Taylor,taylorjessica@example.com,89078 Newman Spur Suite 328,Port Jamesport,Georgia,Djibouti
2831,Robert,Ortiz,markwatts@example.com,6384 Hopkins Ridges,Jamieborough,Delaware,Tuvalu
2832,Cynthia,Horton,lovetina@example.net,65930 Young Green Apt. 999,Kathybury,Texas,India
2833,John,Davis,smithtimothy@example.com,85642 Lucas Mountains,Lake Leefort,Idaho,Namibia
2834,Paul,Jones,wileydennis@example.net,14900 Johnson Land,North Christopher,Michigan,United Arab Emirates
2835,Sarah,Graves,michaelkaiser@example.net,7659 Ramsey Camp,New Heatherfurt,Alabama,French Southern Territories
2836,Pam,Knapp,rogersbrian@example.net,258 Crawford Terrace Suite 115,Granthaven,New Mexico,Heard Island and McDonald Islands
2837,Jessica,Jordan,fowlerdeborah@example.com,560 Ross Motorway,Patriciaport,Nevada,Paraguay
2838,Jordan,Williams,alexis59@example.net,14988 Catherine Walk Suite 700,Andersonburgh,Wisconsin,Sierra Leone
2839,Steven,Gomez,amandaparker@example.org,56481 Hall Tunnel Apt. 669,Jonathanside,Arkansas,Yemen
2840,Jonathan,Mullins,paulhernandez@example.net,77509 Martinez Well,Jeffreyfort,Alabama,Sri Lanka
2841,Kristen,Floyd,xwu@example.net,05239 Antonio Hill Suite 238,Loriburgh,Missouri,Reunion
2842,Cynthia,Mora,gthomas@example.com,547 Larry Dam,Ashleyview,Oregon,United Arab Emirates
2843,Keith,Bradley,akaiser@example.org,331 Osborne Rue Apt. 343,Villarrealland,Ohio,Cambodia
2844,Randy,Mack,john76@example.org,3497 Smith Center Suite 802,Joneston,West Virginia,Northern Mariana Islands
2845,Stacy,Mcclain,durhamanna@example.net,631 Allen Fort Suite 938,Milesmouth,Michigan,Vanuatu
2846,Tim,Mckinney,thinton@example.com,3209 Ross Mission Apt. 067,Kevintown,New Hampshire,Vanuatu
2847,Joshua,Cruz,colleen64@example.com,83829 Mary Club,Chapmanchester,Hawaii,Wallis and Futuna
2848,Tyler,Williams,andersonadam@example.com,3204 Nathan Prairie,Ericborough,Nevada,Guyana
2849,Rachel,Orr,rachelallen@example.org,453 Mills Overpass,North James,Alaska,Poland
2850,Dana,Berg,jimmyanderson@example.com,954 Sherry Junction Suite 195,New Brandon,New Mexico,Faroe Islands
2851,Maria,Richardson,akeith@example.org,8824 Morgan Stream,Lake Corey,California,French Polynesia
2852,Jasmine,Holmes,laurensanchez@example.com,68823 Sharon Wall Apt. 744,Mooreville,Maryland,Malta
2853,Nicolas,Black,emilycruz@example.org,7438 Hernandez Spring Apt. 402,Andreshaven,Nevada,Italy
2854,Travis,Barker,karendaniels@example.net,3283 Smith Shores,Kylefurt,Utah,Ethiopia
2855,Joseph,Dunn,colleen47@example.org,1776 Christopher Points Apt. 279,New Kellyville,North Dakota,Nauru
2856,William,Rodriguez,kathynguyen@example.com,396 Paul Rest Suite 381,West Kaitlin,West Virginia,Venezuela
2857,Lisa,Guzman,ipatterson@example.org,5389 Mark Dam,Port Samantha,Arkansas,Argentina
2858,Michael,Nichols,evansdavid@example.com,472 Dunn Vista,South Philip,Florida,Bouvet Island (Bouvetoya)
2859,Morgan,Castro,khicks@example.net,3761 Patrick Greens Suite 375,Port Nancyshire,Arkansas,Comoros
2860,Andres,Andrews,william05@example.net,717 Melinda Harbor,North Claudia,Vermont,Maldives
2861,William,Graham,piercekaren@example.net,740 Cody Via,West Markside,New York,Bhutan
2862,Travis,Rose,cynthiasanchez@example.net,69867 James Squares Suite 097,Millerside,New York,Cocos (Keeling) Islands
2863,Dylan,Macias,lisasalazar@example.org,75591 Michael Path,Lake Cynthiafurt,New York,Afghanistan
2864,Melissa,Durham,jacksonmichelle@example.net,1466 Hall Estate Suite 075,Kington,Delaware,Mayotte
2865,Nathan,Garcia,lmathews@example.com,8184 Lisa Harbors,North Brian,Massachusetts,Dominican Republic
2866,Kim,Warren,gbennett@example.com,2757 Jennifer Crescent Suite 385,Lake Karlatown,Iowa,San Marino
2867,Dana,Ramos,sandovaltiffany@example.com,7029 Roger Manors,Cherylside,Vermont,Gambia
2868,Seth,Fuentes,howardzachary@example.net,184 James Overpass,Courtneybury,Connecticut,Ukraine
2869,Clifford,Scott,whitneytaylor@example.com,14591 Kevin Parkways Suite 867,Nielsenfort,Maryland,Papua New Guinea
2870,Danielle,Richards,zacharyjones@example.org,2565 Jose Mountain Suite 372,New Derek,Iowa,Afghanistan
2871,Sara,Obrien,cooperjennifer@example.com,245 Hammond Ridges,Andrewsville,Tennessee,Cuba
2872,Andrew,Krause,hernandezteresa@example.net,22273 Martin Valleys Apt. 338,Jeffreyview,Tennessee,Malawi
2873,Connie,Mccann,christopherlong@example.net,59322 William Greens,East Suzanne,Kentucky,Western Sahara
2874,Cynthia,Martinez,carlos83@example.net,021 Molly Club Suite 970,Port Kelly,Utah,Equatorial Guinea
2875,Lauren,Johnson,ballardelizabeth@example.com,10562 Sarah Vista,Hubbardstad,Louisiana,Hungary
2876,Sean,Patterson,lloydjanice@example.com,752 Graham Track Apt. 852,Weeksfurt,Connecticut,Mozambique
2877,Brandon,Sullivan,paulmeyer@example.com,4203 Karen Bridge,Thorntonbury,Minnesota,Botswana
2878,Shawn,Collins,wellsstephanie@example.org,23551 Williams Loop Suite 219,South Daniel,Virginia,Estonia
2879,Kimberly,Sampson,dustinramirez@example.com,1668 Molina Square Apt. 358,Ronaldburgh,Nevada,Antarctica (the territory South of 60 deg S)
2880,Brian,Le,sclark@example.com,690 Wyatt Mountain Suite 823,Conleyland,Illinois,Montenegro
2881,Tanya,Thomas,justin05@example.com,342 Wilson Field Suite 249,West Melissa,South Dakota,Kenya
2882,Melissa,Jimenez,michaelshaw@example.com,2202 Lopez Mountain Suite 374,West Johntown,Missouri,French Guiana
2883,Kristina,Cummings,joann95@example.com,94698 Gabriel Extension Apt. 879,Lake Dawnport,Kansas,Monaco
2884,William,Middleton,jacksontracy@example.net,27727 Brian Prairie Suite 236,Avilaside,Tennessee,Botswana
2885,Tonya,Davis,chadgarcia@example.com,9590 Teresa Estate,Millerstad,Washington,Hungary
2886,Kimberly,Calhoun,jennifer86@example.org,603 Lopez Lock Suite 806,New Brandy,Delaware,Croatia
2887,Patrick,Smith,cowanbriana@example.org,8676 Craig Junctions Apt. 682,East Kyle,Alabama,Congo
2888,Derek,Wells,porterjoshua@example.net,382 Gregory Greens Suite 966,Bridgesview,Michigan,Cocos (Keeling) Islands
2889,Kevin,Aguilar,zhubbard@example.com,137 Allen Center,East Emilymouth,Missouri,Egypt
2890,Billy,Boyd,mark67@example.net,0382 Linda Valley Suite 324,New Michaelstad,South Carolina,Turkey
2891,Michael,Cruz,deansusan@example.org,1665 Evans Valleys Apt. 863,Murillotown,Wyoming,United Kingdom
2892,Meredith,Cook,angelica50@example.com,3214 Richard Port,Port Kelseyhaven,Oklahoma,Estonia
2893,Scott,Wade,james30@example.net,942 William Via,Steventon,Oklahoma,Bhutan
2894,Mark,Farley,holly12@example.net,79250 Reyes Union Apt. 663,Jessicahaven,Oklahoma,Venezuela
2895,Travis,Strickland,hopkinsdanny@example.net,0479 Miller Extension Suite 277,East Judyfurt,South Carolina,Armenia
2896,Felicia,Flores,pevans@example.net,14868 Victoria Flat,Hansonton,Nebraska,Bulgaria
2897,Peter,Martin,ebell@example.org,5528 Payne Burg,Jacobchester,Nebraska,Antarctica (the territory South of 60 deg S)
2898,Kathleen,Martin,cameron50@example.net,064 Brock Oval Apt. 038,Shawnhaven,Mississippi,Equatorial Guinea
2899,Darryl,Garcia,nparker@example.org,8366 Wilson Ville,South Laurenland,Arkansas,Sierra Leone
2900,Suzanne,Moon,rachelbell@example.com,6131 Bradley Glens,Samanthaville,Indiana,Cayman Islands
2901,Carol,Clarke,ashley12@example.net,4421 Sherman Harbor,North Emilyfurt,Wyoming,Albania
2902,Evelyn,Cline,heather98@example.net,255 Roger Roads Suite 075,Lake Briana,Arkansas,Philippines
2903,Donna,Terry,cjackson@example.com,7331 Benjamin Rapids,West Michaelberg,Kansas,Tokelau
2904,Sarah,Miller,troberts@example.org,6837 Davis Common Apt. 633,Michaelmouth,South Carolina,Suriname
2905,James,Rogers,lawsonangela@example.com,26830 Cook Dam,Dayfurt,Michigan,Brunei Darussalam
2906,Tiffany,Buckley,pmccoy@example.org,47531 Sarah Lock,West Royburgh,Delaware,Denmark
2907,Courtney,Brown,holly13@example.org,0680 David Lodge,West Petertown,Oregon,Palestinian Territory
2908,Catherine,Miller,jamie86@example.net,00971 Brittney Lakes Suite 926,West Candiceshire,Colorado,Kenya
2909,Virginia,Santiago,fergusonannette@example.com,7470 Michael Springs Apt. 979,Lake Ethanside,Idaho,British Virgin Islands
2910,Allison,Schneider,maryjones@example.com,5586 Garcia Brooks,Allisonview,Delaware,Samoa
2911,Darren,Harris,jadelang@example.net,29710 Cruz Brooks Suite 972,Lake Tammyland,Pennsylvania,Malaysia
2912,Lauren,Hurley,avilamelissa@example.net,0009 Rodney Ranch Suite 449,North Markland,Mississippi,Belgium
2913,Zachary,Lewis,fbautista@example.org,02426 Weber Pike Apt. 018,East Marcusfort,Tennessee,Guadeloupe
2914,James,Crane,ismith@example.org,544 Sarah Rapids,Lake Jose,Massachusetts,Belgium
2915,Larry,Armstrong,richardwest@example.org,5286 Kyle Village Suite 159,North Amandaberg,Minnesota,Martinique
2916,Shane,Lee,karenlong@example.net,52729 Brown Roads,Lisafurt,Washington,Mali
2917,Kelsey,Wu,paul19@example.net,625 Brewer River Apt. 494,New Briannafort,New Mexico,Madagascar
2918,Krista,Jenkins,deanrichard@example.net,79114 Michael Forges,Johnathanmouth,Maine,Malta
2919,Richard,Price,hjones@example.org,57310 Jason Underpass,Rodneymouth,Missouri,Saudi Arabia
2920,Virginia,Pierce,nicholas68@example.com,179 Hart Mountains,East Chelsea,Alabama,Svalbard & Jan Mayen Islands
2921,Tiffany,Rodriguez,daniel15@example.org,6840 Miranda Branch,North Karen,Wyoming,Germany
2922,Joseph,Reyes,willisjoshua@example.net,26434 Mark Ferry Suite 299,North Crystal,Rhode Island,Vanuatu
2923,Lauren,Moyer,ylandry@example.com,0739 Thompson Street Apt. 346,New Ashlee,Alabama,French Southern Territories
2924,Thomas,Nichols,shawn29@example.com,2317 Lee Mews,Wadeberg,Hawaii,Andorra
2925,Patrick,Martinez,anthony91@example.org,74578 Robles Brooks Apt. 152,Angelamouth,Louisiana,Tuvalu
2926,Alyssa,Lin,rickygates@example.org,71476 Kyle Coves Apt. 562,South Johnburgh,South Dakota,Switzerland
2927,Christina,Holloway,angela90@example.org,09640 Smith Run Suite 737,Stephenville,Missouri,Somalia
2928,Joshua,Wilson,sarahwood@example.net,2875 Fisher Creek Apt. 715,New Deborahfurt,Wyoming,Japan
2929,Christopher,Hawkins,pmartinez@example.org,821 Marshall Canyon Apt. 085,South Victorbury,South Dakota,Hungary
2930,Elijah,Morse,bweaver@example.org,777 Robert Walks Suite 828,Lake Brandonport,Virginia,Chad
2931,Calvin,Chung,lmendoza@example.com,3999 Hopkins Junction,Hallton,Minnesota,Japan
2932,Amy,Johnson,jenniferharmon@example.net,50761 Macias Mountain Suite 067,New Jeffrey,Georgia,Guam
2933,Jillian,Hernandez,sharprobert@example.org,05172 Sharon Trail,South Jason,California,Haiti
2934,Robert,Bryan,lchambers@example.org,211 Kimberly Cliffs,North Maryland,Alaska,Egypt
2935,Gloria,Smith,bradleyscott@example.com,6165 White Hollow,East Matthewview,Georgia,Liechtenstein
2936,Stephen,Sanchez,kelly04@example.net,8146 Emily Dam,Christyview,Minnesota,Mexico
2937,Justin,Mahoney,debradunlap@example.net,39656 Thomas Summit Apt. 476,Lake Thomas,Texas,Timor-Leste
2938,Sean,Cherry,blakelisa@example.com,82699 Jenkins Ways,Toddton,South Dakota,Saint Kitts and Nevis
2939,Nicholas,Watson,catherine71@example.net,87470 Simmons Plain Apt. 861,Lake Joshuahaven,New Hampshire,Togo
2940,Edward,Alvarez,john06@example.net,193 Donna Knoll Suite 219,New Adam,Wyoming,Estonia
2941,Rachel,Chung,markerickson@example.net,9787 Morgan Corners,Erinchester,Wisconsin,Netherlands Antilles
2942,Kendra,Castaneda,aaronsmith@example.org,6813 Simmons Courts,Paulstad,Virginia,Panama
2943,Christopher,Patterson,michele24@example.net,26308 Walker Square Apt. 589,Andersonchester,Arkansas,Fiji
2944,Jose,Blackburn,olivia97@example.com,913 Marcus Mills,East Melissabury,Florida,Poland
2945,Nicole,Aguilar,lopezedward@example.net,36974 Mary Squares Apt. 149,Blanchardview,Massachusetts,France
2946,Jason,Mccarthy,rhensley@example.org,1747 Gary Green Suite 524,Christinaburgh,Nevada,Guam
2947,Diane,Graham,michelleknight@example.net,9957 Davenport Greens,East Georgeborough,Vermont,Fiji
2948,Christine,Walker,antonio65@example.org,568 Smith Place,North Brianhaven,Maryland,Singapore
2949,James,Kelly,vschultz@example.com,9998 Jennings Dam,Brownside,Florida,Hungary
2950,Craig,Wilson,qschultz@example.org,143 Teresa Turnpike,Josephport,Idaho,Bahamas
2951,Jeffrey,Malone,rangelchristopher@example.com,7823 Kenneth Oval,Micheleberg,North Carolina,New Caledonia
2952,Thomas,Jackson,tabitharivera@example.net,793 Julie Street,Adamsmouth,Michigan,Western Sahara
2953,Eduardo,Schultz,andrew70@example.net,377 Emily Points Suite 773,Jessicaport,New Jersey,Burkina Faso
2954,Richard,Mcconnell,amandafleming@example.net,37356 Martinez Underpass Suite 082,East Rebecca,Alabama,Haiti
2955,Kristina,Williams,vdennis@example.org,1273 Jordan Lodge Apt. 595,Jessefort,Nevada,Kyrgyz Republic
2956,Richard,Strong,lisareyes@example.org,64035 Kristine Cliffs,East Betty,Minnesota,Cuba
2957,William,Berry,vcarney@example.org,891 Tony Turnpike Suite 813,Harringtonshire,Rhode Island,United States of America
2958,Heather,Cole,elizabethtaylor@example.net,2873 Jeff Point Suite 303,Robertmouth,Maryland,Maldives
2959,Theresa,Sanchez,jarviswalter@example.org,9443 Rodgers Drive,Walkerburgh,Washington,Malaysia
2960,Tyler,Glass,cooperpatricia@example.org,812 Marquez Rapid Suite 728,Jeffreyport,Alaska,Guinea
2961,Katherine,Padilla,tracifuller@example.org,6282 Jennifer Parkway Suite 398,Lake William,Hawaii,Slovenia
2962,Timothy,Bond,vbarker@example.org,75609 Loretta Cliffs Apt. 316,North Christopherville,Louisiana,Guernsey
2963,Jacqueline,Roberts,megan84@example.net,55689 Cole Common Suite 611,West Kristiburgh,West Virginia,Northern Mariana Islands
2964,Tammy,Horton,dclark@example.com,206 Jesus Hills Suite 119,Rickeyville,Iowa,Jordan
2965,Joseph,Benitez,salazarbryan@example.com,2924 Charles Summit,Stephenview,North Dakota,Jordan
2966,Veronica,Brown,mhenry@example.org,81417 Thomas Square,South Frederickton,Missouri,Suriname
2967,Kristy,Butler,barbarajohnson@example.net,031 Lisa Loaf,East Leslie,Texas,Mayotte
2968,Maria,Mack,denisesmith@example.net,495 Moore Harbors Apt. 832,Jenniferborough,Oklahoma,Albania
2969,Dylan,Moody,matthew10@example.com,361 Garrett Valley Apt. 319,Dannymouth,Wisconsin,Chile
2970,Maria,Gillespie,moorelaura@example.org,4879 Kennedy Canyon,Bakerview,Ohio,Malawi
2971,Jeremy,Key,mdeleon@example.com,92636 Katie Courts,Port Andrew,Idaho,Cook Islands
2972,Christie,Ramirez,eric62@example.com,37906 Kathleen Trace,Nathanielhaven,Missouri,Indonesia
2973,Joseph,Zimmerman,paulamoody@example.com,4225 Austin Highway Apt. 488,West Douglas,Georgia,Ukraine
2974,Sarah,Anderson,lindsaydavis@example.org,17056 Duke Islands,North Russellport,West Virginia,Macao
2975,Lauren,Willis,mrobinson@example.org,812 Davenport Pike,Parkerview,Louisiana,Seychelles
2976,Emily,Perry,ohughes@example.com,35716 Heather Greens Apt. 201,Chapmanport,New Hampshire,Argentina
2977,Luis,Bryan,hoodbrenda@example.net,016 Jermaine Isle Apt. 862,Washingtonfort,Wisconsin,Iran
2978,Lori,Madden,christinelewis@example.org,97817 Allison Junction Apt. 012,Lake Amanda,South Dakota,Ukraine
2979,Thomas,Walsh,tranbenjamin@example.com,4092 Samuel Cliffs,Lake Brady,Colorado,Saint Vincent and the Grenadines
2980,Jacob,Harvey,ikelly@example.com,288 Christina Drive Suite 865,Port Karlville,Georgia,Costa Rica
2981,Daniel,Graham,tbrown@example.net,39471 Brian Field,South Kristenland,Arizona,Libyan Arab Jamahiriya
2982,Kyle,Clark,michaelchan@example.net,916 Cameron Course Suite 658,Fosterview,Alaska,United States of America
2983,Keith,Rodriguez,leeroberto@example.org,11953 Silva Ramp,Davisfort,Mississippi,Finland
2984,Isaac,Palmer,qsnyder@example.net,35737 Russell Radial,East Marcusview,Washington,Austria
2985,Jared,Smith,umoore@example.org,23256 Horton Center Suite 981,Port Michealchester,Maine,Swaziland
2986,Patricia,Munoz,jacksoneric@example.com,467 Sampson Spring Suite 995,Kathrynmouth,Indiana,Guam
2987,Bobby,Carlson,amber56@example.com,1999 Scott Forest Apt. 748,Rachelshire,Massachusetts,Belize
2988,John,Lyons,jonathan01@example.org,8998 Cross Field Suite 520,Danielmouth,Tennessee,Trinidad and Tobago
2989,Erica,Flowers,juliestone@example.org,30817 Jennifer Plaza,Bobbymouth,Colorado,Tanzania
2990,Derek,Lee,alexanderderek@example.net,136 Murphy Way Suite 791,Cynthiaberg,Arizona,Georgia
2991,Jonathon,Lowe,mcdowellmatthew@example.com,7459 Dan Meadow,North Juliabury,Nebraska,Bulgaria
2992,Michele,Shelton,colleenmanning@example.org,9646 Craig Cliffs Apt. 619,Port Teresa,Delaware,Ecuador
2993,Scott,Martinez,echase@example.com,24516 Adam Grove Apt. 392,East Elizabethbury,South Dakota,Nicaragua
2994,Patrick,Harrison,hallchristopher@example.org,272 Larry Spur,Christinamouth,North Dakota,Bulgaria
2995,Julie,Kelley,allisongrant@example.org,1669 John Summit,East Gabrielle,Illinois,Iraq
2996,Mark,Martinez,marywilliams@example.net,489 Donna Camp Apt. 294,Lake Megan,Minnesota,Guyana
2997,Denise,Garcia,aaron15@example.com,8148 Bailey Spring,South Jordan,Connecticut,Haiti
2998,Ashley,Hobbs,shannon63@example.net,330 Wesley Lock,Port Keith,Maine,French Guiana
2999,Nicole,Gross,aaron32@example.org,52907 Amanda Tunnel,Lake Jodyfurt,Wisconsin,Malta
3000,Valerie,Lucas,kaitlinhenson@example.org,8740 Hall Throughway Suite 751,Baxterchester,North Carolina,Burundi
3001,Crystal,Ramirez,deborahwatkins@example.net,790 Pierce Forks Suite 897,Carterborough,Nebraska,Kiribati
3002,Christine,Maldonado,josephtodd@example.net,69068 Roberto Camp Suite 172,Fosterbury,West Virginia,Dominican Republic
3003,Michael,Hoover,eric83@example.net,414 Sara Crossroad Suite 597,Williamsbury,Delaware,Cyprus
3004,Sandra,Wilson,chandenise@example.net,302 Randy Field Apt. 562,East Thomas,Connecticut,Netherlands Antilles
3005,William,Taylor,thompsonkaren@example.net,5875 Ortega Ridges,Lake Jamesshire,Kentucky,Andorra
3006,Danielle,Griffith,joshua84@example.net,77955 Mason Mountain Apt. 505,North Danielberg,Illinois,Indonesia
3007,Meghan,Williams,utaylor@example.net,3597 Ashley Prairie Apt. 059,Melindafurt,Virginia,Nicaragua
3008,Shannon,Bryant,mariadouglas@example.net,961 Gina Trafficway,North Deborahmouth,North Carolina,Trinidad and Tobago
3009,Andrew,Lopez,bairdcarolyn@example.com,9242 Teresa Views Suite 052,East Judithshire,Utah,Saint Vincent and the Grenadines
3010,Robert,Gomez,richard89@example.net,800 Nicole Burg,Williamberg,Alaska,United States of America
3011,Amber,Ramirez,waremorgan@example.com,30900 Jennifer Overpass Apt. 962,Wallacefort,Wyoming,Bulgaria
3012,Kevin,Robinson,cobbclinton@example.com,840 Patel Flat,West Mirandaberg,North Dakota,Western Sahara
3013,James,Walker,ohansen@example.org,21344 Jeffrey Curve Suite 663,West Samantha,Indiana,Jersey
3014,Jeff,Byrd,margaretbrown@example.com,715 Eric Parkways,East Heather,Rhode Island,Azerbaijan
3015,Juan,Bernard,waynereyes@example.org,403 Robinson Creek Apt. 040,New William,Connecticut,Cayman Islands
3016,Julia,Glenn,qjohnson@example.net,5955 Martin Loop,Sarahside,West Virginia,Bouvet Island (Bouvetoya)
3017,Renee,Werner,joseph55@example.com,1807 Lewis Locks Suite 500,South Johnton,Tennessee,Guyana
3018,John,Anderson,elizabethgibbs@example.com,7700 Ross Inlet Apt. 816,Lake Tonyport,Texas,Congo
3019,Bobby,Jones,karen53@example.org,212 Steven Station Suite 703,North Christopher,Delaware,Bangladesh
3020,Lori,Mclaughlin,bhughes@example.com,33638 Rebecca Mountains Suite 490,South Clinton,Delaware,Jordan
3021,Erin,Fields,ganderson@example.org,0329 Scott Fords Suite 749,New Kellytown,Alabama,Cyprus
3022,Robert,Williams,vnelson@example.org,6027 Aaron Parkway Suite 909,West Christopherstad,Oregon,Montserrat
3023,Bailey,Fields,jason38@example.net,9558 Melissa Burgs,West Christian,Pennsylvania,Bhutan
3024,Joy,Perez,micheal74@example.net,73186 Gary Ville Apt. 667,South Brittanybury,Colorado,Israel
3025,Paula,Evans,andersonray@example.com,2694 Tony Neck,Floresmouth,Louisiana,Denmark
3026,Jacob,Berger,mariajohnson@example.com,8012 Kiara Cove Apt. 193,Jessicamouth,South Carolina,Brunei Darussalam
3027,Donna,Perry,delgadopatricia@example.org,98265 Luke Path,West Johnville,Wisconsin,Moldova
3028,Denise,Wilkins,taylorbilly@example.org,75800 Nunez Estates Apt. 848,Lake Caroline,Kentucky,Faroe Islands
3029,Jackie,Hall,sarahspencer@example.org,4978 Martinez Springs,North Kristy,Michigan,Saint Pierre and Miquelon
3030,Joseph,Mccullough,sheila20@example.org,375 Lewis Shoals,Barnesfurt,Oregon,Paraguay
3031,Jorge,Russell,vschmidt@example.net,793 Jennifer Expressway,Javierfort,Pennsylvania,Bhutan
3032,Amy,West,wilkersonmichelle@example.net,4984 Stephen Divide,Port Emilystad,Nevada,Djibouti
3033,Robert,Shah,jamesbailey@example.net,305 Olsen Prairie Apt. 423,Ashleyhaven,Illinois,Mayotte
3034,Michael,Terry,chad71@example.com,617 Lawrence Motorway Suite 137,Rossside,Connecticut,Guinea-Bissau
3035,Jonathan,Garcia,daniellechambers@example.com,3713 Hogan Light Apt. 315,East Gabrielchester,Indiana,Montenegro
3036,Richard,James,pbarrera@example.net,791 Hatfield Unions Suite 605,Ballardchester,Delaware,Eritrea
3037,James,Watkins,gsullivan@example.org,993 Davis Walks,East Markton,Hawaii,Peru
3038,Stanley,Klein,bmullins@example.com,238 Robin Avenue Apt. 185,East Karenshire,New Mexico,Aruba
3039,Shane,Henry,johnsonsandra@example.org,388 Tara Mountains,Munozland,Vermont,Bouvet Island (Bouvetoya)
3040,Nicole,Peters,kimberlybarnett@example.com,6711 Chan Common,North Robertbury,Iowa,Vietnam
3041,Pamela,Burke,nicholas93@example.com,427 Small Springs Apt. 728,New Paulbury,New York,Sierra Leone
3042,Douglas,Cooper,marcusjackson@example.org,04608 Cynthia Lake,North Michael,Illinois,Taiwan
3043,Kevin,Moore,cannonrachael@example.net,099 Natalie Turnpike,Hernandezchester,West Virginia,Malawi
3044,Morgan,Whitaker,marywade@example.org,8517 Morgan Coves Apt. 329,Lake Matthew,Georgia,Belgium
3045,Richard,Diaz,caitlin90@example.com,2745 Kathryn Road,New Lisamouth,Minnesota,Dominican Republic
3046,Richard,Hill,youngconnie@example.com,4333 Black Stream,Lake Timothy,Indiana,Belize
3047,Felicia,Cross,timothy47@example.net,16506 Bailey Trail Apt. 759,Aaronborough,Texas,Cook Islands
3048,Kathleen,Lawson,paul35@example.net,33447 Gonzalez Lake Apt. 379,West Marvinberg,Alaska,Algeria
3049,Kelly,Fisher,jmahoney@example.org,50095 Juan Squares,Masonville,Delaware,North Macedonia
3050,Katherine,Rush,michellebowers@example.com,7078 Castro Groves,North Stephaniestad,Nevada,Mauritania
3051,Leah,Bond,ronaldmartinez@example.net,278 Garcia Lock Apt. 710,New Brenda,New Mexico,Philippines
3052,Jacqueline,Parker,patrick79@example.org,00532 Eric Streets,Lake Julie,Idaho,Ghana
3053,Kylie,Johnston,geoffrey77@example.net,05742 Craig Canyon,Jamesmouth,New Jersey,Malaysia
3054,John,Suarez,kgonzales@example.net,57715 Graham Circles Apt. 193,North Christian,Georgia,Tokelau
3055,Douglas,Thomas,lauren66@example.org,248 Aaron Heights Suite 806,Deborahtown,Georgia,Mexico
3056,Heather,Sullivan,adamjohnson@example.net,022 Isaac Rapid,South Julieborough,North Carolina,Austria
3057,Andrew,Gray,teresameyer@example.org,22541 King Mall Suite 957,Fordton,California,Anguilla
3058,Rhonda,Shaw,gibsonricky@example.net,8277 Edwin Lights,Ginaberg,Delaware,Rwanda
3059,Jacob,Odom,vruiz@example.net,574 Timothy Hill Apt. 987,Boltonshire,Rhode Island,Slovenia
3060,Diane,Keller,jwilkinson@example.com,3287 Stephens Mountains Apt. 699,Clarkshire,Mississippi,Oman
3061,Craig,Benson,willismario@example.net,189 Katherine Manors Apt. 322,Barbarashire,Kansas,Botswana
3062,Steven,Gonzalez,nfuller@example.net,26872 Lisa Prairie,Keithland,Vermont,Namibia
3063,Tiffany,Clark,jeremysexton@example.com,96409 Kimberly Dale Suite 789,New Molly,Connecticut,United States Virgin Islands
3064,Travis,Becker,qwright@example.com,98710 Guerra Estates Apt. 130,South Laura,Arkansas,Mauritius
3065,Christopher,Brooks,stacywilliams@example.com,5950 Cummings Ville Suite 983,East Amy,Michigan,Syrian Arab Republic
3066,Bethany,Daniels,regina67@example.net,0809 David Wall,Port Jonathanberg,Connecticut,Ecuador
3067,Steven,Martin,brandon59@example.com,98887 Dixon Hill Suite 263,Shawnport,South Carolina,Chile
3068,James,Edwards,arnoldrachel@example.org,6991 Jeremy Islands Apt. 138,Cathyside,Nebraska,Tokelau
3069,Michael,Edwards,yhorton@example.org,081 Lisa Turnpike,Robertfort,Texas,Panama
3070,Jacob,Gregory,amyjenkins@example.org,6995 Abigail Forge Apt. 447,Lake Michael,New Jersey,Yemen
3071,Tiffany,Holt,patricia71@example.com,07953 Cox Terrace Apt. 464,Edwardborough,Washington,American Samoa
3072,Margaret,Smith,smartinez@example.net,1544 Timothy Trace,South Michelleview,Maryland,Afghanistan
3073,Calvin,Le,victoria49@example.com,87531 Hernandez Ville,Bensonton,Alabama,San Marino
3074,Tina,Blake,mitchell75@example.com,3461 Paul Track Apt. 614,Coreychester,Rhode Island,Saint Helena
3075,Samantha,Richards,belljoseph@example.com,4410 Joseph Mews Suite 916,Jodyside,Rhode Island,Netherlands Antilles
3076,Lori,Ross,lopeztara@example.net,785 Jensen Land,New Laurie,Georgia,Georgia
3077,Stephanie,Jimenez,misty14@example.net,92616 Teresa Pine Suite 762,Sanchezton,New Mexico,Switzerland
3078,Carlos,Hansen,charlesmiller@example.net,3543 Michelle Oval Apt. 298,West Melinda,Nevada,Guadeloupe
3079,Sara,Wilson,whitney28@example.com,52765 Stevens Prairie Apt. 951,West Mercedesbury,New Jersey,Senegal
3080,Natalie,Frey,josephbrown@example.net,8654 David Manors Suite 178,Smithburgh,Missouri,Nauru
3081,Michael,Stanley,ccaldwell@example.org,75139 Pruitt Pine Suite 143,Ericville,Kentucky,Denmark
3082,Patricia,Wilson,velazquezkelli@example.org,6897 Hanson Parkway Suite 340,Mooreland,Texas,Chile
3083,Stephanie,Price,johnnystone@example.org,645 Samantha Underpass,Tylerburgh,Vermont,Guatemala
3084,Thomas,Stone,douglas64@example.net,653 Michael Islands,Clarenceside,Illinois,Palau
3085,Andrew,Knight,brittany54@example.com,4045 Donna Roads,South David,South Dakota,Angola
3086,Erik,Martinez,william56@example.net,607 Bullock Loaf Suite 210,New Brandon,Illinois,Uruguay
3087,Patricia,Brady,sherry03@example.org,82811 Hudson Coves Apt. 929,Fernandezchester,New Mexico,Myanmar
3088,Katherine,Henderson,james17@example.org,13457 Calderon Haven Apt. 166,Princemouth,Washington,Denmark
3089,Michael,Wright,rebeccadeleon@example.net,24488 Kevin Parkways,East Stevenhaven,New York,Malta
3090,Brian,Owen,zsanchez@example.org,53913 Watson Lights,Reyesshire,South Dakota,Greece
3091,Charles,Matthews,bookeramanda@example.org,50614 Mendoza Plains,Lake Stacyfort,New Hampshire,Rwanda
3092,Brian,Andrews,timothy80@example.org,391 Roberta Road Suite 409,Blackwellborough,Texas,New Caledonia
3093,Marisa,Jackson,omurillo@example.net,58193 Christopher Pike,East Richardhaven,Hawaii,Saint Vincent and the Grenadines
3094,Carly,Weaver,rhoward@example.com,9231 Tanner Prairie,New Paulshire,Oklahoma,Latvia
3095,Pamela,Curry,marcia31@example.com,81719 Joshua Knolls Suite 576,Cunninghamchester,North Dakota,Denmark
3096,Chelsea,Simpson,tristanrobles@example.net,99282 Cole Rue,West Nicolefurt,Mississippi,Tokelau
3097,Justin,Garza,amartinez@example.com,478 Olson Common Suite 951,Port Megantown,Nebraska,French Guiana
3098,Alyssa,Kelley,nrodriguez@example.net,230 Griffith Parkways,South Ronaldtown,Rhode Island,Timor-Leste
3099,Jonathan,Mendoza,tboyer@example.net,511 Michelle Manor Suite 135,Cochranville,Massachusetts,Cook Islands
3100,Bryan,Brown,thomas85@example.net,77949 Patrick Squares Suite 202,Catherinetown,Rhode Island,Brunei Darussalam
3101,Lori,Snyder,wellschad@example.org,511 Maxwell Cove Suite 850,North Joshuafurt,Nevada,Bulgaria
3102,Kristina,Conner,zjohnson@example.com,13655 Sandoval Route Suite 804,West Tinaview,Idaho,Gibraltar
3103,Cynthia,Mitchell,ethan05@example.com,236 Alison Creek Apt. 016,Wilsonbury,West Virginia,Paraguay
3104,Lisa,Munoz,mark17@example.net,010 Vargas Trail Suite 548,Rhondachester,Minnesota,Moldova
3105,Madison,Weaver,stephen04@example.net,52474 Kyle Locks,Romerofort,Wyoming,New Zealand
3106,Christopher,Perry,pattersonrichard@example.com,7407 Andrea Junction Suite 304,Johnbury,Utah,Pakistan
3107,Veronica,Mcfarland,jason44@example.org,70068 Jeffery Forest,South Jamesburgh,North Carolina,Cyprus
3108,Darren,Black,heather33@example.org,297 Reed Neck Apt. 478,New Kelsey,Nebraska,Taiwan
3109,Gregory,Mayo,solomonbarbara@example.net,1324 Nguyen Square Suite 132,Johnsonhaven,Tennessee,Norway
3110,Melissa,Willis,danielledavidson@example.com,95031 Pena Drive,Lake Michael,Pennsylvania,Lesotho
3111,James,Ramos,meghansmith@example.com,995 Leslie Junction,East Jose,Hawaii,Nauru
3112,Sheryl,Jones,ypowell@example.com,57886 Samuel Trail,Lake Louishaven,Wyoming,Madagascar
3113,Joshua,Tucker,brandigoodman@example.com,7959 Donna Trail Suite 515,Chrisfort,Louisiana,Isle of Man
3114,Melissa,Williams,lcarr@example.com,23385 Estrada Circle,Ellismouth,California,North Macedonia
3115,Allen,Brown,zachary77@example.net,7146 Rios Path Suite 422,Garciaport,Texas,Bhutan
3116,Tyler,Simpson,ashleyjohnson@example.org,75881 James Point Apt. 814,Jeffreyborough,Montana,Sudan
3117,Jordan,Murphy,laurascott@example.net,124 Moran Rest,Gutierrezchester,Hawaii,Cayman Islands
3118,Austin,Thompson,torresralph@example.com,6460 Lauren Expressway,Lake Marvin,Washington,Wallis and Futuna
3119,Zachary,Palmer,robinbrock@example.net,9018 Ray Drive Suite 503,West Alexanderville,Oregon,Tanzania
3120,Teresa,Robertson,snydersharon@example.com,5561 Erin Fields,Jennifermouth,Texas,Kuwait
3121,Tommy,Meadows,walkermarcia@example.net,373 Sutton Wells,Woodtown,Alabama,Russian Federation
3122,Kristine,Gonzalez,shawnmartinez@example.org,8771 Ramirez Union Apt. 423,Smithmouth,California,Belarus
3123,Bailey,Johnson,kevinwallace@example.org,643 Lamb Place,Schmittbury,New Mexico,Heard Island and McDonald Islands
3124,Curtis,Nelson,bianca59@example.com,1531 Penny Oval,West Ericamouth,Montana,Martinique
3125,Douglas,Weaver,pmatthews@example.net,272 David Island Apt. 902,Fernandezfort,Alabama,Brunei Darussalam
3126,Chad,Crawford,alan55@example.org,361 Katie Squares,Edwardsborough,Arizona,Mexico
3127,Keith,Cunningham,michele57@example.org,6426 Donna Groves,West Christopherton,Michigan,Bangladesh
3128,Lisa,Shaw,lisadominguez@example.com,2083 Gamble Grove Apt. 764,Staffordfort,Louisiana,Mozambique
3129,Kevin,Marsh,lawrencecollins@example.org,5158 Yang Heights Apt. 199,Lake Amanda,Delaware,Australia
3130,James,Garcia,bharris@example.net,8421 Daniel Villages Suite 664,Leeland,New Mexico,Sao Tome and Principe
3131,Walter,Rodriguez,debbie15@example.org,318 Kathryn Haven,Sellerschester,Maryland,Guernsey
3132,Gary,Weber,brett96@example.org,472 Fernando Divide Apt. 087,Kimberlystad,Kansas,Sao Tome and Principe
3133,Tracey,Lee,shannondavis@example.org,4154 Perez Landing Suite 570,Anthonymouth,Missouri,Sweden
3134,Kevin,Moore,higginsjack@example.com,663 Brewer Pike Apt. 493,Molinachester,Nevada,Ghana
3135,Sara,Miller,mclaughlinsabrina@example.net,7925 Stephanie Vista,Hernandezbury,West Virginia,Tanzania
3136,Gary,Kim,jason98@example.net,2794 Anthony Crossing Apt. 880,Nortonville,Alaska,Moldova
3137,Elizabeth,Gibson,mcmillanjames@example.com,8620 Barbara Park Apt. 776,Nicolefurt,Ohio,Palestinian Territory
3138,Michelle,Gilmore,alvarezaustin@example.net,244 Sanchez Trail Suite 269,Leehaven,Kentucky,Sweden
3139,Alyssa,Smith,alejandracraig@example.net,148 Tammy Ramp,Dawnshire,New Hampshire,Lithuania
3140,Christina,Perez,zcooper@example.com,800 Amanda Lodge,Lisaville,New York,Timor-Leste
3141,Mark,Wilson,kendrafox@example.net,59857 Cody Field,Port Carolstad,West Virginia,Sudan
3142,Randy,Potts,nicholas04@example.net,238 Norman Prairie Suite 229,New Robert,South Dakota,Kuwait
3143,Ronnie,Webb,christina81@example.org,7843 Adkins Mall Apt. 406,West Timothyhaven,Kansas,Philippines
3144,Lauren,Alvarez,castillovirginia@example.net,7609 Mendez Station,Walkerville,Tennessee,Lithuania
3145,Matthew,Santiago,pricedesiree@example.com,35231 Brown Path,Jeffreyview,Pennsylvania,Saint Pierre and Miquelon
3146,Kimberly,Hernandez,ericwalton@example.net,72750 Sexton Shores Suite 777,Robinsonbury,Washington,Jersey
3147,David,Herrera,hudsonamanda@example.org,34102 Davies Villages,West Shanetown,Indiana,Chad
3148,Anthony,Sanchez,diana39@example.net,6308 Ian Circle,East Joshua,Indiana,American Samoa
3149,Stephanie,Mason,larrywillis@example.com,0747 Holly Path,Dayshire,Delaware,Switzerland
3150,Heather,Fleming,donna04@example.net,486 Long Harbors Apt. 238,Richardborough,Nebraska,Northern Mariana Islands
3151,John,Boyd,phillipsrhonda@example.com,752 Joanna Prairie Apt. 771,Jamesmouth,Louisiana,Madagascar
3152,Julie,Haas,howelllisa@example.org,531 Smith Prairie,Juanport,Alabama,Saudi Arabia
3153,Oscar,Bowman,jareddyer@example.net,23730 Ashley Turnpike Suite 042,Port Nicholas,New Hampshire,Estonia
3154,Kevin,Villarreal,cameron78@example.org,2470 James Dam Suite 378,Lake Zachary,Missouri,Latvia
3155,Matthew,Edwards,dcummings@example.net,94373 Russell Mills,Hendersonshire,Michigan,Saint Martin
3156,Kayla,Herrera,brownheather@example.net,999 Thomas Camp,Bryantland,Louisiana,France
3157,Jacqueline,Huynh,jessica76@example.org,5958 Greene Springs,Ashleyborough,Delaware,Eritrea
3158,Mark,Williams,richardrogers@example.net,932 Daniel Lodge,Campbellstad,Nebraska,Bermuda
3159,Kelsey,Contreras,opeters@example.net,881 Turner Tunnel Apt. 528,Beverlyton,Michigan,Kyrgyz Republic
3160,Victoria,Moyer,nathanielnewman@example.com,17215 Kevin Camp,Seanfort,New Hampshire,Seychelles
3161,Scott,Fowler,ljohnson@example.com,234 Marcus Ranch,Johnsonmouth,South Carolina,San Marino
3162,Jennifer,Hardy,ryan36@example.com,296 Jocelyn Islands Apt. 157,New Melissachester,California,Brunei Darussalam
3163,Melody,Moore,david55@example.org,867 Tamara Knoll Suite 306,Ballbury,New York,Kuwait
3164,Corey,Jones,transhelby@example.org,0413 Lee Road,Sherrymouth,Missouri,Belgium
3165,Michelle,French,angelaanderson@example.com,8307 Fisher Union Suite 764,Greenbury,New Hampshire,Mozambique
3166,Angela,Woods,johnsonalbert@example.org,9411 Wolfe Springs,West Stephanie,Michigan,Indonesia
3167,Kevin,Vega,andrewgibson@example.com,8438 Lucas Pines Suite 866,Lake Tylermouth,Florida,Nicaragua
3168,Jenna,Dougherty,webberin@example.org,5159 Jackson Cliffs,New Gina,Vermont,Bahamas
3169,Rebecca,Wolfe,jamessalinas@example.com,00443 Phillips Trafficway Apt. 117,North Kimberly,Oregon,Niger
3170,Jody,Smith,jessehouse@example.org,882 Rachael Green Apt. 802,Duartemouth,Iowa,Botswana
3171,Michael,Lowe,russelledwards@example.net,9658 Moon Stream,Trevorberg,Idaho,Brazil
3172,Sean,Cochran,taylor49@example.net,5436 Casey Drives,Port Johnstad,Utah,Macao
3173,Patrick,Weiss,esmith@example.net,297 Caleb Islands Apt. 467,Seanmouth,Tennessee,Belgium
3174,Martin,Dunn,debrarodriguez@example.org,05041 Coleman Mills Suite 511,Robinfurt,Missouri,Armenia
3175,Tracey,Palmer,mbarry@example.org,6111 King Lake Suite 543,West Steven,Georgia,Reunion
3176,Nathan,Garcia,colemanphillip@example.com,66455 Lawson Ports,West Tammy,South Dakota,Bulgaria
3177,Stephen,Lewis,ehowe@example.org,3870 Moore Roads,Michelleborough,Utah,Heard Island and McDonald Islands
3178,Brooke,Anderson,steven51@example.org,1938 Hernandez Points,West Lauraberg,South Carolina,Latvia
3179,Jesse,Gutierrez,grantmark@example.com,295 Robert Heights Suite 838,Lake Nichole,Illinois,Korea
3180,Elizabeth,Proctor,alexander60@example.org,366 Dominguez Terrace Apt. 206,Hendersonbury,Wisconsin,Haiti
3181,Michael,Rice,mayoteresa@example.org,75369 Krause Circle,Carlosside,Alaska,New Zealand
3182,Michael,Miller,pinedatimothy@example.org,1196 Hardy Streets Suite 471,Port Derekfurt,New Jersey,Paraguay
3183,William,Carroll,banderson@example.net,66748 Wagner Lock Apt. 629,Port Kevintown,Maine,United States Minor Outlying Islands
3184,Laurie,Reeves,mark20@example.net,046 Blanchard Oval Apt. 842,Port Shannonborough,Illinois,Libyan Arab Jamahiriya
3185,Daniel,Harrison,johnsonvirginia@example.org,656 Bishop Crossing Suite 610,New Lisashire,Alaska,Palau
3186,James,Johnson,ssharp@example.net,49433 Lopez Wells,Crawfordhaven,West Virginia,Tonga
3187,Trevor,Hall,nathanielbird@example.org,6049 Everett Terrace,Crystalmouth,Idaho,Saint Martin
3188,Mary,Gaines,penacarla@example.com,5209 Blevins Views,South Jeffreyborough,Tennessee,Grenada
3189,Karen,Huffman,sean09@example.net,51903 Clinton Oval,West Ariel,Nevada,Korea
3190,Lacey,Murphy,rogersnatalie@example.net,773 Collins Rest,North Kathleen,Iowa,Cote d'Ivoire
3191,John,White,cindy67@example.com,765 Bonnie Forest,Schroedertown,Louisiana,Swaziland
3192,Angela,Harris,yvonne92@example.com,12902 Stephen Village,Dominiquemouth,Maryland,Cape Verde
3193,Tracie,Arroyo,martincrystal@example.org,011 Jack Burgs Suite 126,New Mark,Minnesota,Peru
3194,Christopher,Johnson,kaylaanderson@example.com,66875 Maurice Coves,Riostown,Kansas,Tonga
3195,Zachary,Bautista,williamnelson@example.org,2529 Paul Park,South Stephanieborough,Iowa,Barbados
3196,Maxwell,Gomez,tyrone31@example.org,989 Tonya Summit Suite 935,Henryborough,Texas,Togo
3197,Dennis,Vaughn,breannaho@example.net,3724 Elizabeth Plains Apt. 497,South Davidburgh,Louisiana,Lebanon
3198,Charles,Green,rogerschristopher@example.org,66607 Klein Plaza Apt. 005,Meganberg,Idaho,Israel
3199,Justin,Jenkins,nicoleroth@example.net,431 Lopez Branch,Port Rachelmouth,Maryland,Turks and Caicos Islands
3200,Samantha,Strong,elliottmichael@example.com,3682 Chavez Field,Robinsonport,Connecticut,Falkland Islands (Malvinas)
3201,Alexis,Spencer,brianpitts@example.org,605 White Passage Suite 515,West Timothy,Wyoming,Vietnam
3202,Sandra,Pineda,hillstephanie@example.com,599 Cardenas Lane Suite 649,South David,Washington,Haiti
3203,Matthew,Anderson,brooke80@example.net,911 Wood Islands,South Jenniferburgh,Hawaii,French Guiana
3204,Kevin,Flores,george74@example.net,7080 Henson Estates Apt. 671,Lake Jeffside,Arizona,Benin
3205,Steven,Mccormick,michael45@example.com,2837 Stone Cove Apt. 970,Waltonhaven,Idaho,Brunei Darussalam
3206,Michael,Gonzalez,jrogers@example.org,93271 Tina Walks Apt. 983,North Gina,Virginia,Azerbaijan
3207,Richard,Cooper,michelleporter@example.com,033 Mathews Keys,Justintown,Nebraska,Montenegro
3208,Adam,Williams,scottmoreno@example.org,431 Cathy Highway Suite 697,Port Nicole,Texas,Guadeloupe
3209,Leslie,Fuller,johnpacheco@example.net,2902 Laura Garden Suite 273,Lake Nathanielhaven,Louisiana,France
3210,Richard,Foley,rogerstroy@example.org,78856 Wood Glens,Beverlymouth,Wyoming,Thailand
3211,Kyle,Salazar,alexis12@example.org,05502 Elizabeth Hill Apt. 141,Lake Timothyfurt,Louisiana,Thailand
3212,Sarah,Vega,jennyhenry@example.net,07958 David Glens Apt. 595,West Alan,Vermont,Congo
3213,Connie,Gregory,qmartinez@example.org,73047 Hill Fields Suite 669,South Daniellemouth,New Mexico,Poland
3214,Sarah,Mclean,randalltanya@example.net,272 Sergio Flat Apt. 151,Martinmouth,Massachusetts,Romania
3215,Kenneth,Mills,proach@example.net,44007 Gonzalez Summit,West Markport,Ohio,Nigeria
3216,Lauren,Thompson,tracyjohnson@example.com,964 Joshua Mountains,Frymouth,Louisiana,Costa Rica
3217,Gregory,Miller,gabriel24@example.com,86136 Dorothy Turnpike Suite 042,North Roy,North Carolina,Iceland
3218,Kevin,Burnett,qlawson@example.net,11639 Carlos Ridges,North Kaylaton,Indiana,Afghanistan
3219,Jodi,Rivas,richard42@example.org,59361 Anderson Brook Suite 766,Samuelchester,South Dakota,Pitcairn Islands
3220,Max,Stone,kphillips@example.net,800 Craig Well,Port Brandonchester,Minnesota,Montserrat
3221,Anthony,Jackson,valeriejimenez@example.org,630 Alicia Expressway,Cameronton,Massachusetts,Western Sahara
3222,Kelli,Adams,vmiller@example.net,8811 Ryan Forks Apt. 292,Lake April,North Dakota,Montserrat
3223,Gregg,Williams,olsonheather@example.com,2328 Robert Port,Frankville,Minnesota,Senegal
3224,Christopher,Tanner,amy11@example.com,9310 Clarke Spur Suite 339,South Dianabury,Utah,Gambia
3225,Kimberly,Anderson,pruittsusan@example.org,162 Jacqueline Fall Apt. 075,South Jenniferside,West Virginia,Tonga
3226,Geoffrey,Dodson,larrybell@example.net,423 Jodi Stravenue Apt. 664,Danielland,Colorado,North Macedonia
3227,John,Miles,lfarmer@example.org,4910 Dawson Islands Apt. 170,Burnsfort,Tennessee,Ecuador
3228,Christina,Bennett,williamsjames@example.net,321 Patterson Canyon,South Austin,Idaho,Faroe Islands
3229,Charles,Murphy,garrett37@example.net,9538 Torres Drive,Garciaborough,Montana,Togo
3230,Christopher,Yoder,maria19@example.com,9140 Booker Bridge,Shanehaven,Massachusetts,French Guiana
3231,Tony,Berg,osbornedebbie@example.com,93053 Dickson Knolls Apt. 154,Port Luke,Wisconsin,Israel
3232,Melissa,Anderson,royrobert@example.org,95509 Hall Stravenue,Lake Joannetown,South Carolina,Denmark
3233,David,Avery,creynolds@example.net,95334 Williams Spurs Apt. 376,New Sara,California,Zambia
3234,Daniel,Baker,gray@example.net,39845 Amanda Village,Brownville,West Virginia,Egypt
3235,Keith,Brown,debbiesmith@example.org,87237 Vasquez Crossing,South Susanchester,Utah,Seychelles
3236,Alexandra,Hays,millerveronica@example.com,42667 Carson Point Apt. 342,South Jasonstad,Illinois,Greece
3237,Thomas,Bell,karenmathews@example.net,11895 Graham Circle,Meltonhaven,Nevada,United States Virgin Islands
3238,David,Black,lopezchristina@example.net,6810 Crawford Falls,South Jonathan,Maryland,Micronesia
3239,Timothy,Hall,steven34@example.org,82241 Walters Park Suite 277,Riverachester,Massachusetts,Guinea-Bissau
3240,Leah,Love,fblake@example.com,46222 Cunningham Way,Lake Elizabeth,Michigan,France
3241,Kevin,Simmons,fostersamuel@example.net,92456 Alicia Radial,Diamondmouth,Wyoming,Vietnam
3242,Richard,Morales,chavezbridget@example.com,31727 Adkins Dam,West Katelynville,South Dakota,Marshall Islands
3243,Jeffrey,Brown,qmorrison@example.com,6724 Michael Street Apt. 702,West Leroychester,Minnesota,Belgium
3244,Howard,Rodriguez,ybradshaw@example.net,3027 John Club,Williamston,Idaho,Svalbard & Jan Mayen Islands
3245,Angela,Crawford,amberspears@example.com,5138 Moon Creek Suite 140,New Thomas,Idaho,Latvia
3246,William,Rivera,perezmaria@example.net,72022 Davis Hollow,Mitchellburgh,New Hampshire,Heard Island and McDonald Islands
3247,Rachel,Farmer,romeromorgan@example.net,332 Clark Ports,Leonshire,Wisconsin,North Macedonia
3248,Courtney,Meyer,david48@example.org,1161 Stevens Mountains,Rubioview,Texas,Gabon
3249,Megan,Ford,charles12@example.org,57357 Sydney Junction,Danielborough,Ohio,Nauru
3250,Nicholas,Lane,karl07@example.com,7072 Wilkinson Meadows,East Kenneth,Alaska,Congo
3251,Kenneth,Diaz,connorfoley@example.net,30273 Vargas Grove Apt. 770,East Josephmouth,Connecticut,Guinea
3252,Tina,Ortiz,kellymorris@example.net,590 King Spur Apt. 823,Mariatown,New York,Australia
3253,Kenneth,Mendez,karenphillips@example.net,501 Morgan Lodge Apt. 170,Michelleport,California,Lebanon
3254,Thomas,Fox,matthew73@example.net,573 Kayla Fords,Frankmouth,Texas,Lebanon
3255,Carmen,Clark,uthompson@example.org,245 Rebecca Inlet,Carolville,California,Denmark
3256,Dawn,Cobb,richardsonjoshua@example.com,0044 Jessica Club Apt. 919,Port Beth,New Hampshire,Jordan
3257,Jason,Woods,robert09@example.org,393 Rachel Circle Apt. 140,Thompsonstad,Tennessee,Belize
3258,Gabrielle,Alexander,scottkathryn@example.com,133 Tracy Tunnel Apt. 816,East Timothy,Idaho,Eritrea
3259,Michael,Thompson,gordonerin@example.org,63022 Fleming Shores,East Kendraborough,North Dakota,China
3260,Olivia,Stout,dbranch@example.net,9582 Jessica Trace,Port Emilychester,Utah,Kuwait
3261,Michael,Snyder,rjordan@example.net,0915 Aaron Drive Apt. 956,North Kimberly,Wisconsin,Montserrat
3262,Rachel,Kirby,michael05@example.net,9941 Reynolds Manors Apt. 086,Gillespiechester,Maryland,Cayman Islands
3263,Kara,Vasquez,mwright@example.com,211 Jordan Drive,Angelamouth,Illinois,Guinea
3264,Ruth,Ryan,kcook@example.org,7648 Thomas Squares,Reyesfort,New Hampshire,Guinea-Bissau
3265,Ruth,Sanchez,fdiaz@example.net,6981 Craig Wells,Ryanbury,South Carolina,Austria
3266,Anne,Marshall,wmiles@example.net,691 Kim Lock Suite 973,Harrismouth,Michigan,Russian Federation
3267,Matthew,Hines,rpreston@example.org,111 Christopher Avenue Apt. 861,Jimmyburgh,Idaho,Spain
3268,Blake,Johnson,sshaw@example.net,323 Santos Prairie Suite 674,Randymouth,Missouri,Benin
3269,Cindy,Larson,cdiaz@example.org,95379 Danielle Trail,East Daniel,Washington,Saint Vincent and the Grenadines
3270,Cindy,Cook,halltyler@example.org,8365 Sawyer Garden Suite 449,West Christopher,Idaho,Palau
3271,Jasmine,Hamilton,stanley36@example.org,266 Phillips Keys Apt. 136,South Carriechester,Maryland,Solomon Islands
3272,Jessica,Mcbride,johnsonkatelyn@example.org,4567 Douglas Cliff,Amandaton,Idaho,Bahrain
3273,John,Tyler,vdaniel@example.org,143 Roberts Light Suite 314,Johnsonburgh,New Jersey,Nigeria
3274,Melinda,Wright,mariacoleman@example.net,5935 Alexa Hill,Lake Donnahaven,Illinois,Qatar
3275,Robert,Benson,donald03@example.org,46170 Jade Spring Apt. 693,New Anthonyfort,Indiana,Vietnam
3276,Cynthia,Parsons,rachel56@example.org,795 Natalie Inlet,Thomasport,Georgia,Saint Helena
3277,Michelle,Meyers,williamsmatthew@example.org,9312 Smith Mews Apt. 498,Jordanshire,Maryland,Norfolk Island
3278,Maria,Pearson,hicksbarbara@example.net,870 Paul Green,Lake Juan,Nebraska,Bermuda
3279,Lee,Fowler,brianwilson@example.net,2275 Eric Trail,South Gloriaberg,Illinois,Cayman Islands
3280,Debra,Wilson,uchen@example.com,863 Burns Inlet Suite 923,Hoffmanchester,Louisiana,Kenya
3281,Tanya,Smith,harryschwartz@example.net,4706 Angelica Camp Suite 992,North Thomasborough,Massachusetts,Iraq
3282,Stanley,Miller,wrosales@example.net,50959 Frank Fort Suite 429,New Debraport,Arkansas,Bosnia and Herzegovina
3283,Kristi,Wise,jennifer97@example.org,03651 Brooks Circles,North Emilyland,Montana,Venezuela
3284,Becky,Wade,robinsonmike@example.net,25127 Salas Mews,Manningborough,Texas,Uruguay
3285,Sandra,Vazquez,victoria77@example.com,8016 Moody Forest,West Derek,Kentucky,Lithuania
3286,Joseph,Bush,nicholas47@example.com,03129 Sanchez Hills Suite 154,Michaelstad,Missouri,Andorra
3287,Maria,Sherman,travis72@example.com,83337 Travis Forges Apt. 107,North Stephanie,Kentucky,Lao People's Democratic Republic
3288,Patrick,Dominguez,davismichael@example.net,13396 Buchanan Villages Apt. 221,Lake Wendy,New Mexico,United States Minor Outlying Islands
3289,Alan,Reed,tylerhale@example.org,7829 Garcia Mount Apt. 850,Morganshire,North Carolina,Bermuda
3290,Lisa,Williams,kaylaellis@example.com,82454 Walls Isle,Lake Jessica,Arkansas,Faroe Islands
3291,Ashley,Singleton,johnbond@example.org,93975 Kelly Unions,Roberthaven,Tennessee,Canada
3292,Theresa,Ball,gabrielle15@example.net,00983 Carter Wells,Port Dianeborough,Colorado,Bangladesh
3293,Melissa,Benson,burtonmichelle@example.net,0138 Conway Drive Suite 373,Conniechester,Arkansas,Czech Republic
3294,Michael,Beck,lindawilliams@example.org,773 Shannon Land Suite 348,West Tiffanytown,Vermont,Venezuela
3295,Melissa,Evans,darlenekeller@example.net,543 Deborah Viaduct,Turnerfurt,New Jersey,Malawi
3296,Karen,Gray,trobles@example.org,6840 Thomas Lodge Suite 053,Marcustown,Delaware,Costa Rica
3297,Jeffrey,Collier,abbottmatthew@example.net,4329 Stein Inlet Apt. 256,Abigailchester,South Carolina,United Arab Emirates
3298,Jill,Richards,laura04@example.net,991 Roberto Ridge Apt. 170,Lake Danielview,Virginia,Tanzania
3299,Jessica,Reyes,erika61@example.com,4761 Peter Falls Apt. 768,Lake Sabrinabury,New Mexico,Micronesia
3300,Nicholas,Gardner,qmarks@example.com,660 Moore Mount Apt. 512,Lake Anthony,Washington,Saint Lucia
3301,Tammy,Brown,aaron23@example.com,318 Matthew Square Apt. 512,East Jacob,Nebraska,Barbados
3302,Theodore,Jones,ariana68@example.org,7241 Paul River,Lake John,Tennessee,Chad
3303,Lee,Santos,andersonmathew@example.org,5079 Audrey Cliffs,Shaneberg,Nebraska,France
3304,Robin,Trujillo,cunninghammindy@example.com,3504 Jennifer Corners Suite 154,Lake Rebecca,Wisconsin,Korea
3305,Andrew,Thompson,kellypatel@example.com,92427 Tucker Shores,New Amandaborough,New Mexico,Reunion
3306,Michelle,Bates,ssmall@example.com,2210 Leslie Squares,Williamsville,Kansas,Tonga
3307,Andrea,Berry,jacobharris@example.net,733 Wade Streets Suite 279,Thomashaven,Vermont,Aruba
3308,Shane,Hernandez,jessica23@example.com,37899 Grant Island,Melissabury,Kansas,Luxembourg
3309,Kimberly,Oneill,georgecharles@example.com,07055 Robertson Freeway,Port George,Hawaii,Holy See (Vatican City State)
3310,Bradley,Murray,travis09@example.org,8118 Browning Ramp,Cuevasmouth,Oklahoma,Equatorial Guinea
3311,Jessica,Carr,rboyer@example.net,6211 Crystal Spurs Suite 273,East Brittneyshire,Maryland,Senegal
3312,Caitlyn,Hale,aboyd@example.net,5335 Hester Path,Mariaberg,Pennsylvania,South Georgia and the South Sandwich Islands
3313,Samantha,Dunn,gbryant@example.net,31152 Smith Estates Suite 563,Jenniferport,Louisiana,Tonga
3314,Anthony,House,david65@example.org,21190 Norman Points Suite 681,Hamiltonmouth,New Hampshire,Turks and Caicos Islands
3315,Samantha,Foster,kennedyricky@example.net,96506 Clifford Ville Apt. 160,East Wayne,Delaware,Italy
3316,Angel,Sharp,khodges@example.net,34556 Rodriguez Mission Suite 175,East Cherylton,Kansas,Pakistan
3317,Deanna,Trujillo,rcarpenter@example.org,52105 Nunez Pass Suite 156,New Ebony,Maryland,French Southern Territories
3318,Jason,Lynch,creilly@example.com,381 West Springs,Charlesside,New Hampshire,Switzerland
3319,Lindsay,Santos,baileymary@example.com,8949 Kendra Rapid Suite 605,Hebertburgh,Wyoming,Lao People's Democratic Republic
3320,Patricia,Jordan,michelle22@example.net,0335 Hudson Crossing,Lake Hannah,Alaska,Solomon Islands
3321,John,Morales,ramostyrone@example.net,811 Timothy Lake,Nealmouth,Alaska,Malawi
3322,Stephanie,Lutz,nicholskelly@example.com,14107 Thomas Brooks Apt. 588,Lake Sarahshire,Alaska,Solomon Islands
3323,Lucas,Turner,vjohnson@example.net,40214 Nicole Burgs Apt. 800,Edwardchester,South Dakota,Malaysia
3324,Austin,Mcdowell,brownamanda@example.org,666 Victoria Vista,Darleneview,Kansas,Chile
3325,Jennifer,Shields,charles48@example.com,572 Jennifer Creek,Harveyfort,North Carolina,Guadeloupe
3326,Tracy,Mendez,omann@example.com,08327 Ross Circles,Medinaside,Wisconsin,Chile
3327,Bobby,Barnett,fowlertanya@example.org,3403 Villarreal Ways Apt. 030,Spencerburgh,Vermont,Armenia
3328,Lisa,Lam,zpacheco@example.com,01296 Burton Stravenue Apt. 482,Nancyhaven,Maryland,Lebanon
3329,Stephanie,Gonzalez,matthewcortez@example.com,2211 Darren Grove,New Brian,Arizona,Netherlands
3330,Mitchell,Vega,hartscott@example.org,8150 Matthew Islands Suite 431,Nicolehaven,Missouri,Cameroon
3331,Adam,Hall,gallegospaul@example.org,7889 Deanna Prairie,Campbellhaven,Alabama,Mexico
3332,Felicia,Smith,arodriguez@example.net,6489 Hall Common,New Rebeccafort,Nebraska,Egypt
3333,Anna,Lopez,kellertracy@example.net,312 Elizabeth View,Smithborough,Rhode Island,Greece
3334,Sharon,Martin,hollycollins@example.net,21935 Mitchell Harbors Apt. 562,South Michael,Louisiana,Guinea
3335,Jennifer,Diaz,cvazquez@example.com,7515 Ashley Terrace Suite 470,Melissamouth,Alaska,Belize
3336,Valerie,Keller,bowmanamanda@example.org,09634 Mcmahon Shore Suite 566,Jenniferside,New Hampshire,Madagascar
3337,Lisa,Myers,dana06@example.net,1321 Brown Trace,Karenton,Alaska,Hong Kong
3338,Carolyn,Stephens,jasminemason@example.org,1633 Miller Causeway Apt. 742,Calderonside,New Mexico,Ecuador
3339,Matthew,Charles,billypatrick@example.com,7117 Sean Glens Apt. 206,Susanburgh,New Mexico,Saint Helena
3340,Ricky,Salazar,williamabbott@example.org,65871 Jeffrey Turnpike Suite 248,Greggburgh,Massachusetts,Luxembourg
3341,Christian,Manning,austindavenport@example.com,13918 Cindy Crest Suite 207,Padillaland,Nevada,Bahamas
3342,James,Ewing,thomas29@example.org,3369 John Point Suite 774,New Jonathan,Wyoming,Malawi
3343,Stephanie,Garcia,ginaharris@example.org,2827 Matthews Crossroad,Stacyfort,North Carolina,Zimbabwe
3344,Joseph,Velazquez,apatel@example.org,650 Kim Vista,Weaverland,Idaho,Burkina Faso
3345,David,Clark,edward17@example.org,0116 Griffin Bypass,Nicholasshire,Rhode Island,Bouvet Island (Bouvetoya)
3346,Cassandra,Carroll,angelapetersen@example.net,90585 Bright Trail,Kaylamouth,Montana,Uzbekistan
3347,John,Santos,todd11@example.org,9292 Robert Points Suite 903,Port Ashleyfort,Delaware,Marshall Islands
3348,Thomas,Baird,santiagoangela@example.net,899 Harry Prairie,Silvaborough,Mississippi,Albania
3349,Kimberly,Wong,juarezlisa@example.com,790 Scott Ranch Apt. 048,Sandovalmouth,Mississippi,Cayman Islands
3350,Autumn,Medina,thorntonzachary@example.com,85141 Mccarty Lights Apt. 002,West Matthew,Louisiana,Vietnam
3351,Ashley,Liu,ghall@example.org,38592 Kyle Harbor,Mooreburgh,Wyoming,Djibouti
3352,John,Rodriguez,ewebster@example.net,090 Weaver Island Apt. 878,New John,Delaware,Italy
3353,Jessica,Blake,ynunez@example.org,0346 Nielsen Extensions Suite 179,Nathanielshire,Michigan,Italy
3354,Lisa,Irwin,maria13@example.org,25469 Richardson Locks Suite 609,New Andrewstad,Alaska,Bulgaria
3355,Kevin,Rodriguez,cpeters@example.org,648 Smith Camp Suite 829,Wallaceburgh,Kentucky,Bhutan
3356,Kaylee,Lester,christopher94@example.com,46693 Brittney Throughway Apt. 800,Sandraburgh,Hawaii,Liberia
3357,Dana,Martinez,jennifer79@example.com,2809 Perez Overpass Apt. 245,Williamsstad,Colorado,Uruguay
3358,Kristie,Watts,dchavez@example.org,286 Daniel Mountains,East Amyland,Iowa,South Africa
3359,Marcus,Martinez,krichardson@example.org,5797 Jones Burg Suite 030,Joshuahaven,Florida,Libyan Arab Jamahiriya
3360,Emily,Herrera,mmaldonado@example.com,46101 Waters Trail,North Hannah,Kansas,Sao Tome and Principe
3361,Kimberly,Valdez,moodyshannon@example.org,202 Beth Radial Apt. 066,Jeffreybury,Oregon,Uzbekistan
3362,Melissa,Williams,evandawson@example.com,18990 Matthew Harbor Apt. 456,Robertsview,Kentucky,Georgia
3363,Joshua,Gay,reyesjeffrey@example.com,28527 Martin Springs Apt. 573,North Dennis,Hawaii,Mayotte
3364,Lucas,Logan,marystrickland@example.net,843 Rowe Springs Apt. 810,Kendraborough,Massachusetts,Bahrain
3365,Desiree,Schmidt,rdavis@example.net,89774 Sanchez Falls,Port Dawn,New Jersey,Greece
3366,Eric,Johnston,robertchapman@example.com,2684 Walls Fords,Hoganmouth,Georgia,Marshall Islands
3367,Anthony,Lowe,nicole59@example.com,79024 Barbara Plain Apt. 915,Warnerstad,Colorado,Saint Vincent and the Grenadines
3368,Chelsea,Stephens,yeseniaperez@example.org,3882 Hernandez Manors,Shafferchester,North Carolina,Kenya
3369,Daniel,Harris,lisacarroll@example.net,283 Smith Unions Apt. 965,Stewartmouth,Missouri,South Africa
3370,Kristin,Beasley,ashleypeters@example.net,3176 Ricky Trace,Carrchester,Missouri,Mali
3371,Tiffany,Jones,krandall@example.net,09990 Johnson Plaza Apt. 450,Lake Christopher,Delaware,Indonesia
3372,Amanda,Santos,cindy98@example.com,7918 Henry Shoals,Stevensonview,Alabama,Latvia
3373,Mark,Garrett,williamsalexandria@example.com,356 Bishop Oval,Gregoryfort,Maine,Dominican Republic
3374,Morgan,Hudson,ncollins@example.com,31449 Jacob Walks Suite 391,Lake Joshua,New York,Central African Republic
3375,Timothy,Riley,azimmerman@example.net,1737 Steele Ports,New Tinaview,Maryland,Rwanda
3376,Brenda,Evans,douglassonia@example.com,62041 Meadows Burgs,Mitchellton,Utah,Brunei Darussalam
3377,Terri,Salazar,rodriguezthomas@example.net,32580 Ingram Throughway Apt. 847,Wilsonview,Colorado,Grenada
3378,Jason,Davis,zjones@example.com,09692 Tiffany Divide Apt. 295,South Beverly,New Jersey,Panama
3379,George,Thomas,sherryhensley@example.com,01446 Robert Walk Apt. 594,Gabriellashire,Indiana,Holy See (Vatican City State)
3380,Tina,Schwartz,shirleyolson@example.com,3498 Harmon Ferry,Lake Haley,South Dakota,Micronesia
3381,Donna,Owen,jose53@example.com,576 Hall Parks,East Staceymouth,Alaska,Ghana
3382,Cathy,Lopez,stephen60@example.com,76366 Robert Cliff Suite 592,Johnsonbury,Rhode Island,Canada
3383,Melinda,Gibson,bernard88@example.com,19749 Lamb Fords,South Emilyburgh,New York,Cote d'Ivoire
3384,Johnny,Powell,alexishartman@example.com,859 William Rapids,North Paula,Vermont,French Guiana
3385,Margaret,Simmons,jthomas@example.com,561 Curry Junctions Suite 984,North Kenneth,Colorado,Sri Lanka
3386,Meredith,Schwartz,vharrison@example.net,6985 Elizabeth Dam Apt. 659,North Austin,Iowa,Brunei Darussalam
3387,Jason,Martin,nicholas46@example.net,38399 Elizabeth Forks,Sherryburgh,Montana,Saint Barthelemy
3388,Michael,Young,qyoung@example.org,377 Figueroa Mews,New Kennethfurt,Virginia,Tuvalu
3389,Shawn,Ross,hcarter@example.net,24941 Curry Streets Apt. 106,East Stanleyville,Florida,Georgia
3390,Joshua,Kelly,david69@example.com,8732 Santos Shores Suite 146,Matthewmouth,Missouri,Turkmenistan
3391,Chad,Rice,osantiago@example.com,07584 Lawson Station Suite 903,East Christine,Arizona,United States of America
3392,Heather,Faulkner,craig28@example.com,1616 Randolph Corner,Juanton,Ohio,Jersey
3393,Patty,Hall,villasteven@example.net,454 Cynthia Route Suite 709,Tiffanybury,Vermont,Macao
3394,Joseph,Johnson,eric69@example.com,377 Bailey Corners Apt. 781,New Tracyshire,Iowa,Antarctica (the territory South of 60 deg S)
3395,David,George,owhite@example.org,90201 Moore Extension,Shepherdmouth,Oregon,Guatemala
3396,Frank,Woods,david80@example.net,732 Samuel Manor Apt. 050,Anthonyland,California,Malaysia
3397,Michael,Hamilton,mccartymark@example.net,37644 Kristina Common Apt. 613,West Raymond,Mississippi,Congo
3398,Zoe,Dunlap,randall90@example.net,612 Brenda Springs,Jennyland,Rhode Island,Uzbekistan
3399,Mike,Caldwell,zwalker@example.com,2285 Frost Shoals Suite 595,South April,Texas,Zimbabwe
3400,Kara,Grant,mcross@example.org,43662 Richard Mountain,North Lisa,Utah,France
3401,Jessica,Rivera,murrayamber@example.com,025 Fisher Mountain,New Alicia,Pennsylvania,Marshall Islands
3402,James,Brewer,fergusoncourtney@example.net,373 James Row,South Kiara,Utah,Germany
3403,Stephanie,Johnson,laurathomas@example.net,21047 Victoria Mountain Suite 604,Philipport,Iowa,Sri Lanka
3404,Julia,Johnson,ryanwilliams@example.net,016 Kathryn Pine,West Tracy,Michigan,French Polynesia
3405,Jamie,Bryant,sara51@example.org,59142 John Neck,North Brian,Louisiana,Grenada
3406,Kimberly,Mcbride,joshuaspencer@example.org,1173 Gregory Canyon Apt. 837,Kristenmouth,Mississippi,Ethiopia
3407,Kristen,Cruz,janice86@example.net,4807 Brown Common Apt. 303,Davisport,South Carolina,Maldives
3408,Kristen,Garcia,hamiltonsarah@example.net,175 Stewart Walk,South Davidtown,Arkansas,Iran
3409,Thomas,Mccoy,brownjoseph@example.org,296 Ronald Stream,South Amandamouth,Missouri,India
3410,Lisa,Cox,dperez@example.net,860 Lisa Vista Suite 119,Wilcoxland,Nevada,Sao Tome and Principe
3411,Rachael,Jensen,caleb15@example.net,0813 Oliver Mountains Apt. 040,East Justinmouth,Hawaii,Jamaica
3412,Sarah,Carter,danieloneal@example.org,154 Lee Islands Suite 694,West Alexander,Maine,Taiwan
3413,Joel,Estrada,kwells@example.com,2211 Whitehead Canyon Suite 649,Schneidershire,North Dakota,Oman
3414,Mark,Andrews,goodwindaniel@example.com,11912 Jodi Walk,East Joshuatown,Michigan,Belgium
3415,Robyn,Bullock,racheltownsend@example.org,75478 Linda Courts,West Aprilville,Missouri,Kyrgyz Republic
3416,Mary,Kelly,alicia71@example.org,771 John Spurs Apt. 961,South Rogertown,Georgia,Latvia
3417,Joseph,Rogers,dwalter@example.org,210 Cain Port,Port William,Vermont,Kazakhstan
3418,Christine,Rodriguez,sean45@example.net,0972 Brown Mountains,Davisland,Oklahoma,Armenia
3419,Kimberly,Burns,abailey@example.net,69904 Jose Union Suite 061,Port Joseph,Idaho,Poland
3420,Michelle,Wilson,heidi03@example.com,6609 Black Roads,Michellehaven,New Jersey,Turks and Caicos Islands
3421,Jennifer,Pugh,nicholasibarra@example.com,1740 Chelsea Unions Apt. 966,Sheltonborough,Alabama,Cayman Islands
3422,James,Shah,rmendoza@example.net,86215 Anderson Ford,West Isaac,Alaska,Seychelles
3423,William,Myers,friedmansara@example.org,16458 Guerrero River Suite 444,Ryanside,Wisconsin,Costa Rica
3424,Nathan,Rowe,xpeters@example.com,96820 Fox Ports,Port Codyview,Texas,Palestinian Territory
3425,Dana,Stewart,grayanthony@example.org,41373 Mark Court Suite 603,Wareville,Rhode Island,Croatia
3426,Andrew,Taylor,andrewhansen@example.org,4727 David Road,Haleyburgh,Wyoming,Turkmenistan
3427,Douglas,Griffin,cherylmoore@example.net,4974 Leah Extension,Port Melindaview,Indiana,Spain
3428,Jasmine,Bishop,allison41@example.org,7065 Edwards Ports Suite 626,East Dianaton,California,Korea
3429,Alexander,Paul,lewisisaiah@example.net,2097 Henry Port,Jessicamouth,Missouri,Togo
3430,Victoria,Bradley,angelalawson@example.net,29030 George Turnpike Apt. 994,Lisachester,Maine,Equatorial Guinea
3431,Ryan,White,paynedonna@example.org,064 Justin Creek Suite 739,Kimberlyberg,New York,Cameroon
3432,Tracy,Hart,swansonjennifer@example.com,8300 Jason Squares,West Debra,Rhode Island,Turkey
3433,Matthew,Kennedy,gregorythompson@example.net,2387 Garcia Course,East Jodiview,Iowa,Palau
3434,Amy,Johnson,rrodriguez@example.com,3668 Martin Avenue,North Edward,Minnesota,El Salvador
3435,Kenneth,Wallace,daniel51@example.com,42038 Jones Garden Suite 798,Maryborough,Iowa,Christmas Island
3436,Dawn,York,holmesbrandon@example.org,504 Randy Rest Suite 918,Benjaminland,Rhode Island,Kyrgyz Republic
3437,Amanda,Edwards,judy13@example.com,2926 Jonathan Neck Suite 710,Lake Kathleenmouth,North Dakota,Faroe Islands
3438,Maria,Wright,freemantracy@example.org,8504 Nicole Gateway Suite 996,North Laura,Iowa,Cambodia
3439,Denise,Herrera,iball@example.com,425 Saunders Union,Coreyland,Tennessee,Gibraltar
3440,Jared,Ward,vtrevino@example.com,158 Richard Mountain,Port Matthewbury,Delaware,Kenya
3441,Daniel,Perry,garciaelizabeth@example.net,59307 Casey Glen Suite 465,West James,Mississippi,Tunisia
3442,Dawn,Fleming,cervanteskristine@example.com,4907 William Mountains,East Kenneth,Michigan,Aruba
3443,Dennis,Hughes,jasmine79@example.org,9836 Elijah Orchard Apt. 122,Blevinstown,Texas,Christmas Island
3444,Emily,Becker,tracy78@example.com,3401 Mayer Burgs Suite 620,Port Emilyview,Alabama,El Salvador
3445,Brooke,Villegas,hvelasquez@example.net,95240 Stacey Drives Suite 023,Atkinsview,Missouri,Mozambique
3446,Tracey,Duncan,mariesweeney@example.org,9555 Bailey Mall Suite 325,North Jacob,Nevada,Argentina
3447,Kelly,Novak,margaretperry@example.net,195 Harris Lodge Suite 885,New Derekville,Montana,Antigua and Barbuda
3448,David,Bullock,jeffrey60@example.org,98689 Stanley Summit Apt. 788,Lake Mathew,Oregon,Pitcairn Islands
3449,Frank,Owen,vcarter@example.org,829 Moore Knolls Suite 953,East Kaylaberg,Utah,Seychelles
3450,Paul,Wheeler,caleb74@example.org,8577 Campbell Plain,West Robertstad,New Hampshire,Congo
3451,Tammy,Lawson,williebrown@example.org,335 Weaver Forks,Bellhaven,Texas,Belgium
3452,Karen,Dickson,yharmon@example.org,9520 Brown View,Lake Mary,Massachusetts,Northern Mariana Islands
3453,Jermaine,Long,yberry@example.com,87008 Kidd Plains Apt. 661,New Hannahmouth,Florida,Bosnia and Herzegovina
3454,Justin,Rodriguez,joshua10@example.org,66731 Russell Run,Jimenezmouth,Tennessee,Croatia
3455,Sandy,Mack,thorntonjeffrey@example.net,7079 Eric Villages Apt. 384,North Amanda,Ohio,Bhutan
3456,Dennis,Walker,heidimckinney@example.org,445 Li Haven Suite 302,Joneschester,New Hampshire,Thailand
3457,Dennis,Taylor,ustanton@example.org,817 Brent Junctions Apt. 047,Lake Tarafurt,Iowa,Tanzania
3458,Aaron,Moran,ramoskevin@example.com,708 Darrell Extension Apt. 630,South Charlesport,New Mexico,British Virgin Islands
3459,Shelley,Brown,christopherwilliamson@example.net,91342 Samantha Meadow Suite 192,Williamsville,Connecticut,Montserrat
3460,Nicholas,Johnston,xwatts@example.net,9905 Ashley Terrace,Whiteside,Michigan,Australia
3461,Matthew,Luna,gabrielle95@example.com,2286 Walker Pike Suite 869,Andrewhaven,New York,Myanmar
3462,Ashley,Walker,leejamie@example.org,61370 Fernandez Mountains,North Rhondamouth,Tennessee,Hong Kong
3463,Cynthia,Gaines,hickmanmary@example.com,379 Savage Haven,Josehaven,Colorado,Jamaica
3464,Kimberly,Hodge,rojaskathy@example.net,595 Karen Motorway Apt. 238,Bridgetport,Indiana,Gibraltar
3465,Danielle,Sanchez,laura89@example.com,5897 Coleman Square Apt. 235,Russellview,Massachusetts,Armenia
3466,Kyle,Shepherd,john55@example.net,124 Bennett Streets Suite 281,Danielshire,Delaware,Nigeria
3467,Brian,Jones,daniel77@example.com,6147 Samuel Ports Suite 141,East Darrentown,Massachusetts,Tajikistan
3468,Lance,Smith,victoriagarcia@example.net,40127 Barbara Parkways Apt. 627,Lovechester,Wisconsin,Ethiopia
3469,Alan,Arroyo,lisamckay@example.net,17723 Rodriguez View Suite 726,Johnbury,Utah,Cook Islands
3470,Jane,Hill,timothyfisher@example.net,349 Hopkins Circles Suite 930,East Jorge,Alabama,Guadeloupe
3471,Thomas,Logan,sheri85@example.org,063 Sherry Villages Suite 828,Port Jamesborough,Kansas,Belize
3472,Brenda,Park,robertthompson@example.net,14064 Jacqueline Ridges Suite 039,Jamesview,Vermont,Jamaica
3473,Anita,Jones,maryscott@example.com,86365 Johnson Fields,Murphyhaven,Minnesota,Egypt
3474,Michael,Brown,hayeskaren@example.org,647 Edward Road,Lake Heatherstad,South Carolina,Saint Kitts and Nevis
3475,Daniel,Lane,janderson@example.org,2336 Fitzgerald Ways Apt. 009,Natalietown,Colorado,Montserrat
3476,Katherine,Kent,bcampbell@example.org,91190 Cassandra Drive,Lake Keith,Virginia,Estonia
3477,Jillian,Huynh,julie47@example.org,8170 Dawn Locks,Bryanhaven,California,Brazil
3478,Veronica,Wright,umills@example.org,47071 Erickson Port Apt. 016,Simsland,Maine,Seychelles
3479,Bruce,Guerra,rollinsmarie@example.org,3630 Bryant Spur Suite 071,Nortonshire,Oregon,British Indian Ocean Territory (Chagos Archipelago)
3480,Lori,Hunt,jonestheresa@example.com,046 Mary Haven,Lake Jessicabury,New Hampshire,Saint Martin
3481,Gregory,Johnston,graycheryl@example.com,7762 Christopher Ridge,Lovebury,Hawaii,Norfolk Island
3482,Paula,Davis,smanning@example.com,6056 Johnson Greens Apt. 501,Lake Jeffreyhaven,Nebraska,Bhutan
3483,Cindy,Mclean,emurphy@example.com,63642 Marshall Plaza Suite 062,Port Alanhaven,Vermont,Faroe Islands
3484,Latoya,Powell,sanchezrobert@example.net,23115 Thompson Course Suite 993,New Alexistown,Wyoming,Guatemala
3485,Sherri,Baker,vlawson@example.com,498 Nicholas Throughway Apt. 920,Lake Raymond,Arkansas,Seychelles
3486,Christopher,Thompson,conleyamber@example.net,7786 Matthews Junctions,Port Mindyside,Massachusetts,Northern Mariana Islands
3487,Thomas,Bond,nicholasmorris@example.net,612 Cannon Lock Apt. 413,Webbside,Kentucky,Finland
3488,Dana,Pratt,villarrealtammy@example.com,11037 Stanley River,Lake Ian,North Dakota,Mayotte
3489,Steven,Bradshaw,simsjose@example.com,09407 Johnson Manors,South Davidfurt,California,Peru
3490,Cynthia,Lewis,abigailroberts@example.net,5577 Mendez Point,Lake Robertport,Missouri,Pakistan
3491,Kathryn,Chavez,cynthiabrown@example.com,0191 Benjamin Estates Apt. 570,South Brianview,Connecticut,Netherlands
3492,Maria,Stephens,wilsonmichael@example.net,18685 Johnson Flats Apt. 750,Michaelland,Virginia,Albania
3493,Joseph,Williams,gwaters@example.org,7469 Hatfield Drives Apt. 057,New Jacqueline,Connecticut,Azerbaijan
3494,Denise,Humphrey,larry08@example.org,424 Julie Key,Jacobside,Washington,Kazakhstan
3495,Whitney,Clayton,mcgrathmegan@example.org,15461 Brian Circle Apt. 601,East Pamela,Oregon,Lesotho
3496,Lauren,Colon,phillip05@example.net,7624 Chelsea Skyway,Travisshire,Oregon,Cayman Islands
3497,Joshua,Cunningham,shawandres@example.org,94031 Garcia Crescent,East Vincent,Georgia,Dominica
3498,Ricky,Villanueva,greenmelissa@example.net,0627 Nguyen Shore,South Jameshaven,New Mexico,Comoros
3499,Rita,Jones,thompsondavid@example.net,16216 English Prairie Suite 911,Vanceburgh,Oklahoma,American Samoa
3500,Monica,Martinez,rwalters@example.net,77165 Tricia Brooks,Dixonton,Hawaii,Afghanistan
3501,Benjamin,Nelson,oroach@example.com,32835 Davis Green,Robinport,Washington,Burundi
3502,Victoria,Miller,hayesjames@example.com,931 Banks Isle Suite 829,Sydneyburgh,South Dakota,Sudan
3503,Nicole,Rasmussen,peterpeterson@example.org,839 Jessica Locks Apt. 360,East Scottport,Kentucky,Algeria
3504,Paul,Anderson,kellypeck@example.net,4675 Parker Ramp Apt. 524,North Monique,Rhode Island,Saint Lucia
3505,Charles,Salazar,michaela34@example.net,143 David Rapid Suite 816,Lake Nathanielshire,Missouri,Wallis and Futuna
3506,Madeline,Martinez,lferguson@example.com,8251 Charles Ville,Moralesport,Oklahoma,Saint Pierre and Miquelon
3507,Jeremiah,Rodriguez,vhoward@example.org,658 Brian Branch,New Nicholas,North Dakota,Dominican Republic
3508,Lynn,York,michellehoward@example.net,407 Robin Avenue Apt. 651,Stuartborough,Delaware,Ireland
3509,Daniel,Clark,john85@example.com,479 Ana Passage,Paulchester,Connecticut,Jersey
3510,Laura,Bean,bellrichard@example.com,317 Cody Hollow,Jacobmouth,Minnesota,Montenegro
3511,Christy,Robinson,jenkinsjennifer@example.com,94274 Moore Fork Apt. 670,Brandiburgh,Illinois,Guinea
3512,Tammy,Clark,fordwendy@example.org,5100 David Squares,Antoniohaven,Wyoming,Macao
3513,Christina,Little,carlos35@example.com,234 Sullivan Courts,Lake Lauren,Montana,Palau
3514,Tina,Lewis,kellylawson@example.org,741 Hill Springs Suite 125,Rosalesburgh,Louisiana,Tajikistan
3515,Cindy,Davis,adamtran@example.net,787 Gentry Corners Suite 811,East Brian,California,Vietnam
3516,Dale,Cervantes,ericaaustin@example.net,8715 Sydney Courts Apt. 935,Scottside,Maryland,Hong Kong
3517,Melissa,Reed,gloria61@example.org,29130 Wyatt Inlet,Gregorytown,South Dakota,Pitcairn Islands
3518,Dwayne,Beasley,matthew13@example.net,66870 Lewis Drive,Amandashire,South Carolina,Taiwan
3519,Laura,Rogers,mcdanielbriana@example.org,9922 Brown Pine,South Whitney,Oregon,Uganda
3520,Andrew,Martin,rossdonna@example.org,50851 York Lights,Harrellland,Connecticut,Bermuda
3521,Tara,Harper,josephdavis@example.net,78996 James Fort Apt. 053,North David,Minnesota,Jamaica
3522,Lisa,Trujillo,brooksjeffrey@example.org,091 Clayton Crossing,West Kimberly,Wisconsin,Afghanistan
3523,Brittany,Frank,beth25@example.net,69557 Daniel Turnpike,New Michael,Maryland,Greece
3524,James,Collier,duncanwilliam@example.com,18207 Joanna Greens,Port Hannahside,Alabama,Zimbabwe
3525,Manuel,Smith,lhanson@example.com,699 Dakota Loop Apt. 092,Livingstonborough,Ohio,Cote d'Ivoire
3526,Jason,Hall,kbarry@example.com,065 Steven Prairie Suite 159,Lake Barry,Texas,Malaysia
3527,Dana,Bell,qmcbride@example.com,57861 Webb Village Apt. 413,Banksport,Kansas,Somalia
3528,Karen,Jones,padkins@example.net,52409 Townsend Parkways Apt. 644,Jonathanport,Minnesota,Dominica
3529,Rachel,Hubbard,daniel11@example.com,65432 Joshua Squares Suite 695,Port Chrisbury,Mississippi,Marshall Islands
3530,Susan,Dennis,stephen66@example.net,341 Shelby Springs,Danielside,Oklahoma,Oman
3531,Tracey,Bryant,williamstracy@example.org,71053 Alvarez Field Apt. 396,New Saramouth,North Carolina,Oman
3532,Abigail,Shaffer,englishmichelle@example.com,9611 Doyle Square Apt. 109,New Nicholas,Minnesota,Guadeloupe
3533,Ashley,Mcdonald,sandradunn@example.com,34295 Martinez Mountains,West Krista,Mississippi,Senegal
3534,Makayla,Lopez,scott98@example.com,35340 Michael Inlet,Whiteport,Rhode Island,Spain
3535,Samuel,Chase,nicholasvang@example.org,6931 Michelle Club Suite 495,Jonesland,Tennessee,Montenegro
3536,Brittney,Hicks,audrey23@example.org,832 Phillips Causeway Suite 451,Christopherside,Maryland,El Salvador
3537,Joshua,Bryan,jamesvega@example.org,656 Wayne Roads Suite 230,Lake Albertview,Maine,Svalbard & Jan Mayen Islands
3538,Jason,Murphy,vjohnson@example.net,6107 Stacey Park Suite 924,Millerchester,Iowa,Eritrea
3539,Patrick,Gomez,brent60@example.net,5463 Johnson Run,Marcusmouth,Rhode Island,Belarus
3540,Joseph,Wilcox,rchurch@example.net,52875 Erica Valleys,Yolandatown,Florida,Mayotte
3541,Andrea,Hernandez,ingramscott@example.net,294 Brandon Center Apt. 315,Karenview,Nebraska,Liberia
3542,Michelle,Suarez,donna51@example.net,4730 Christopher Ports Apt. 655,Evansshire,Utah,Angola
3543,Courtney,Kim,lmarquez@example.net,726 William Tunnel Suite 489,East Jenniferside,Rhode Island,Mali
3544,Allen,Lee,molinarodney@example.net,20077 Ramirez Islands Suite 181,Lake Hectorton,Illinois,Monaco
3545,Elizabeth,Combs,scottcolleen@example.com,560 Evans Skyway Suite 591,New Margaretport,Maine,Samoa
3546,Chelsey,Becker,jameshernandez@example.net,21451 Harris Village,Gonzalesland,Alabama,Guinea-Bissau
3547,April,Nixon,hrodriguez@example.net,92635 Bradford Islands,Mooreborough,Idaho,Ukraine
3548,Natasha,Mcbride,patrickprice@example.org,1721 Adam Centers,Dawnfurt,Ohio,Malta
3549,Angela,Mccarthy,lisa10@example.org,273 Spencer Groves,West Jenniferhaven,Massachusetts,Taiwan
3550,Ronald,Oliver,shudson@example.org,2710 Miller Crossroad Apt. 054,Erikaburgh,California,Belarus
3551,Keith,Mcgrath,jessicakim@example.org,290 Christine Drive,East Sharonport,Georgia,Saint Kitts and Nevis
3552,Natalie,Moore,andersonkelly@example.com,55573 Rose Roads Apt. 391,Boothbury,New Mexico,Rwanda
3553,Christopher,Miller,josephwilliams@example.com,638 Robert Tunnel,Jeffreymouth,Colorado,Cape Verde
3554,Linda,Allison,kristarichards@example.org,700 Mccoy Via Apt. 416,North Lori,Nebraska,Trinidad and Tobago
3555,Gabrielle,Williams,kathleendiaz@example.net,486 Kayla Trafficway Suite 123,North Dianatown,Maryland,Zimbabwe
3556,Victoria,Hampton,joseph70@example.com,5175 Montoya Valleys,Josephborough,Georgia,Palau
3557,Keith,David,usparks@example.net,172 Terri Roads,West Nicole,Virginia,Romania
3558,Anthony,Tucker,virginia50@example.com,435 Amy Field,Patrickmouth,Maine,Tokelau
3559,Kevin,Rubio,brianpacheco@example.com,028 Oconnor Skyway Apt. 259,West Jenniferhaven,Maine,Vanuatu
3560,Kelsey,Garcia,ogomez@example.com,03444 Dustin Light Apt. 976,Williamsfurt,Indiana,Korea
3561,John,Conway,gmoore@example.com,990 Kristin Falls,Brownside,Nevada,Iran
3562,Natalie,Hays,angela68@example.com,74171 Shannon Landing,Floresview,Illinois,French Polynesia
3563,Valerie,Perry,ycole@example.org,266 Page Shoals,Waynemouth,Georgia,Saint Lucia
3564,Rebecca,Young,amandadelgado@example.com,346 Garcia Stravenue Apt. 659,Thompsonside,South Dakota,Albania
3565,William,Hoffman,mendezjohn@example.net,5208 Johnson Pine Suite 027,East Philip,West Virginia,Tajikistan
3566,Alexander,Blair,donnasimpson@example.com,8364 Joel Orchard,North Brettchester,Kentucky,Cayman Islands
3567,Brad,Rodriguez,cruzarthur@example.com,363 Diaz Drive,Port Dianeberg,Delaware,Guadeloupe
3568,Heidi,Rodriguez,carlaellis@example.net,75495 Heather Trace Suite 073,Elizabethhaven,Nevada,Australia
3569,Lori,Dixon,hawkinsashley@example.org,1092 Smith Terrace Apt. 797,West Jason,South Dakota,Bhutan
3570,Chad,Winters,pamelajones@example.org,73128 Johnson Roads Suite 426,Melissaland,Wisconsin,Syrian Arab Republic
3571,Darryl,Valdez,michelle30@example.org,58266 Walker Island,Garciamouth,Hawaii,Saint Helena
3572,Joe,Ward,znguyen@example.net,5104 Patricia Groves,Javierborough,Tennessee,Malaysia
3573,Gary,Williams,jacksondavid@example.org,426 Erik Heights,West Joel,West Virginia,Greenland
3574,Christopher,Butler,nhill@example.com,553 Wilson Rapid Apt. 001,Lisaton,Texas,Montenegro
3575,Roberta,Lopez,cookedavid@example.net,6841 Mary Court,New Kathryn,Virginia,Tokelau
3576,Robert,Gonzalez,ledwards@example.org,3310 Christopher Pines,North Erikahaven,Utah,Georgia
3577,Nicole,Gilbert,bobbyporter@example.com,543 Paul Lodge,Anthonyfurt,Hawaii,Chad
3578,Bradley,Gomez,perezthomas@example.com,137 Edward Inlet,West Dana,Alabama,Uruguay
3579,Aaron,Nguyen,lcarter@example.com,00813 Joseph Ville Suite 328,Jessicatown,Hawaii,Macao
3580,Johnathan,Ross,derekbishop@example.org,2898 Smith Springs,Aaronbury,Maine,New Caledonia
3581,Teresa,Turner,weaversteven@example.org,48675 Gonzalez Expressway,Lake Christopher,Arkansas,Honduras
3582,Barbara,Bond,scottchavez@example.org,4180 Williams Passage Apt. 514,South John,Rhode Island,Turkmenistan
3583,Robin,Martinez,hernandezjennifer@example.net,589 Burns Flats Suite 291,Rayfurt,Nebraska,Vanuatu
3584,Danny,Howard,hermansteven@example.com,47481 Frank Land Suite 254,New Courtney,Delaware,Sweden
3585,Julie,Pearson,larrymathews@example.com,6542 Gregory Forks,Bennettfort,Vermont,Congo
3586,Johnny,Hill,armstrongnathan@example.org,2320 Williams Hollow Suite 416,New Michael,Colorado,Brazil
3587,Nathan,Williams,dcampbell@example.com,14269 Harris Loop Apt. 379,West David,Washington,Kuwait
3588,Juan,Taylor,thomas01@example.org,0617 Olson Center Apt. 066,Serranoville,Mississippi,Malawi
3589,Steven,Conway,ryangalloway@example.org,00143 Lee Curve,North Cory,Arkansas,Haiti
3590,Annette,Salinas,brandonadams@example.com,28405 Santiago Oval,East Brad,Arkansas,Papua New Guinea
3591,Megan,Cooper,olsonrobert@example.com,82331 Richard Greens,Victoriahaven,Illinois,Guinea
3592,Jesse,Smith,kevinfuentes@example.net,2810 Brooks Streets Suite 322,Port Michelletown,New York,Micronesia
3593,Steven,Elliott,hmcguire@example.org,0659 James Land,Brownland,Nevada,Gambia
3594,Kristin,Hernandez,jenniferbrewer@example.com,64571 Ashley Stravenue Apt. 287,Lake Jacob,Connecticut,Iraq
3595,Justin,Johnson,jennifer18@example.net,6138 Daniel Points,West Tammy,Pennsylvania,Montserrat
3596,Mary,Bell,heatherbryan@example.org,99676 Gregory Lake Apt. 810,Hammondmouth,Nebraska,Monaco
3597,Brandon,Dixon,eric33@example.com,61126 Snyder Viaduct,East Amy,Wisconsin,Cote d'Ivoire
3598,Travis,Navarro,kaitlinpatrick@example.org,777 Wyatt Mountain,Ellisside,Oregon,Lithuania
3599,Thomas,Shaffer,christophercastillo@example.net,526 Andrew Crest Apt. 381,Hernandezmouth,Texas,Suriname
3600,Melissa,Hardy,tabithadavis@example.net,8849 Howard Glen,New Kristen,Pennsylvania,Western Sahara
3601,Craig,Hale,toddlloyd@example.net,8754 Nelson Flat Suite 545,Parkerbury,Alabama,Australia
3602,Kristy,Jacobs,tarahoffman@example.org,658 Ramirez Greens Suite 868,West Maria,Tennessee,Iraq
3603,Teresa,Ray,danielmendez@example.net,274 James Orchard Suite 000,West Jose,Alabama,British Virgin Islands
3604,Steven,Jones,debrabryant@example.net,121 Gonzalez Terrace,Owenstad,Georgia,Norfolk Island
3605,Amanda,Nichols,robertowalsh@example.com,101 Becky Junctions,Thompsonton,Hawaii,Burkina Faso
3606,Christopher,Rodriguez,wrightanthony@example.net,29495 Miller Prairie Suite 644,North Mathew,Oregon,Netherlands Antilles
3607,Timothy,Perry,tannerthomas@example.org,32616 Osborne Track Apt. 967,Lake Amytown,Pennsylvania,Libyan Arab Jamahiriya
3608,Dylan,Shelton,markcamacho@example.com,818 Peterson Gardens,North Morgan,Alaska,Cocos (Keeling) Islands
3609,Heather,Gray,michelleoconnell@example.net,2026 Alicia Expressway Suite 751,Reedport,Massachusetts,Estonia
3610,Kathleen,Bell,vasquezchristopher@example.net,47066 Stephanie Track Suite 246,West Elizabeth,Nebraska,Guernsey
3611,Cassie,Higgins,benjaminharris@example.org,163 Christopher Club,New Leestad,Kentucky,Israel
3612,Timothy,Acosta,perezjuan@example.com,57918 Hunter Island,Port Rodneyfort,Missouri,United States of America
3613,Jamie,Brown,chavezbenjamin@example.org,47887 Brown Lakes,North Sheila,Maine,Equatorial Guinea
3614,Jeffrey,West,kparker@example.com,79332 Joanna Road Apt. 675,New Kennethmouth,Vermont,Brunei Darussalam
3615,David,Kennedy,yolandawhite@example.org,605 James Garden,Englishborough,Nevada,Macao
3616,Lisa,David,dlee@example.com,230 Nicole Via Suite 912,Sloanton,Oregon,Denmark
3617,Laura,Barnes,benjamin58@example.org,05864 May Rue,West Charleschester,Ohio,Libyan Arab Jamahiriya
3618,Brian,Garcia,zachary47@example.org,50304 Friedman Burgs Suite 806,Jenniferfurt,Georgia,Denmark
3619,David,Webster,sydney27@example.com,6805 Barber Knoll,Ryanfurt,Louisiana,Nepal
3620,Cindy,Curry,allensims@example.org,797 Mcgrath Corner,Herrerafurt,Arizona,Malawi
3621,Jessica,Lee,nicolesmith@example.com,1698 Johnny Common,Carlosbury,Hawaii,French Southern Territories
3622,David,Osborne,ole@example.org,658 Michelle Lake,Lake Sallyville,North Carolina,Heard Island and McDonald Islands
3623,Robin,Watts,donna65@example.net,63518 Young Summit,West Brandiville,New York,Estonia
3624,Kayla,Williams,andrewpena@example.com,4941 Cameron Plaza Apt. 185,Stewartmouth,California,Bahrain
3625,Miranda,Hart,cervantesshawn@example.com,2713 Oliver Crossing Suite 018,East Nathanhaven,Colorado,Tanzania
3626,John,Hall,franknicole@example.com,339 Jennifer Passage,North Chloefurt,Virginia,Micronesia
3627,Rodney,Cruz,zimmermangary@example.com,68024 Ortega Harbors,Aaronstad,New Hampshire,Canada
3628,Michael,Anthony,clynn@example.net,97956 Stephenson Dam,West Brian,Idaho,Madagascar
3629,James,Krueger,melissa02@example.net,20568 Davis Path Suite 532,Port Curtisfurt,Pennsylvania,Maldives
3630,Shannon,Bowman,david22@example.org,0390 John Falls,West Stephanie,Maine,Sri Lanka
3631,Anthony,Jones,wattsnatasha@example.net,96031 Jade Heights,Jenniferbury,Pennsylvania,Sweden
3632,Carlos,Skinner,stanleywilliams@example.org,234 Brown Way,New Marissa,North Carolina,Saint Pierre and Miquelon
3633,Cindy,Howell,smolina@example.net,3722 Sanders Highway Apt. 573,Port Kevin,West Virginia,Jamaica
3634,Fred,Kennedy,urobles@example.org,4723 Jefferson Forges Apt. 021,Mckeeshire,Nevada,Azerbaijan
3635,Austin,Stephens,davidgarcia@example.net,38510 Adam Path Apt. 084,New Zachary,Connecticut,Eritrea
3636,Katie,Flores,hallkathryn@example.net,00234 Holly Flats,Eduardoberg,Maine,Congo
3637,Michael,Turner,brittany36@example.org,740 Morse Haven Suite 757,Tylerstad,North Carolina,Kuwait
3638,Brian,Mccall,dhoward@example.com,8777 Salazar Islands,North David,Arkansas,Iran
3639,Aaron,Cooke,murphyanthony@example.org,35638 Kevin Fields Apt. 378,East Timothyhaven,North Dakota,Kiribati
3640,Sheila,Barton,tina32@example.org,4373 Chad Flat,South Jennifer,Minnesota,Guernsey
3641,Jerome,Sharp,alyssa59@example.net,3960 Colon Points,Adamside,Florida,Vietnam
3642,Ashley,Hess,andrew69@example.com,2505 Burton Shores,Lynnhaven,New York,Namibia
3643,Alicia,Young,williamschaefer@example.com,718 Nichols Rapids,Samuelberg,Utah,Ecuador
3644,Kevin,Conley,michael57@example.com,48891 Smith Lock,North Jeffreyshire,Wyoming,Mauritania
3645,Jennifer,Davis,rbauer@example.net,4860 Adams Locks,South Andrewborough,Delaware,Liechtenstein
3646,David,Gay,melissahall@example.org,9837 Scott Park Suite 164,West Marcusbury,New Hampshire,Anguilla
3647,Michael,Fuentes,phillipsbrenda@example.org,41567 Long Lake Apt. 199,Brownland,South Dakota,Northern Mariana Islands
3648,Brandi,Dyer,christopherreynolds@example.com,9590 Kimberly Gateway,East Jennifer,New York,Martinique
3649,Isaac,Salazar,gward@example.net,4968 Robert Forge,South Anthonymouth,North Carolina,Bermuda
3650,Kenneth,Scott,kimbowers@example.org,2791 Griffin Well,North Jamesview,Florida,Malawi
3651,Donald,Carr,shannonsalazar@example.net,8984 Michele Underpass Apt. 982,Lake Tinaborough,Colorado,Bahrain
3652,Ashley,Ewing,sherry69@example.org,223 Danielle Inlet Apt. 890,Lake Robert,Louisiana,United Kingdom
3653,Earl,Hamilton,deborah34@example.org,7470 Rhodes Locks,Woodborough,Illinois,Eritrea
3654,Russell,Estes,wrightkristin@example.org,77249 Olson Forges Apt. 393,Port Kelly,Hawaii,Romania
3655,Sarah,Mendoza,rwhite@example.org,74929 Ramirez Isle,Lake Christinefurt,Nevada,Latvia
3656,Lucas,Sanchez,williemcdonald@example.com,72519 Elizabeth Plaza Suite 709,Christopherside,Missouri,Bosnia and Herzegovina
3657,Brenda,Thompson,aaronhensley@example.net,598 Snyder Burgs,Lake Williamfort,Wisconsin,Guadeloupe
3658,Thomas,Jarvis,stevenklein@example.com,993 Austin Curve Apt. 629,Richardsmouth,Georgia,Bosnia and Herzegovina
3659,Michael,Murphy,xhubbard@example.net,39552 Evans Hollow,Dawnview,Wisconsin,Cambodia
3660,Caitlyn,Mcguire,gabrielle76@example.org,2585 Mccarthy Ports Apt. 350,East Christopher,Wyoming,Liechtenstein
3661,Megan,Walsh,iwright@example.com,467 Matthew Rapids Suite 959,Emilymouth,Maine,Bolivia
3662,James,Martinez,jason44@example.com,8627 Williams Burg Suite 843,Edwardston,Delaware,Bouvet Island (Bouvetoya)
3663,April,Savage,benjaminnorton@example.com,908 Garza Course,New Johnborough,Delaware,Thailand
3664,Debra,Wade,jill93@example.org,1481 Brown Glens Apt. 026,Bryantburgh,Vermont,Pakistan
3665,William,Lee,omoore@example.net,2234 Juarez Tunnel,Jamesview,Nebraska,France
3666,Ross,Bridges,jennifer93@example.org,7170 Wiggins Vista Suite 177,North Davidmouth,Idaho,Norway
3667,Crystal,Hawkins,hoffmandonald@example.com,284 Lisa Island Apt. 096,Robertton,Connecticut,Cameroon
3668,Emily,Sanchez,ntaylor@example.com,236 Anthony Manor Suite 414,South Kelly,Pennsylvania,Honduras
3669,Michael,Hunter,howellgregory@example.org,5424 Hoffman Club Suite 486,East Susanport,Michigan,Norway
3670,Hayden,Mcmahon,srodriguez@example.net,39567 Marshall Bypass Apt. 298,Port Jennifer,Texas,Korea
3671,Brandon,Spencer,christinegoodwin@example.com,2061 Douglas Field,Schroederville,Missouri,Cote d'Ivoire
3672,Todd,Castillo,javier04@example.net,69662 Kendra Locks,Lake Lisa,Vermont,Mozambique
3673,Daniel,Baker,derekgill@example.com,89366 Donna Circles Suite 390,Angelfurt,Colorado,Niue
3674,Robert,Ramos,morganjamie@example.net,3256 Benjamin Unions,Andreaberg,North Carolina,French Southern Territories
3675,Michael,Daniel,curtiswilson@example.net,79828 Monica Garden Suite 118,South Jessica,Michigan,India
3676,Zachary,Johnson,anne96@example.com,82354 Coleman Islands Apt. 447,Sanfordville,New Mexico,Mauritius
3677,Tom,Garner,joseph64@example.net,00491 Susan Unions,Tylertown,Louisiana,Togo
3678,Stacey,Garcia,kellerjennifer@example.org,1072 Cox Mission Suite 752,Port Heatherberg,Arizona,Malawi
3679,Michael,Gonzalez,cgutierrez@example.org,48524 Ayala Spring,Ballville,North Dakota,Northern Mariana Islands
3680,Diane,Hartman,sherry67@example.org,850 Beasley Crossing Suite 037,West Danielchester,West Virginia,Anguilla
3681,Brent,Proctor,brownkaitlyn@example.com,580 Valerie Estate,North Tracyhaven,California,British Indian Ocean Territory (Chagos Archipelago)
3682,Jessica,Hunter,ashley49@example.com,9973 Watts Branch,Meganchester,Indiana,Brazil
3683,Julie,Barr,proctorjacob@example.org,78439 Carter Ridges Apt. 537,Millerborough,Iowa,Micronesia
3684,Thomas,Davis,ilee@example.net,005 Lewis Island,East Katelynview,Connecticut,Samoa
3685,Jamie,Smith,joseph03@example.net,82061 Anthony Wall Suite 986,New Carlaland,Minnesota,Italy
3686,Christopher,Rice,markrichardson@example.com,88014 Ronald Route Apt. 477,Andersonton,New Jersey,Mauritania
3687,Steve,Garner,moniquemyers@example.org,11648 Jessica Isle,Escobarland,Kansas,Trinidad and Tobago
3688,April,Molina,christina24@example.com,7444 Horne Squares,Port James,Minnesota,Mauritius
3689,William,Lopez,judy34@example.org,911 Freeman Points Suite 467,West Josephfort,California,Grenada
3690,John,Humphrey,thomasrush@example.net,013 Garrett Isle Apt. 219,Jameshaven,Illinois,Papua New Guinea
3691,Vanessa,Dorsey,dianacarr@example.org,679 Atkinson Loop,Port Beth,Texas,Reunion
3692,Raymond,Dixon,birdsean@example.net,66719 Margaret Hills,Lake Carlos,Virginia,United States of America
3693,Chris,Campbell,morancolin@example.org,386 Jordan Corner,East Stephenfort,Indiana,Afghanistan
3694,Jeffrey,Brady,thomasjarvis@example.com,7065 Gabrielle Corner,Lake Johnview,Kentucky,Kiribati
3695,Michele,Carr,crystalcaldwell@example.net,193 Winters Plain Apt. 037,North John,Montana,Nauru
3696,Luis,Sutton,whiteheadadrian@example.net,04440 Copeland Key Apt. 899,Albertport,Delaware,Jersey
3697,Debbie,Montgomery,matthew49@example.net,24632 Campos Lane,Lake Andrewburgh,Missouri,New Caledonia
3698,Danielle,Fletcher,gracebrown@example.com,72845 Jacobs Ports Suite 699,New Matthew,Wyoming,South Africa
3699,Jacob,Pierce,melissaross@example.com,6736 Blake Isle,New Karen,North Dakota,Saint Vincent and the Grenadines
3700,Albert,Valenzuela,daniellewells@example.net,5187 Weiss Park,Port Brandon,Delaware,Poland
3701,Sherry,Montgomery,oavery@example.org,28067 Thompson Terrace,East Troy,Georgia,Antigua and Barbuda
3702,Robin,Simpson,hpayne@example.com,9042 Angelica Plaza,Frankport,Ohio,United States Minor Outlying Islands
3703,Marcus,Hernandez,grantdana@example.com,55534 Micheal Shoals,Perezborough,Hawaii,Peru
3704,Colin,Keller,amydominguez@example.net,7306 Johnson Divide,Nathanland,North Carolina,Haiti
3705,Samantha,Rivera,lynn48@example.org,79135 Herring Island,Henrytown,South Carolina,Hungary
3706,Tim,Martinez,danielparker@example.net,545 Randall Squares Apt. 653,North Anne,Idaho,Marshall Islands
3707,Melinda,Sanders,austinsuzanne@example.org,2268 Rachel Knolls Apt. 985,Mooreview,Maine,Cayman Islands
3708,Edward,Weaver,robert14@example.net,566 Andrew Neck Apt. 321,South Walter,Vermont,Switzerland
3709,Wayne,Farley,kellyjohnson@example.org,192 Barnes Drive,Johnsonfurt,South Carolina,Mauritania
3710,Amber,Johnson,hernandezangela@example.net,0666 Sandra Ramp Suite 801,Port Christine,South Carolina,Cyprus
3711,Louis,Hernandez,patrickhendricks@example.net,93189 Smith Isle Apt. 906,Dawnmouth,Rhode Island,New Caledonia
3712,Jill,Vincent,robertwilson@example.net,8990 Simmons Passage,West Miranda,Tennessee,Seychelles
3713,Rachel,Mendoza,marymiller@example.com,04244 David Park Apt. 009,Sarahmouth,Maryland,United States of America
3714,Ryan,Marks,chelseaarmstrong@example.org,29828 Atkinson Shore,New Scottbury,Minnesota,Mayotte
3715,Michael,Graves,andrewwaters@example.net,3876 Thompson Path,Matthewland,West Virginia,Moldova
3716,Jessica,Owens,marshallmatthew@example.org,59088 Larry Fork,North Rachelchester,North Carolina,Namibia
3717,Benjamin,Yang,andrewrodriguez@example.com,960 Robinson Track Suite 215,Jessicahaven,Rhode Island,Guam
3718,Monica,Taylor,anthony61@example.com,0550 Manuel Stravenue,Fieldsport,North Dakota,Saint Barthelemy
3719,Molly,Arroyo,ssmith@example.com,74412 Christian Path,Fletcherhaven,Virginia,Japan
3720,Lori,Freeman,michellesnow@example.org,7024 Carter Lodge Apt. 241,East Renee,Maryland,Sudan
3721,Carlos,Harris,melissacrane@example.com,7728 Paul River Apt. 388,Mooreview,Pennsylvania,Moldova
3722,Robert,Duffy,kimmark@example.net,01671 Pratt Knolls Suite 798,Richardsonhaven,Arkansas,Sweden
3723,Melanie,Tate,dalemontgomery@example.net,3060 Forbes Meadow,Matthewbury,Mississippi,Sri Lanka
3724,Jessica,Robbins,wellsangela@example.net,227 Jimenez Shore Apt. 541,East Lisachester,Kentucky,Germany
3725,Logan,Wilkins,wmartinez@example.com,5034 Paige Knoll Apt. 745,Rachelfurt,Alaska,Maldives
3726,Brandy,Yates,kcarr@example.org,592 Ann Groves,New Scottmouth,Kentucky,Brazil
3727,Jennifer,Summers,lisa62@example.com,110 Cooper Mall Apt. 252,North Shirleymouth,Wyoming,Saint Pierre and Miquelon
3728,Jessica,Delgado,davidgarcia@example.net,6010 Vincent Highway Apt. 092,South Natalie,Arkansas,Falkland Islands (Malvinas)
3729,Courtney,Nolan,perezamy@example.com,7163 Blanchard Club Suite 834,New Kristopherstad,Connecticut,Suriname
3730,Brittany,Vasquez,zacharywhitney@example.net,570 Hughes Mews Apt. 802,Davidside,Florida,Tajikistan
3731,Andre,Perry,patricia18@example.com,854 Melinda Mills,Kevinchester,Hawaii,Turks and Caicos Islands
3732,Tracey,Burns,ginahayes@example.net,274 Hawkins Creek,Port Timothy,New Hampshire,Kyrgyz Republic
3733,Jennifer,White,colemandebra@example.com,45812 Thomas Plains,West Gregorytown,Kansas,Antarctica (the territory South of 60 deg S)
3734,Christopher,Williams,elizabeth31@example.org,46503 Mccall Tunnel Apt. 577,Jonesborough,Montana,Eritrea
3735,Daniel,Vargas,lindseyfranco@example.org,97639 Donna Fall,Rebeccaton,Mississippi,Greece
3736,Barbara,Garza,wwilliams@example.net,69069 Alexander Wells,Lovemouth,Arizona,Maldives
3737,Gabriel,Newton,christineshea@example.org,72385 Espinoza Prairie Suite 477,Taylormouth,New Mexico,Grenada
3738,Andrea,Grimes,spencerklein@example.org,933 Debra Dam,East Carolyn,South Carolina,Samoa
3739,Deborah,Gardner,ugarrett@example.com,8157 James Plains Suite 183,North Joanna,Massachusetts,South Africa
3740,Christine,Parsons,zcooper@example.net,0633 Felicia Ford Suite 587,South Cassandrastad,Montana,French Southern Territories
3741,Colleen,Smith,juanbrady@example.com,981 Kelli Corners Suite 667,Matthewfurt,Iowa,Gambia
3742,Deborah,Garcia,amber80@example.com,3377 Reed Highway,North Stevenfurt,Indiana,San Marino
3743,Todd,Phillips,jay55@example.net,5213 Tanner Avenue,East Brent,Michigan,Singapore
3744,Daniel,Francis,mariahcampbell@example.org,296 Moore Camp,Nguyenland,Connecticut,Sao Tome and Principe
3745,Lindsay,Barron,hudsonlisa@example.net,61611 Johnny Village Suite 858,Christopherberg,Tennessee,Georgia
3746,Bridget,Wolf,jacobsalyssa@example.net,776 Barbara Radial Apt. 537,East Kendraberg,West Virginia,Dominica
3747,Daniel,Mitchell,mcmillanmichelle@example.com,5056 Robert Vista Apt. 724,North Matthewhaven,South Dakota,Netherlands Antilles
3748,Matthew,Cole,prestongarcia@example.org,93631 Smith Inlet,New Amy,Vermont,Niger
3749,Gregory,Palmer,bwilliams@example.org,452 Marcus Club,South Lisa,Florida,Greece
3750,David,Sanchez,dorisscott@example.com,70176 Janice Camp Suite 815,Guerreroberg,Louisiana,Australia
3751,Thomas,Nicholson,ryanlopez@example.com,0643 Byrd Burg Suite 169,East Lawrence,Florida,Guinea-Bissau
3752,Fernando,Watts,osborntracey@example.net,38321 Heather Light,Aliciaview,Arizona,Belgium
3753,Eric,Cervantes,tiffany23@example.net,139 Ricky Manors Apt. 813,New Elizabethmouth,South Carolina,Jordan
3754,Nicholas,Garcia,amandaroberts@example.com,31963 Shawn Lakes,Kruegerport,Florida,Brunei Darussalam
3755,David,Kennedy,jeffrey49@example.net,2656 Rhodes Meadows,Torresville,Washington,Tokelau
3756,Sarah,Holmes,sthompson@example.org,2792 Flores Vista Suite 833,Port Jamesstad,Missouri,Grenada
3757,Sean,Cook,brookesparks@example.org,424 Jason Inlet,Lake Christinachester,New Hampshire,Gabon
3758,Cody,Johnson,caldwelljason@example.net,8694 Laura Avenue,West Michaelstad,Mississippi,Greenland
3759,Melissa,Yoder,kimberlyriggs@example.com,4890 Andrew Lodge Suite 511,West Marcton,Connecticut,Latvia
3760,Colleen,Johnson,suttonzachary@example.com,5276 Greer Street Suite 513,Ronaldville,Maryland,Gambia
3761,Kelli,Cummings,vvargas@example.org,885 Parks Villages Suite 014,West Valerie,Delaware,Switzerland
3762,Geoffrey,Mayo,eric87@example.net,1676 Khan Harbor Apt. 416,East Gary,Kansas,Congo
3763,Christopher,Brown,iflores@example.com,88735 Tamara Meadow Apt. 578,New Kimberlyhaven,Indiana,Argentina
3764,Daniel,Guzman,fsalinas@example.com,8527 Mcconnell Throughway,North Anthony,Maine,Dominica
3765,Stephen,Mccall,juan33@example.org,417 Carmen Bypass,East Jamesview,New Mexico,Belize
3766,Justin,Hunt,ywest@example.com,80076 Sophia Flat,Jacquelineport,Virginia,Sweden
3767,Rebecca,Gilbert,kenneth87@example.net,0163 Jill Wells Suite 440,Andrewland,Wyoming,Qatar
3768,Omar,Jackson,darrenreyes@example.com,715 Isaac Circles Suite 257,Markmouth,Montana,Turkmenistan
3769,Gregory,Robinson,ortizcourtney@example.com,11988 Wilson Locks Apt. 580,Jeffreystad,Nebraska,Nepal
3770,Karen,Russell,fuentesjonathan@example.com,8298 Mendoza Locks,West Cherylfort,Maryland,Niger
3771,Jeremy,Rogers,wwilliams@example.net,0212 Martin Bypass Apt. 142,Kellybury,North Carolina,Malta
3772,Erika,Cooper,smithkyle@example.org,18381 Novak Spring,North Moniqueburgh,Wisconsin,Romania
3773,Heather,Rodriguez,bryantjonathan@example.com,4810 Pena Greens Suite 322,Jenniferhaven,South Dakota,New Zealand
3774,Jessica,Jones,roachstephen@example.com,480 Richard Loop Suite 579,West Jaredmouth,New Mexico,Macao
3775,Becky,Stewart,susanwilliams@example.net,0614 Michelle Summit,Welchmouth,Arkansas,Liberia
3776,Kristin,Evans,joyce54@example.net,3126 Deborah Ports Apt. 389,East Nicoleton,Idaho,Hong Kong
3777,Debra,Wade,qmejia@example.net,2387 Leah Forest Apt. 423,East Daleberg,Hawaii,Rwanda
3778,Brandon,Brooks,hyang@example.net,5035 Patricia Vista Apt. 960,Lindamouth,Oregon,Bolivia
3779,Marcia,Sutton,kflowers@example.org,27318 Sarah Dale,South Blakeberg,Mississippi,Guinea
3780,Sandra,Hill,jeremybautista@example.com,8168 Laurie Curve Suite 450,Angelaton,Nebraska,Somalia
3781,Sean,Lopez,peggy54@example.net,455 Davis Walk,Williamborough,Colorado,Colombia
3782,Kevin,Gill,marcia74@example.net,48667 Charles Ferry Suite 853,East Angelafurt,New Hampshire,Slovenia
3783,Paula,Hart,scott92@example.org,1805 James Garden,North Nicolas,South Dakota,Australia
3784,Rachel,Reeves,zmcintyre@example.com,00821 Oconnor Rue Apt. 613,South Laurenborough,Texas,Azerbaijan
3785,Anna,Brown,collinskenneth@example.com,175 Peggy Cliffs,East Kim,Oregon,Eritrea
3786,Rebecca,Wells,dixonchris@example.org,015 Jackson Extensions,North Mariaborough,Hawaii,Macao
3787,Riley,Wagner,kingmia@example.net,7523 Kline Curve,Tinaland,South Carolina,Austria
3788,Stacy,Marshall,williamburgess@example.net,878 Brent Centers Suite 658,Michellehaven,New Mexico,Nicaragua
3789,Teresa,Pacheco,craigandrews@example.org,45153 Barker Trace Apt. 781,West Veronica,Mississippi,Lebanon
3790,Stanley,Cook,rodneysilva@example.com,1835 Laurie Fall Apt. 228,Sharonberg,Iowa,Comoros
3791,Cynthia,Cardenas,rvalenzuela@example.org,513 Amanda Parkways Apt. 085,New Todd,Ohio,Congo
3792,Monica,Acosta,danielcrawford@example.com,755 Catherine Common Apt. 248,Port Emily,Virginia,Greenland
3793,Caitlin,Lucas,mannronald@example.net,174 Rocha Club Apt. 795,New Lauraport,Nebraska,Libyan Arab Jamahiriya
3794,Felicia,Sherman,sthomas@example.org,18679 Hall Street Suite 388,Port Gregoryview,Idaho,Kuwait
3795,Jennifer,Lowery,david90@example.net,002 Perry Station,Timothyport,Connecticut,Germany
3796,Debra,Bennett,chaneydavid@example.com,292 Jennifer Islands Apt. 427,East Davidfurt,Iowa,Central African Republic
3797,Jaclyn,Mccarthy,bnewman@example.net,125 Lawrence Loaf,Johnsonmouth,Pennsylvania,Saudi Arabia
3798,Eric,Hunter,dkeller@example.com,25424 Mccall Road,New Bruceview,California,Zimbabwe
3799,Jenna,Jenkins,darrell04@example.org,63445 May Plaza Suite 420,North Kimberlystad,Utah,Greece
3800,Lawrence,Ward,nicholskevin@example.com,7460 Robert Neck Suite 590,Port George,Minnesota,Latvia
3801,Mitchell,Sanders,williamscrystal@example.net,763 Daniel Divide Suite 697,Stevenchester,California,Philippines
3802,Hunter,Hampton,thomas06@example.net,61892 Hicks Trail Apt. 338,North Annette,Wisconsin,Pitcairn Islands
3803,Ashley,Barron,lesliemcgrath@example.net,845 Henderson Light,Port Timothybury,Alaska,Niger
3804,Rodney,Chen,sromero@example.net,17977 Bradley Extension Suite 606,Chambersburgh,Kansas,Tonga
3805,Joel,Lewis,savannah96@example.com,70499 John Spring Suite 855,South Danielbury,Georgia,South Georgia and the South Sandwich Islands
3806,Sierra,Parker,pinedafrank@example.net,4819 Andrea Via,North Gina,Oregon,Turkmenistan
3807,Kyle,Ballard,annagarcia@example.net,420 Mosley Station Apt. 456,Lake Alejandraberg,Utah,Indonesia
3808,Leah,Austin,matthewevans@example.com,218 Brittney Canyon Suite 556,Lake Justin,Delaware,Qatar
3809,Brent,Mason,diamond03@example.com,083 Jones Haven Suite 642,New Hannahtown,New Hampshire,Madagascar
3810,Jessica,Humphrey,khenderson@example.com,27471 Jacob Court Apt. 345,South Rachelland,Delaware,Portugal
3811,Anita,Gibson,fjackson@example.net,715 Luis Stream,Davishaven,Ohio,El Salvador
3812,Kimberly,Martin,riverabrandon@example.com,19060 Peters Bypass,Sherryhaven,Maine,United States of America
3813,Stephanie,Jones,ubell@example.org,82909 Laurie Drive Suite 162,East Christine,Wisconsin,Rwanda
3814,Cassie,Griffith,selenaayala@example.org,59892 Phillips Freeway,Romerofurt,Iowa,Saint Lucia
3815,Sharon,Smith,nmartin@example.com,08835 Kathleen Keys,North Claudiaburgh,Indiana,Nicaragua
3816,Molly,Aguilar,bholt@example.org,4258 Donovan Lights Suite 588,Harrismouth,Georgia,Botswana
3817,Anthony,Fox,reillyjessica@example.org,6393 Davis Vista,New Josemouth,Utah,Bulgaria
3818,Kayla,Green,alisha52@example.net,8869 Freeman Mountain Suite 246,New Amy,New Jersey,Niger
3819,Brian,Thomas,davidriley@example.net,90733 Huffman Isle Suite 312,South Alanside,South Carolina,Mauritania
3820,Rebecca,Weaver,pinedagregory@example.org,5747 Carter Place Suite 075,Lake Maryview,Ohio,Tajikistan
3821,Anthony,Galloway,nunezkristin@example.com,5852 Melinda Way,Farleyfurt,Georgia,American Samoa
3822,Jacqueline,Walker,odonnellzoe@example.org,171 Erin Wells Suite 521,Christophermouth,Michigan,Portugal
3823,Antonio,Green,patrickwilson@example.com,38504 Woodward Hollow,Kathleenbury,Arkansas,Holy See (Vatican City State)
3824,Tina,Chavez,beverlycharles@example.org,467 Munoz Locks,New Nancyside,Texas,Mexico
3825,Bryan,Allen,tyler64@example.net,78232 Bobby Knolls,Tracyhaven,Indiana,Saint Kitts and Nevis
3826,James,Brown,ashleymartinez@example.org,8162 Silva Roads,Romeroshire,Indiana,Qatar
3827,John,Stewart,zwatkins@example.org,988 Steven Village,North Tonya,Wyoming,Korea
3828,Laura,Obrien,susanrobinson@example.com,735 Coleman Walk Suite 720,Millerhaven,Maine,Montenegro
3829,Maria,Cabrera,hpalmer@example.com,878 Harris Viaduct,Ellisberg,Colorado,Saint Kitts and Nevis
3830,Cynthia,Sweeney,jacobshaw@example.net,907 Kathryn Cape Apt. 842,North Diane,Arkansas,Macao
3831,Sheryl,Brandt,rjohnson@example.org,215 Caleb Pike,Brownberg,Wisconsin,Austria
3832,Louis,Spencer,thubbard@example.com,78975 Browning Glens,North Steveberg,Alaska,Saint Martin
3833,Tracy,Gomez,elizabeth35@example.org,96834 Aaron Road,East Ronaldmouth,Washington,Israel
3834,Kenneth,Johns,robertandrews@example.net,1287 Frey Canyon Suite 176,North Shelbyshire,Wisconsin,Japan
3835,Helen,Banks,elizabeth84@example.com,99481 Austin Pass,Christineberg,Kansas,Nicaragua
3836,Stacey,Young,tyrone30@example.net,216 Farrell Route Apt. 679,West Tina,Colorado,Japan
3837,Caleb,Lewis,angelamarshall@example.net,999 Simmons Valley Apt. 570,East Danielchester,Massachusetts,Lithuania
3838,William,Yates,davidburnett@example.com,6059 Edward Mission Suite 651,Sarahview,Idaho,Falkland Islands (Malvinas)
3839,Brittney,Ball,emcdonald@example.org,4939 Johnson Path,Brookeside,Alaska,Costa Rica
3840,William,Brady,oryan@example.net,6316 Tara Club,Port Susanchester,Rhode Island,Algeria
3841,Calvin,Pierce,andersonnicole@example.com,770 Baxter Crest,East Sean,New York,Panama
3842,James,Vance,jenniferreyes@example.org,5017 Katherine Course,Lake Jenniferton,Wyoming,New Caledonia
3843,Andrea,Leach,eric78@example.org,905 Montoya Ranch,Hotown,California,Guernsey
3844,Scott,Perez,greencasey@example.com,760 Crane Crossroad Suite 506,Kennethchester,Wisconsin,Costa Rica
3845,James,Garcia,smithdiana@example.net,7384 Calderon Ridge,Lake Rachel,Texas,Guernsey
3846,Laura,Edwards,james13@example.com,65169 Angela Village,Coleborough,South Carolina,Isle of Man
3847,Tracy,Martinez,michael89@example.com,0616 Chang Key,Lake Ashleychester,North Carolina,Heard Island and McDonald Islands
3848,Christine,Jones,laura55@example.org,21961 Sabrina Squares,North Cynthiaport,Idaho,Hungary
3849,Leon,Lewis,callahanchristina@example.org,314 Richard Drives,Mcdanielburgh,South Dakota,Bouvet Island (Bouvetoya)
3850,Ronnie,Jackson,deborahstrickland@example.com,831 Jessica Row,North Jonathanside,Wyoming,Mexico
3851,Heather,Scott,olivia98@example.org,23017 Robinson Courts,Benjaminfort,Ohio,Italy
3852,Heather,Mccormick,elizabethgilbert@example.org,390 Johnson Village Apt. 783,West Brandiborough,Kansas,Falkland Islands (Malvinas)
3853,Jonathon,Obrien,osimmons@example.net,17363 Taylor River,West Dustin,Minnesota,Italy
3854,Steven,Baker,elizabethbarton@example.net,9778 Saunders Falls Apt. 696,Coxmouth,Iowa,Oman
3855,Sara,Hamilton,rcarrillo@example.org,7161 Hobbs Station,South Jennifertown,Colorado,Cape Verde
3856,Matthew,Davis,gatesangel@example.org,1020 Hardin Extensions Suite 757,Alexandrafort,Nevada,Niue
3857,Pamela,Edwards,rogersdaniel@example.net,92118 Kiara Squares,New Savannah,Washington,Zimbabwe
3858,James,Gonzales,richardpatricia@example.com,808 James Roads,Norrisside,North Dakota,Madagascar
3859,Matthew,Harvey,smithgabrielle@example.org,880 Valenzuela Centers Apt. 973,South Jacob,Alaska,Germany
3860,Kimberly,Hill,christiansingh@example.org,0222 Jimenez Trail,East Linda,Ohio,Tajikistan
3861,Lauren,Henderson,kristie53@example.org,9163 Chavez Manor Apt. 132,Port Julie,Virginia,Faroe Islands
3862,Karen,Martinez,ybaker@example.net,780 Garza Court,Chavezfurt,Alabama,Ireland
3863,Briana,Parsons,jamesdavenport@example.org,8711 Angie Light,Lake Michaelport,Vermont,Senegal
3864,Bruce,Mccall,sean50@example.org,384 Lopez Forge Suite 642,Chambersland,Vermont,Uruguay
3865,Randall,Gibson,jonesjim@example.net,329 Williams Ramp,New Deborah,Ohio,Colombia
3866,Ann,Lewis,fwilliams@example.net,475 Mcintyre Rest,Kevinland,Kansas,Saint Vincent and the Grenadines
3867,Steven,Waters,holdenamy@example.org,821 Hall River,Tuckerhaven,Wyoming,Uzbekistan
3868,Stephanie,Knight,upacheco@example.org,624 Herrera Mountains,Wilkersonport,Minnesota,United States Virgin Islands
3869,Joseph,Garrison,andrew14@example.com,3361 Richards Common Suite 538,Donnaburgh,Georgia,San Marino
3870,Jason,Sawyer,lopezbrandon@example.org,4886 Kathleen Village,Port Allison,New Hampshire,Falkland Islands (Malvinas)
3871,Brian,French,psingh@example.com,3760 Arias Estates,West Johnstad,Minnesota,Chile
3872,Devin,Castaneda,cyoung@example.org,8408 Booker Radial,Christopherfurt,Kentucky,Spain
3873,Diane,Alvarez,evanholder@example.net,6234 Amanda Fort,Davidside,Florida,Namibia
3874,Leslie,Webster,johnsoncaleb@example.net,904 Rodriguez Vista Apt. 749,Cherylbury,Colorado,Hong Kong
3875,Mark,Moon,rpittman@example.net,0250 Thomas Divide,West Anthony,South Dakota,Central African Republic
3876,Patrick,Webb,jonesjonathan@example.com,2320 Margaret Dam Apt. 919,South Kevinport,New Jersey,South Georgia and the South Sandwich Islands
3877,Charles,Jones,hammondjustin@example.net,3621 Washington Motorway,Sallyland,New Jersey,Tuvalu
3878,Brandon,Nicholson,lthomas@example.net,79260 Jennifer Springs,Huynhland,Hawaii,Netherlands Antilles
3879,Geoffrey,Mcintyre,hserrano@example.net,276 Powell Avenue,East Scott,Washington,Chad
3880,Andrea,Fowler,benjamincoleman@example.org,2833 Jamie Road Suite 046,North Juliechester,West Virginia,Ecuador
3881,David,Bryant,jamesrocha@example.org,3356 Jim Landing Suite 075,Feliciafort,Wisconsin,Hong Kong
3882,Robert,Zimmerman,troylawson@example.com,214 Denise Ports,West Jessica,Rhode Island,Mexico
3883,Nancy,Smith,rdeleon@example.com,10449 Harvey Walks Suite 942,Matthewston,Washington,Moldova
3884,Lisa,Williamson,uterry@example.org,78727 Elizabeth Radial,North Sandra,Idaho,Wallis and Futuna
3885,Samuel,Fisher,coxkatherine@example.com,0254 Mendoza Glen Suite 020,North Heidi,Kentucky,Turkmenistan
3886,Matthew,Cherry,kennethsummers@example.com,427 Smith Unions,Allenfort,New Jersey,Puerto Rico
3887,Roger,Curry,audrey19@example.net,853 Baker Parkway Apt. 483,Kimberlychester,Louisiana,Syrian Arab Republic
3888,Emily,Gibson,susan80@example.net,81056 Henry Groves Apt. 279,East Caitlin,Maine,United States of America
3889,Thomas,Johnson,richard79@example.com,092 Burnett Mountains,Figueroachester,Florida,Cape Verde
3890,Erica,Castaneda,cassandra41@example.com,285 Evans Island Suite 924,Stephenston,Kentucky,Turkmenistan
3891,Gregory,Jacobs,pheath@example.com,6248 Juarez Burg Suite 360,Jonathanchester,Minnesota,Belarus
3892,Douglas,Cruz,yorkmorgan@example.org,086 Tyler Flat Apt. 958,New Adamfort,Georgia,Singapore
3893,Michael,Castillo,hlewis@example.net,593 Catherine Ports,Derrickville,Alabama,Grenada
3894,Leslie,Curry,lisarivera@example.com,94740 Nicholas Well,Jenniferfurt,Nebraska,Kyrgyz Republic
3895,Michael,Brown,ronaldcooley@example.com,730 Snyder Union,Martinstad,West Virginia,Ukraine
3896,James,Smith,ufarrell@example.org,93208 Daniel Roads,South Mikayla,Pennsylvania,Ukraine
3897,Peter,Chandler,perezjames@example.com,720 Richard Highway Apt. 841,Elizabethborough,Ohio,Isle of Man
3898,Melissa,Hicks,tbond@example.org,36461 Hamilton Motorway Suite 528,Wilsonbury,Alaska,Gibraltar
3899,Barbara,Rodriguez,thomasclark@example.org,38615 Michael Summit,New Mary,Alaska,Iran
3900,Nancy,Mcdonald,oyoder@example.com,94921 Valentine Mountain,Bridgesmouth,Minnesota,Saint Helena
3901,Jennifer,Jackson,lboyd@example.org,43447 Matthew Run Apt. 526,East Sandraland,New York,Congo
3902,William,Hawkins,klopez@example.net,963 Davis Ford Apt. 726,Reidburgh,Tennessee,El Salvador
3903,Rachel,Jones,clintonwoods@example.net,1590 Lindsey Motorway,South Timothyfurt,Nebraska,Congo
3904,Ashley,Figueroa,julieclark@example.com,8471 Wright Groves Suite 108,Kingmouth,Georgia,Chad
3905,Peter,Luna,emilymedina@example.net,9224 Simpson Row Suite 302,South Davidmouth,Connecticut,Vanuatu
3906,Rachel,Mcbride,danielle62@example.net,14920 Walter Landing Apt. 607,New Matthewhaven,Oregon,Niger
3907,Amy,Munoz,brian28@example.org,7088 Bates Lodge,Joeshire,Michigan,Kazakhstan
3908,Jacob,Stephens,brocksteven@example.net,0843 Bennett Path Suite 423,Arthurport,Ohio,Grenada
3909,Charles,Dillon,gwright@example.com,493 Amy Harbors Apt. 025,East William,Texas,Nauru
3910,Whitney,Moody,jesseliu@example.net,442 Richard Roads,Michaeltown,Wyoming,Vanuatu
3911,Kevin,James,brewerryan@example.com,16216 Yolanda Square,New Stephanie,New York,British Virgin Islands
3912,Logan,Dickson,hannaian@example.net,99339 James Land,North Hayleymouth,Virginia,Chad
3913,Pamela,Wells,melaniemoyer@example.net,02374 Alvarez Pines,North Davidfort,Maine,Aruba
3914,Ashley,Hatfield,devonhull@example.org,525 Freeman Curve Suite 112,Lake Alexandershire,Rhode Island,Ecuador
3915,Michael,Bailey,qmorgan@example.net,712 Brendan Course Apt. 061,Stewartshire,Idaho,Central African Republic
3916,Anthony,Valdez,michaelbridges@example.com,125 Porter Corner,Courtneyland,West Virginia,Nauru
3917,Yvette,King,rpoole@example.org,177 Freeman Extension,New Jessicahaven,Montana,Germany
3918,Holly,Good,paul96@example.org,9597 Coleman Valleys,South Bethville,Delaware,Slovenia
3919,Maria,Allen,mariachang@example.org,08131 Lucas Trail,New Lisaside,California,Germany
3920,Glenn,Sanchez,jacksonjennifer@example.org,59909 Natasha Loaf,Melissashire,Kentucky,Malawi
3921,Robert,Burgess,robertsantiago@example.net,525 Julia Pike Apt. 976,East Natalie,Arkansas,United States Minor Outlying Islands
3922,Ronald,Wright,rrobinson@example.com,3677 Lori Locks Apt. 112,West Kennethmouth,California,Saudi Arabia
3923,Doris,Carpenter,ortizbryan@example.com,0557 Diaz Camp Apt. 640,West Sabrina,South Carolina,Belgium
3924,Terrance,Newton,millerchristopher@example.net,49502 Stephanie Freeway Suite 084,Carlmouth,Illinois,Qatar
3925,Nancy,Terry,bowmangregory@example.com,498 Kristin Light Apt. 916,North Jennifer,New York,Sao Tome and Principe
3926,Lauren,Mitchell,hjames@example.org,5813 Meghan Alley Apt. 889,Charlesshire,Nebraska,Saint Vincent and the Grenadines
3927,Lynn,Glover,eric51@example.org,64604 Angela Cliff Suite 650,Dianeview,Rhode Island,Congo
3928,Devin,Baxter,murraykristine@example.net,646 Weiss Rue Apt. 999,Hernandezville,Washington,Japan
3929,William,Alvarez,lee61@example.net,203 Anderson Landing Apt. 325,Gonzalezshire,Idaho,Bouvet Island (Bouvetoya)
3930,Kyle,Moore,stephaniegray@example.org,39670 Craig Mills Apt. 309,South Dennis,Wyoming,Mauritania
3931,Amber,Washington,gsalinas@example.org,152 Meyer Vista,Emilystad,Kentucky,Jordan
3932,Sarah,Phillips,greenfrank@example.org,7493 Christina Squares Suite 005,Port Laurie,Wisconsin,Turks and Caicos Islands
3933,Melanie,Yoder,williamrodriguez@example.net,6745 Wendy Center Suite 618,Mullinsmouth,West Virginia,Seychelles
3934,Philip,Perez,reidantonio@example.com,9061 Stephanie Plains Apt. 489,North Michaelberg,Wisconsin,Norway
3935,Stephen,Hall,martinezvictoria@example.net,13640 Cruz Crossing,Walkerborough,North Carolina,French Polynesia
3936,Sara,Harper,charles32@example.net,755 Diaz Roads,South Amandahaven,Ohio,Greenland
3937,Jason,Jimenez,qbrown@example.com,27153 Raymond Forks Suite 042,North Jacob,Arkansas,Egypt
3938,Jason,Phelps,hector97@example.org,0993 Leslie Valley Apt. 208,Waynetown,California,Jamaica
3939,Sarah,Meadows,aaron64@example.org,9188 Jeffrey Landing,Julieburgh,Iowa,Vietnam
3940,Kenneth,Nelson,micheal94@example.net,53808 Sanders Roads Suite 805,Nathantown,Missouri,Latvia
3941,Brandon,Alvarez,hpatel@example.com,3082 Cobb Island Suite 967,New Jeremy,New Hampshire,Panama
3942,Kelly,Cobb,natasha67@example.org,3135 Jennifer Fall Apt. 232,Port Susan,Maine,Afghanistan
3943,Christopher,Greene,dunlapbobby@example.com,841 Farrell Gardens,Nancyville,New Jersey,Christmas Island
3944,Michael,Adams,marc93@example.org,79861 Morris Plaza,Stewartbury,Tennessee,Greenland
3945,John,Young,cadams@example.net,067 Michael Harbor,Heidiborough,South Dakota,Gibraltar
3946,Joyce,Whitehead,brittany24@example.net,455 Mason Forges Apt. 447,Smithview,North Carolina,Holy See (Vatican City State)
3947,Grace,Newton,angela90@example.net,163 Smith Springs,South Alexandermouth,Arizona,Yemen
3948,Timothy,Chavez,bwheeler@example.org,478 William Groves,Porterside,Wyoming,Lao People's Democratic Republic
3949,Hunter,Green,troy04@example.org,7431 Jacqueline Crossroad Apt. 381,Stevensshire,Pennsylvania,Argentina
3950,Kevin,Atkinson,wevans@example.com,7862 Warner Cliff,New Bradley,Kentucky,Latvia
3951,Lisa,Singleton,christopherperez@example.net,17547 Neal Trail,Carlyville,California,Micronesia
3952,Kristen,Wright,johnsonbianca@example.com,34266 Randall Garden Apt. 524,New Alex,Nebraska,Nigeria
3953,Lindsey,Collins,itaylor@example.net,3032 Douglas Center,Danielport,New Hampshire,Cote d'Ivoire
3954,Chad,English,harveymelissa@example.org,5936 Oliver Station Suite 284,Hernandezland,Iowa,Antarctica (the territory South of 60 deg S)
3955,Julie,Monroe,allison31@example.com,98637 Danielle Centers Suite 342,Whiteland,Kansas,Mauritius
3956,Dakota,Long,ruizabigail@example.org,23988 Justin Road,Rodriguezstad,Hawaii,Saudi Arabia
3957,Desiree,Morgan,qduffy@example.net,2507 Rodney Union,Franktown,Massachusetts,Sao Tome and Principe
3958,Nathan,Adams,eugenesalazar@example.org,190 Rodriguez Isle Apt. 715,West Tannerchester,Alabama,Hong Kong
3959,Lisa,Hart,xmueller@example.org,76579 Carroll Cape Apt. 570,Sanchezside,New Jersey,San Marino
3960,Darin,Carter,calhounteresa@example.org,563 Dwayne Alley Apt. 194,Port Lucas,Rhode Island,Cocos (Keeling) Islands
3961,Johnny,Hamilton,stephen73@example.net,022 Jeffrey Meadow Apt. 467,South Nicholas,Minnesota,Bolivia
3962,Christopher,Cole,michaelrios@example.org,16441 Nicole Creek,East Rodney,Kansas,Saint Kitts and Nevis
3963,Gary,Arias,santiagotina@example.com,14625 Natalie Harbors,Port Jeffery,Nevada,Liechtenstein
3964,Gregory,Gutierrez,raymond60@example.com,070 Robert Road Suite 074,Port Joshuaton,Connecticut,Niue
3965,Debbie,Wilson,dnichols@example.org,64820 Alexander Mountain Suite 353,West Christopher,Oklahoma,Guernsey
3966,Kathryn,Kelly,marygordon@example.com,58097 Carney Shoal Suite 321,Lisafurt,South Dakota,Nicaragua
3967,Lori,Lucero,coffeycheryl@example.org,687 Cheryl Rue,Evelynchester,Maine,Mexico
3968,Terrence,Butler,qnewman@example.org,171 Robert Mall,South Kellystad,New Hampshire,Estonia
3969,Brian,Mccoy,washingtontimothy@example.net,97152 Thomas Springs Suite 892,Randallburgh,New Hampshire,Burkina Faso
3970,Ashley,Fitzgerald,ehicks@example.com,07068 Rachel Mountain Suite 270,New Cheryl,Virginia,Moldova
3971,Matthew,Brown,qrowland@example.com,022 Ryan View,East John,Texas,Liberia
3972,Kyle,Sutton,michael55@example.net,54674 Nathan Village Suite 863,New Wanda,Ohio,Haiti
3973,Bobby,Clark,amandasmith@example.org,132 Gutierrez View,North Katherine,Rhode Island,Zambia
3974,Kayla,Price,joshua61@example.net,88193 John Pine,North Judyside,Minnesota,Lesotho
3975,James,Deleon,brittany07@example.com,26400 Thomas Oval Apt. 556,Lake Ronaldfurt,New York,Turks and Caicos Islands
3976,Jesse,Wood,monica80@example.org,85663 Victoria Crossing,Leeport,North Carolina,Suriname
3977,Kevin,Mccall,gwhitehead@example.com,084 Connor River Suite 832,North Barbaraton,Utah,Syrian Arab Republic
3978,Philip,Hall,lisareed@example.org,32590 Rachel Falls Suite 612,South Albertton,Washington,Bolivia
3979,Tammy,Smith,walkersteven@example.com,825 Miller Rapids,Lammouth,Tennessee,Djibouti
3980,Michael,Torres,alexandereric@example.org,2514 Alexander Trail Suite 097,Mcintoshside,Connecticut,Peru
3981,Louis,Carr,yuterry@example.net,162 Alexandria Shores,Melissahaven,Kansas,Mauritania
3982,Scott,Wolfe,morganpowers@example.net,26953 Claudia Forest Suite 908,Wrightmouth,Vermont,Montserrat
3983,Krystal,Wells,stephanie98@example.net,84882 Ruiz Stream Apt. 441,Wolfburgh,Delaware,Taiwan
3984,Alexander,George,smithjessica@example.org,8714 Hart Plaza Suite 683,North Frankview,Delaware,Cote d'Ivoire
3985,Wesley,Hill,robert98@example.org,3529 Baker Views Apt. 803,South Hunterview,Maryland,Sierra Leone
3986,Jennifer,Richardson,marshallscott@example.net,12857 Mcneil Oval,Benjaminside,New York,Niger
3987,Kari,Riley,nmitchell@example.com,226 Morgan Valleys,North Richardland,Minnesota,United States Virgin Islands
3988,Renee,Vargas,mcole@example.com,3762 Michael Path Apt. 712,Lawrencemouth,Washington,Andorra
3989,Julia,Zamora,shannonperez@example.org,9948 Woods Road,Lake Jessicaland,North Dakota,Puerto Rico
3990,Paul,Mckinney,xmiller@example.org,0893 Lauren Corner,Port Cory,West Virginia,Djibouti
3991,Alexis,Ortiz,idaniels@example.net,5572 Moore Ranch Apt. 920,Deniseside,North Carolina,Kyrgyz Republic
3992,Kim,Zimmerman,trevorjuarez@example.com,53400 Richard Vista,Port Jason,Montana,Vanuatu
3993,Ashley,Anderson,jamiebray@example.net,2401 Bradley Key Suite 101,Michaelborough,Michigan,French Polynesia
3994,Deborah,Chung,toddgomez@example.com,222 Robinson Islands Apt. 851,Brookebury,Kansas,Uzbekistan
3995,Ashlee,Tucker,zodonnell@example.com,4868 Pugh Stravenue,South Kevinbury,Utah,Tajikistan
3996,Kelly,Burton,fmason@example.org,98627 Stacey Cape Apt. 789,North William,Indiana,Latvia
3997,Kelly,Morris,clarkjohn@example.com,0823 Shaw Forks,New Christinebury,Arizona,Faroe Islands
3998,Barbara,Turner,thompsonloretta@example.net,64854 Mitchell Rapid,West Anthonyview,California,Micronesia
3999,Laura,Hill,qmunoz@example.net,60850 Mccoy Ways Suite 790,Saundersburgh,Louisiana,Nicaragua
4000,Angela,Smith,andrewrodriguez@example.net,3628 Kerr View Suite 377,Larsonberg,Kansas,Comoros
4001,Anthony,Burton,johnsonmelissa@example.com,05279 Walker Hill Suite 857,Smithstad,Wyoming,American Samoa
4002,Aaron,Byrd,dawn82@example.org,59881 Darren Points,Douglasbury,Georgia,Cameroon
4003,Samuel,Myers,emilylopez@example.net,94489 Weeks Roads,New Lee,North Carolina,Vietnam
4004,Whitney,Figueroa,cmurphy@example.net,6626 Amy Expressway,Anneberg,South Carolina,Sri Lanka
4005,Melissa,Roberts,robinsonnichole@example.net,7896 Bryan Course Apt. 195,North Kimberlyberg,South Dakota,Andorra
4006,Michael,Smith,lauren54@example.org,400 Jacob Fords,Lake Matthew,Maryland,Suriname
4007,Carla,Smith,samantha72@example.org,39891 Golden Loaf,Madisonmouth,Hawaii,Central African Republic
4008,Megan,Ross,juliegarcia@example.net,6668 Wyatt Way Apt. 607,Hendersonton,Utah,Jamaica
4009,Ronald,Wells,mayerdonald@example.com,29709 Griffin Terrace,North Tyler,Nevada,Romania
4010,Debra,Watts,griffinapril@example.com,18194 Singleton Prairie Suite 277,Lake Randyborough,Utah,Papua New Guinea
4011,Jimmy,Long,lambertcynthia@example.net,07122 Alexandra Circles Apt. 518,North Jessicaside,Illinois,Palau
4012,Richard,Jenkins,jason06@example.org,52474 Nelson Garden Suite 710,Curtishaven,Wyoming,United States of America
4013,Daniel,Barnes,frederick48@example.net,9947 Flores Orchard,New Courtneybury,Kentucky,Mozambique
4014,Brenda,Perez,williamchen@example.org,0833 Mosley Shoal,Port Christopher,Michigan,Switzerland
4015,William,Foster,mmays@example.org,882 Alexander Center,South Ashleymouth,South Dakota,Isle of Man
4016,Sandra,Silva,philip03@example.org,5481 Mccullough Isle Apt. 837,Solisbury,Pennsylvania,Burundi
4017,Tracy,Gomez,cameron42@example.net,8171 Miller Shoal,Wheelerberg,Louisiana,Northern Mariana Islands
4018,Amanda,Hamilton,joshua61@example.com,420 John Ridges,West Cassandrahaven,Maine,Saint Helena
4019,Denise,Mendez,nelsonjermaine@example.net,1189 Bradley Haven,West Jenniferview,New Jersey,Iran
4020,Ronald,Lee,hernandezmichael@example.net,5000 Martinez Circles Apt. 719,Justinland,Kansas,Syrian Arab Republic
4021,Thomas,Thomas,powelljay@example.com,471 Robert Ford,West Melissatown,Ohio,Tajikistan
4022,Barbara,Guerrero,hannahjones@example.org,69287 Jacob Mountains,New Tiffanymouth,Florida,Argentina
4023,Mary,Moore,brandon57@example.net,1029 Hancock Canyon Apt. 137,South Darinchester,Alaska,Nicaragua
4024,Amanda,Thomas,clarkstacey@example.org,211 Brian Extensions,Jacquelinemouth,Connecticut,Sweden
4025,Alyssa,Rose,nunezdaniel@example.org,9025 Martin Street,West Staceyview,Iowa,Kiribati
4026,Nicole,May,ycole@example.net,3407 Harrell Heights,Noblemouth,Alaska,Philippines
4027,Ashley,Kelly,hfarmer@example.org,8765 Thomas Ridges Apt. 506,Ericaborough,Hawaii,Guinea-Bissau
4028,Matthew,Carr,amyfoster@example.net,23463 Mariah Trail Suite 328,New Derekburgh,New Jersey,Honduras
4029,Donald,Decker,castilloanthony@example.org,1833 Crawford Vista,Candiceberg,Rhode Island,Gambia
4030,Michelle,Williams,martha07@example.net,3304 Shelby River Suite 615,Susanside,Nevada,Norway
4031,David,Harris,lisa63@example.org,6197 Mercedes Plains Suite 175,Lake David,Arkansas,Estonia
4032,Latoya,Stewart,chavezmary@example.com,07102 Amber Glens,Jamesstad,Alaska,Ethiopia
4033,Jacob,Chapman,elizabeth01@example.net,0176 Leblanc Ramp,Port Amyfurt,Tennessee,Tajikistan
4034,Brandon,Richards,clarkjessica@example.com,516 Walter Tunnel Suite 235,Port James,Alabama,Comoros
4035,Cheryl,Mcgee,harrymiddleton@example.org,29604 Olsen Common Apt. 513,Lake Loriport,Indiana,Cayman Islands
4036,Karen,Ingram,annette28@example.org,619 Kerri Mews,West Cynthiaport,Washington,Portugal
4037,Emily,Moss,anthony72@example.net,34259 Samuel Loaf,South Daniel,Nevada,United Arab Emirates
4038,Justin,Chavez,andre49@example.com,672 Elizabeth Motorway,Rioshaven,Florida,Brazil
4039,Matthew,Lewis,david18@example.com,412 Karen Prairie Apt. 320,Fieldsbury,North Carolina,Micronesia
4040,Stephen,Garza,marcus04@example.com,812 Smith Divide Apt. 727,West Ralphshire,Nebraska,Guyana
4041,Samantha,Allen,millsjack@example.org,7607 Macdonald Plain,North Jeremy,Missouri,Belarus
4042,Eddie,Perry,barbarasimpson@example.com,067 Cox Motorway Suite 968,South Dylanburgh,Indiana,Albania
4043,Kathryn,Whitehead,calderonpreston@example.net,099 Lewis Lights,Richardstad,Ohio,Cambodia
4044,John,Gregory,micheal07@example.org,062 Christopher Turnpike,Freemanview,Connecticut,Denmark
4045,Tyler,Garcia,paulastewart@example.net,211 Tyrone Park Suite 678,Warnerborough,Nebraska,Georgia
4046,Cheryl,Landry,keithjacob@example.org,979 Debra Road,New Dwayneview,New Mexico,South Georgia and the South Sandwich Islands
4047,Jason,Kelley,williamsconnie@example.org,6508 Pena Expressway,South Kevin,California,Ethiopia
4048,Elizabeth,Ball,emily40@example.org,32769 Carrie Drives,Port Derrick,Vermont,Azerbaijan
4049,Annette,Henderson,ywalker@example.net,84252 Silva Plaza,Lake Justin,Oklahoma,Tokelau
4050,Ronald,Moore,rcook@example.com,52466 Trevor Trafficway,Port Jacqueline,Maryland,Ireland
4051,Frederick,Zamora,holly24@example.net,6281 Amy Cove,North Andrewhaven,Washington,Israel
4052,Steven,Moore,kaylathomas@example.org,91776 Kimberly Ways Suite 677,East Chad,Iowa,Eritrea
4053,Michael,Black,gkelley@example.net,2782 Smith Isle Suite 882,Lake Susanville,Michigan,Burundi
4054,Adam,Horne,jessicaprice@example.net,49519 Lopez Street,Port Allisonmouth,Arizona,Cuba
4055,Alison,Garcia,john66@example.net,801 Jonathan Turnpike,Sheltonhaven,Massachusetts,Greenland
4056,Jeffrey,Poole,grahamkimberly@example.net,5402 Emily Avenue,Nicolebury,North Carolina,Tuvalu
4057,Diane,Chapman,bgreen@example.org,07631 Adrienne Springs,East Morganberg,Nebraska,South Africa
4058,Anthony,Duncan,coryhernandez@example.com,36027 Nicole Springs Apt. 188,South Brianabury,North Carolina,Oman
4059,Patricia,Anderson,tiffanywells@example.net,781 Stacy Stream Apt. 243,Andrewstad,New Hampshire,Saint Vincent and the Grenadines
4060,Krista,Moore,kleindaniel@example.org,86402 Gregory Streets,Lake Jesse,Wisconsin,Greece
4061,Kenneth,Gonzales,kimberlysmith@example.net,4359 Stuart Shoals Suite 008,South Jeffreyhaven,New Mexico,Saudi Arabia
4062,Johnny,Mckenzie,opowers@example.org,7947 Michael Corner Suite 987,Stephenport,Kentucky,Singapore
4063,John,Walker,amanda49@example.org,66762 Michael Skyway,Port Amberfort,Minnesota,Swaziland
4064,Kyle,Noble,steven96@example.org,516 Anna Lights Apt. 250,East Douglas,Illinois,Congo
4065,Leah,Wilson,deanna92@example.com,142 Chelsea Garden Apt. 780,Port Patrick,Massachusetts,Latvia
4066,James,Price,thompsontara@example.com,1669 Scott Harbor Suite 804,Jasonside,Maine,Myanmar
4067,Ronald,Parrish,fduffy@example.net,760 David Mission Apt. 850,Greeneshire,North Dakota,Botswana
4068,Kathleen,Hoffman,zachary07@example.net,11659 Renee Spurs,Kathrynfort,New Hampshire,Maldives
4069,Kyle,Walton,swelch@example.com,65108 Cortez Springs,West Richard,Wisconsin,Belarus
4070,Jennifer,Williams,karenrice@example.net,3503 Griffin Knoll Suite 377,Jaredville,Tennessee,British Virgin Islands
4071,Gregory,Lopez,haynesscott@example.net,19433 Amy View Suite 842,North Zacharyland,Minnesota,Venezuela
4072,Christopher,Buckley,cynthiawolf@example.com,342 Rivera Orchard Apt. 089,Markstad,Massachusetts,Norfolk Island
4073,Crystal,Lam,rodgersryan@example.com,281 Rodriguez Lodge,Wileybury,Iowa,Zambia
4074,Patricia,Fox,moyerjason@example.net,96124 Lisa Bypass Suite 518,East Thomasfurt,Oklahoma,Paraguay
4075,James,Perez,katiechavez@example.net,9365 Deanna Burgs Suite 388,Lake Kimberlyland,Maine,Isle of Man
4076,Wayne,Long,kburton@example.com,595 Amanda Groves,Shawnfurt,South Dakota,Estonia
4077,Jessica,Hartman,escott@example.com,592 Tonya Ranch,New Joseph,South Dakota,Hong Kong
4078,Clinton,Wheeler,michael73@example.org,94068 Hartman Station Apt. 197,Lake Karen,Utah,Mauritania
4079,Alexander,Frank,sharon98@example.com,47809 Robinson Wall Suite 998,Georgeport,Texas,Kuwait
4080,Jack,Rodriguez,todd31@example.net,2205 Wise Canyon,East Lindafurt,Indiana,Macao
4081,Christina,Bender,jessica15@example.org,400 Andrew Pass Suite 157,Seanfort,Kansas,Kuwait
4082,Melanie,Ramos,brian48@example.net,39922 Price Square Apt. 835,Brettbury,Indiana,Senegal
4083,Michael,Blankenship,katrinamccormick@example.com,252 Eric Tunnel,West Derek,Minnesota,Slovakia (Slovak Republic)
4084,Amanda,Bowers,george48@example.com,9390 James Orchard,Samanthamouth,Michigan,Panama
4085,Kenneth,Ferguson,millernatalie@example.org,1794 Mullen Mountains Suite 893,Port Stephanie,Tennessee,Ukraine
4086,Daniel,Johnson,mchapman@example.org,0067 Russell Walk,Port Johnnyburgh,Colorado,Madagascar
4087,Sylvia,Clarke,daniel41@example.com,237 Dominguez Tunnel,South Douglas,New Jersey,Poland
4088,William,Sweeney,milleraaron@example.com,2148 Stephanie Crossing,Port Anthony,Pennsylvania,Tanzania
4089,Joe,Mcdowell,george15@example.org,375 Jessica Plain Apt. 192,Carlosbury,Iowa,Poland
4090,Trevor,Carter,jacqueline20@example.com,327 Lopez Heights Apt. 424,East Reneemouth,Texas,Zambia
4091,Sydney,White,smithcaroline@example.net,23205 Daniel Key,South Brandonshire,Alaska,Montserrat
4092,Alyssa,Bell,denise84@example.net,32392 Goodwin Mountain Suite 168,Port Juliaburgh,Kentucky,Mali
4093,Leonard,Riley,joannefloyd@example.net,062 Swanson Landing Suite 081,East Seanborough,Nevada,Cameroon
4094,Donna,Ramsey,james82@example.net,44983 Blake Roads Apt. 452,New Brandyhaven,Massachusetts,Canada
4095,Rodney,Marshall,cheryl86@example.org,581 Donald Spring Suite 555,Davidmouth,New Hampshire,Taiwan
4096,Patricia,Fisher,grayolivia@example.net,21474 Heather Pass Suite 903,East Adam,Illinois,Croatia
4097,Jose,Wu,wbarajas@example.net,045 Johnson Circle,Port Margarettown,Connecticut,Kenya
4098,Natalie,Johnson,campbellkara@example.com,661 Chris Grove Suite 549,Jacksonmouth,Hawaii,Antarctica (the territory South of 60 deg S)
4099,Andrea,Romero,claudiadeleon@example.com,22829 Cummings Roads Apt. 162,Hudsonchester,Connecticut,Switzerland
4100,Alyssa,Stokes,brandon95@example.org,30149 Raymond Springs Apt. 380,Scottport,Georgia,Finland
4101,Tina,Williams,hbutler@example.org,887 Brian Burgs,East Zacharybury,Mississippi,Congo
4102,Jose,Coleman,garciaanthony@example.org,65063 Robert Wall Apt. 114,Millerport,Florida,Croatia
4103,Travis,Taylor,carpentersergio@example.org,506 Matthew Court Suite 513,North Amandaview,Indiana,Norfolk Island
4104,Kevin,Moore,justinallen@example.com,92133 David Stream Apt. 280,Woodstad,New Hampshire,Fiji
4105,Sarah,Pena,lwilliams@example.org,04534 Monroe Squares,Kochfurt,Alaska,Guadeloupe
4106,George,Murillo,amberjohnson@example.net,29318 King Underpass Suite 310,New Williammouth,Tennessee,Marshall Islands
4107,Karen,Good,wpowell@example.com,1706 Richard Well,Harrisstad,Michigan,Tokelau
4108,Jesse,Trujillo,wgood@example.net,343 Casey Field,Austinport,North Dakota,Uzbekistan
4109,Michael,Gibson,jose73@example.org,1928 Taylor Mountain,Port Brenda,West Virginia,Morocco
4110,Heather,Santos,everettrachel@example.net,722 Avery Estate,Port Anne,New Mexico,Bulgaria
4111,Charles,Mcknight,natashastephens@example.org,8470 Reyes Cape Suite 087,Buchananfurt,Colorado,French Polynesia
4112,Zachary,Diaz,maria60@example.net,27274 William Way Suite 170,New Sharon,Texas,Latvia
4113,Aaron,Schultz,dunnsharon@example.org,93995 Jacqueline Lane Suite 136,Christopherhaven,Massachusetts,Sri Lanka
4114,Ashley,Spence,kcummings@example.net,28714 Jennifer Gateway Suite 946,Briantown,Kansas,Venezuela
4115,Jonathan,Martinez,lmartin@example.org,8733 Oconnor Island,South Melissa,California,Niger
4116,Brenda,Bates,davidalbert@example.org,580 Munoz Villages,Romeromouth,New Hampshire,Ethiopia
4117,Daniel,Armstrong,gsawyer@example.net,6425 Ashley Track Suite 514,Martinezchester,West Virginia,San Marino
4118,Eddie,Freeman,fyoung@example.com,712 Taylor Shores,Port Jessicamouth,Rhode Island,Heard Island and McDonald Islands
4119,Brandi,Foster,curtis49@example.com,589 Bowman Locks,Brownside,New Jersey,Western Sahara
4120,Rebecca,Edwards,hartyvonne@example.com,0034 Lisa Court,Gregorychester,North Carolina,Sudan
4121,Barbara,Owen,qmoon@example.org,068 Rogers Ports,Brookemouth,New Jersey,United States Virgin Islands
4122,Daniel,Matthews,popemichael@example.net,959 Diaz Canyon,Johnshire,Colorado,Trinidad and Tobago
4123,Brenda,Chan,eddiehernandez@example.org,19081 Miranda Skyway,Brownberg,Alabama,Martinique
4124,Tammie,Frazier,courtney02@example.org,38790 Elizabeth Lane,East Melinda,Wyoming,Guinea-Bissau
4125,Christopher,Banks,tasha51@example.net,53073 Brooks Crest,North Peggyton,Massachusetts,Falkland Islands (Malvinas)
4126,George,Williams,mgordon@example.org,082 Ashley Rue,South Sarahland,Missouri,Congo
4127,Jasmine,Galvan,glowe@example.org,16085 Knox Ports Apt. 424,Rebeccaberg,Louisiana,Somalia
4128,Jeffrey,Li,david35@example.com,3555 Julie Island Suite 637,Randyview,Iowa,Palestinian Territory
4129,Jillian,Mitchell,beth03@example.org,262 Jensen Trail,Lake Monica,New Jersey,Burundi
4130,Paul,Wilson,stephanie73@example.com,910 Glenda Court Apt. 866,East Coryborough,Colorado,Mauritania
4131,Angelica,Johnson,joseph18@example.com,55810 Manning Shore Suite 449,West Jenniferport,Iowa,Vanuatu
4132,Heather,Brown,sabrinarobinson@example.org,1312 Roberto Row Apt. 487,New Amandafurt,Vermont,Gibraltar
4133,Amanda,Owen,bharrington@example.org,1817 Anderson Inlet,East Christopherland,Florida,South Georgia and the South Sandwich Islands
4134,Dylan,Parsons,anna46@example.org,08299 Henry Lights,Lake Bobby,Wyoming,El Salvador
4135,Tracey,Douglas,morrisjames@example.com,44589 Schultz Meadows,East Lauren,Ohio,Guernsey
4136,Amanda,Weber,michaelaustin@example.org,95593 Roger Radial Suite 897,Emilytown,New Hampshire,New Caledonia
4137,Eric,Wade,jason12@example.com,559 Reeves Motorway Apt. 464,Hallborough,Missouri,Albania
4138,Christy,Smith,cory86@example.net,4790 Mariah Port Suite 542,South Christine,Indiana,Spain
4139,Alexis,Lindsey,lindakirby@example.net,642 Brenda Haven,West Scott,Montana,Singapore
4140,Mark,Pierce,johnsonmaria@example.net,020 Thomas Island Apt. 328,New Hollyfort,Montana,Austria
4141,Robert,Frost,sextonricky@example.org,2963 Alicia Point,North Joel,Idaho,Italy
4142,Denise,Brown,renee12@example.com,257 Arroyo Hill,Singhstad,Oregon,Barbados
4143,Kathleen,Lucas,nancy70@example.com,74134 Tiffany Ranch,Port Ashleychester,Utah,Monaco
4144,Tracy,Roman,xcampbell@example.org,55998 Wheeler Gateway,North Margaret,Wisconsin,Bolivia
4145,Ethan,Watson,anthonyortiz@example.org,941 King Curve,West Rogerfort,North Dakota,Cook Islands
4146,Sabrina,Warner,milleralexander@example.net,7693 Pearson Inlet,Alyssatown,Nevada,Maldives
4147,Chad,Jackson,keithwebb@example.net,77711 Kenneth Burg Apt. 146,Melissaland,New Jersey,Saint Vincent and the Grenadines
4148,Melissa,Juarez,margaretdavis@example.com,12303 Melanie Bypass,Brianborough,Florida,Romania
4149,James,Diaz,rachaelpatton@example.net,7198 Michael Centers,Brandystad,Nebraska,Liberia
4150,Kevin,Moran,foxcassidy@example.org,66103 Bruce Gardens Apt. 086,North Cameron,South Carolina,Holy See (Vatican City State)
4151,Debra,Bird,bowmanrachael@example.com,399 George Mall Suite 209,Collinsville,North Carolina,Tonga
4152,William,Potter,callahanjerry@example.com,435 Jacqueline Wells,South Matthewview,Nebraska,Micronesia
4153,Lindsey,Jones,samanthasmith@example.net,958 Jacqueline Forges Suite 207,Smithfurt,Maryland,Grenada
4154,Tasha,Parker,rachelschneider@example.com,556 Marshall Lights,New Julie,Maryland,Palestinian Territory
4155,Justin,Montgomery,mjohnson@example.com,21957 Charlotte Common,Perkinsside,Ohio,Cook Islands
4156,Michael,Ryan,collinsamy@example.org,467 Barnes Lodge,Crosshaven,South Carolina,Ireland
4157,Jessica,Marshall,luceroscott@example.com,75875 Andrea Parkway Apt. 635,Lake Jacquelineberg,Alabama,New Zealand
4158,Yvonne,Avery,usingh@example.com,203 Robert Rapids,West Judy,Tennessee,Japan
4159,Joshua,Welch,hollowayrichard@example.org,072 Erin Parks Apt. 210,Hallside,New Jersey,Mayotte
4160,Marcus,Kennedy,vmorales@example.org,150 Jose Track,North Bryanberg,Wisconsin,Indonesia
4161,Brooke,Gutierrez,feliciawalker@example.org,647 Glover Club Suite 748,Timothyland,New Hampshire,Kazakhstan
4162,Kathy,Ayala,alexis49@example.net,8217 Catherine River,Johnmouth,Oklahoma,Faroe Islands
4163,Joyce,Gregory,ghart@example.net,10076 Martin Drive,Jamesborough,Alabama,Guinea-Bissau
4164,Julie,Davis,patricia32@example.com,619 Patterson Keys Suite 699,East Amanda,Florida,Samoa
4165,Mary,Little,shaunespinoza@example.com,861 Troy Inlet,Michaelberg,Nebraska,Brunei Darussalam
4166,Justin,Lucas,schmidtandrew@example.com,0521 Joseph Glens Suite 685,New Jamesberg,Illinois,Croatia
4167,Candice,Kelley,omarcoleman@example.com,0871 Taylor Turnpike Apt. 938,Denisechester,California,Nigeria
4168,Clayton,Davis,bridgettaylor@example.org,5123 Williams Extension,Cainbury,Louisiana,San Marino
4169,Julia,Lopez,jonathanlewis@example.org,12190 Moore Wells,South Kellyville,Virginia,Faroe Islands
4170,Michael,Leon,grantchaney@example.net,43472 Lindsey Burg,Port Brianland,Oklahoma,United Arab Emirates
4171,Deborah,Torres,ashley18@example.org,192 Pugh Keys,Carlberg,Wisconsin,Anguilla
4172,Jason,Burns,vwilson@example.net,342 Ford Plaza Apt. 879,Alexville,Tennessee,Singapore
4173,Linda,Silva,qgonzalez@example.net,71108 Donna Trail Suite 428,South Kimberlytown,Kansas,Bosnia and Herzegovina
4174,Joshua,Silva,townsendtravis@example.com,3758 Matthew Views Apt. 040,New Kellyport,Arkansas,Lebanon
4175,William,Smith,deborah48@example.org,678 Newton Harbors Apt. 317,New Shawn,Florida,El Salvador
4176,Amy,Fuentes,brownamy@example.net,1935 Joshua Drive,Lake Melissa,Massachusetts,Indonesia
4177,Bonnie,Price,michelle06@example.net,95893 Dean Forks,Thomasport,Maine,Tonga
4178,Janet,Smith,lindakerr@example.org,1490 Smith Village,Cynthiaborough,Oklahoma,Benin
4179,Judy,Rice,shannoncervantes@example.net,2554 Dorothy Row,Klineshire,Alaska,Kenya
4180,Rebecca,Velez,samantha80@example.net,889 Jason Union Suite 392,Lake David,Illinois,Greenland
4181,Jaime,Lopez,fullerkenneth@example.net,227 Lisa Stravenue Suite 249,West Kristopher,Mississippi,Iran
4182,James,Wright,jflores@example.com,48745 Adriana Harbors,Lake Connor,Idaho,Saint Kitts and Nevis
4183,Joshua,Mcguire,alexander62@example.org,5840 Chavez Streets,Chrisview,Nevada,Vanuatu
4184,Kristin,Tran,kochjennifer@example.net,848 Joshua Lodge,Hansonmouth,Minnesota,Bhutan
4185,Wesley,Williams,mcobb@example.net,41994 Paul Ville Apt. 090,Lake Anthonybury,Vermont,Uruguay
4186,Brandon,Levine,nguyenmarisa@example.com,2815 Beth Radial Suite 142,West Matthew,Alabama,Guinea-Bissau
4187,Elizabeth,Scott,howardbrian@example.net,07892 Charles Walk Suite 697,Smithchester,Arizona,Morocco
4188,Erika,Mann,ncarey@example.com,3699 Bailey Village,Villanuevaborough,Vermont,Tokelau
4189,Amanda,Zimmerman,xmontgomery@example.com,30945 Tammy Common,Tonychester,West Virginia,Samoa
4190,Jennifer,Meyer,hhobbs@example.org,576 Buckley Vista Apt. 591,Josephview,Idaho,Poland
4191,Cole,Hunter,holdenjoan@example.com,3866 Green Burg,Johntown,Nebraska,Mongolia
4192,Philip,Martinez,terri74@example.com,79451 Allison Locks,Archerland,South Dakota,American Samoa
4193,Troy,Thomas,pramirez@example.org,879 Jones Motorway,South Melissafurt,Tennessee,Norfolk Island
4194,Julie,Mcbride,rthompson@example.org,068 Rivera Turnpike,Nguyenberg,Alaska,Jordan
4195,Leonard,Cuevas,washingtonedward@example.org,2331 Joseph Estate Suite 682,Port Michael,Alaska,Burundi
4196,Donna,Moore,mwatkins@example.com,81522 Jacob Oval Apt. 858,Port Toni,South Carolina,Ghana
4197,Kaitlyn,Baldwin,kelleydanny@example.org,479 Williams Shoal,Hollyville,North Dakota,Liechtenstein
4198,Antonio,Gonzalez,kurtgoodwin@example.org,9834 Kirk Light Suite 373,South Christine,Maryland,Botswana
4199,Jeremiah,Baker,eatkinson@example.org,87372 Justin Rue,Dodsonfurt,South Dakota,Tajikistan
4200,Taylor,Weeks,stephenlopez@example.com,30767 Cox Turnpike Apt. 309,Victoriabury,Washington,Costa Rica
4201,Joel,Munoz,clarkmanuel@example.org,6214 David Rapid,West John,Massachusetts,Mali
4202,Robert,Morgan,jenna67@example.org,9107 Allen Flat Apt. 824,Latoyaville,Nebraska,Armenia
4203,David,Schneider,hjames@example.net,6711 Charles Villages Suite 023,North Ronnie,South Dakota,Tanzania
4204,Kristin,Cox,joshuabrown@example.com,1076 Jensen Neck,New Diana,West Virginia,Grenada
4205,Taylor,Strickland,crawfordanna@example.net,556 Lindsey View Apt. 017,New April,Nebraska,Nepal
4206,Katherine,Martin,wpeterson@example.com,7879 Roberts Spur,Powershaven,Louisiana,Serbia
4207,David,Munoz,colekeith@example.net,03135 Charlotte Extensions,South Robertmouth,California,Gambia
4208,Michael,Mcclain,newtonlinda@example.org,289 King Key Suite 621,New Ernestmouth,Montana,Sri Lanka
4209,Devin,Bridges,alawrence@example.org,1685 Brian Manor Suite 410,Lisaport,New Mexico,Croatia
4210,Keith,Miller,allen23@example.com,754 Clark Estate Suite 890,South Donnafort,Illinois,Brazil
4211,Amanda,Kirby,sophiawu@example.net,901 Bowen Light,New Ericberg,California,Cameroon
4212,Annette,Ochoa,myersjames@example.org,2894 Austin Glen,Johnfort,New Jersey,Bulgaria
4213,Janice,Hoover,bscott@example.net,7024 King Alley Suite 102,Lake Travis,Oregon,Guyana
4214,Brandy,Lawrence,phillipsnathan@example.org,25407 Damon Terrace,North Carolineland,Colorado,Italy
4215,Stephen,Thomas,latoyamorgan@example.org,417 Woodard Streets Suite 448,Donovanburgh,Alabama,Singapore
4216,Kathryn,Maxwell,sabrinaobrien@example.com,4682 Hoover Junctions Suite 570,North Michaelborough,Kentucky,Niue
4217,Rachel,Hill,currysavannah@example.com,28049 Dennis Garden Apt. 015,Jamesmouth,Utah,Tunisia
4218,Jennifer,Maldonado,sandra37@example.org,5485 Lewis Centers Suite 083,East Lindsey,Montana,Mozambique
4219,Albert,Ballard,doylecynthia@example.net,49232 Kristen Cape Apt. 026,New Danmouth,Indiana,Syrian Arab Republic
4220,Jennifer,Watts,sflores@example.net,0178 Potts Street Apt. 680,Lake Bethfurt,Texas,Tokelau
4221,Brad,Williamson,ylozano@example.com,6606 Kaiser Tunnel Suite 977,Blakeport,Nebraska,Norway
4222,Wendy,Huerta,tarellano@example.net,710 Michelle Shoal Suite 838,Lake Maria,West Virginia,Gambia
4223,Paul,Bradley,pricejoseph@example.org,0766 Smith Wells Suite 761,Bentleyberg,South Carolina,Cayman Islands
4224,Michael,Gray,darrenevans@example.net,8084 Hughes Lodge,Port Johntown,Georgia,Turkey
4225,Alexandra,Wilson,debracampbell@example.net,764 Joseph Ports Suite 940,Port Amber,Rhode Island,Argentina
4226,Amber,Hunt,brianvega@example.net,10245 Sparks Avenue,Trevorstad,Kansas,Isle of Man
4227,Dawn,Miller,vparker@example.net,7231 Melissa Alley,New Mariashire,Minnesota,Congo
4228,James,Johnson,bradley89@example.org,37513 Sarah Fort Suite 224,Lake Jesse,Wyoming,Malaysia
4229,Savannah,Jackson,stephanie38@example.net,0220 Ricky Flat,Justinfort,Mississippi,Benin
4230,Russell,Fisher,aprilreeves@example.com,531 Hahn Alley,Myerschester,Kentucky,Serbia
4231,Paul,White,paul78@example.net,0737 Robert Lodge,West Alicechester,New Mexico,India
4232,Jason,Rodriguez,jacobquinn@example.com,554 Watson Keys,Port Bradley,Illinois,Tunisia
4233,Dawn,Cabrera,lori38@example.org,91797 Stewart Rest Suite 422,Lauraburgh,Maine,Palau
4234,Shelby,Harris,sandralee@example.org,774 Julie Lights Suite 685,Deckerbury,Georgia,Niger
4235,Maria,Mcdonald,grahamerin@example.org,54593 Shaw Locks,Tashashire,Kentucky,Romania
4236,Alicia,Stewart,taylorbruce@example.org,336 Hector Springs Suite 774,New Jason,Rhode Island,Bouvet Island (Bouvetoya)
4237,Joseph,Wall,robleschad@example.org,1332 Mclean Green,Elizabethton,South Dakota,Belgium
4238,Timothy,Lloyd,joannlucero@example.com,4132 Jesse Walk Suite 100,West Lee,New Jersey,Senegal
4239,Michael,Dixon,cruiz@example.com,889 Pierce Motorway Suite 199,Port Christinefort,Alabama,Congo
4240,Rachel,Davidson,bennettbenjamin@example.org,990 Branch Wells,Smithland,North Carolina,Mongolia
4241,Brianna,Scott,jonathanmejia@example.com,7478 Karen Courts,Port Zachary,Nevada,Turkey
4242,Felicia,Molina,glenn48@example.net,45391 Julia Trail Suite 779,Fischerburgh,Arkansas,Maldives
4243,Christina,Pope,rachel98@example.org,5047 Hannah Turnpike Apt. 254,Escobarton,Nevada,Madagascar
4244,Angelica,Page,diana60@example.com,4037 David Mall,Hoffmanstad,North Dakota,Sri Lanka
4245,Joseph,Price,melissagarcia@example.org,2302 Phillips Square Suite 513,Lake Luke,Virginia,Russian Federation
4246,Christopher,Sanders,emilyhubbard@example.net,2474 Carolyn Ville Apt. 365,East Johnport,Missouri,Antarctica (the territory South of 60 deg S)
4247,Gilbert,Farley,miasmith@example.net,057 Stephanie Junctions Suite 184,Daisyfort,New Hampshire,Holy See (Vatican City State)
4248,Teresa,Ayala,vmccullough@example.com,5400 Mcgrath Creek Apt. 076,East Julieshire,Iowa,Kazakhstan
4249,Shelley,Rice,tyleraaron@example.org,000 Harvey Forges,Taylorstad,New Jersey,Pakistan
4250,Leah,Nelson,dominic14@example.com,381 Rogers Underpass Suite 387,Port Mary,Nebraska,Hungary
4251,Clifford,Anthony,snyderbrian@example.com,230 Smith Island Suite 467,Tammychester,Maryland,Croatia
4252,Nicole,Davies,omalone@example.com,86599 Nicole Square Suite 349,New Nicoleside,Nebraska,Russian Federation
4253,Richard,King,kara21@example.org,9977 Craig Drive,New Larrychester,South Dakota,North Macedonia
4254,Christopher,Bell,ricky21@example.com,781 Wheeler Run Suite 739,New Jenniferchester,Idaho,Saint Helena
4255,William,Washington,tyler37@example.org,8445 Andrea Ville,Parkerland,Pennsylvania,Cyprus
4256,Fred,Hogan,kathrynharris@example.com,5982 Sanchez Knoll,Edwinburgh,Maryland,Burundi
4257,Nathan,Hill,michelle42@example.org,319 Morgan Pike Suite 352,Douglashaven,South Dakota,Cameroon
4258,Jasmine,Hill,rphillips@example.com,155 Johnson Trafficway,Torresland,Virginia,Guam
4259,Troy,Taylor,phillipyoung@example.com,09301 Love Village,New James,New York,Cote d'Ivoire
4260,Wendy,Wong,evansjames@example.com,9226 Michael Place Suite 001,North Teresaville,Virginia,Congo
4261,Mark,Hernandez,matthew50@example.com,22828 Villa Shoals,Kellyfurt,New York,Mali
4262,Eric,Morales,kmitchell@example.com,872 John Forges,Smithstad,Kansas,Lebanon
4263,Jeffrey,Mcfarland,qpeterson@example.com,6821 Justin Rue,Bennettchester,Massachusetts,Algeria
4264,Matthew,Freeman,gerald95@example.com,42028 Werner Hills,Frenchberg,South Dakota,Martinique
4265,Sarah,Castaneda,michelle42@example.net,8519 Brittany Extensions Apt. 947,Lake Jonmouth,Alaska,Bolivia
4266,Stacey,Jackson,pmitchell@example.com,57732 Derrick Fork,Wolfbury,Mississippi,Christmas Island
4267,Timothy,Thomas,stephenrivera@example.org,85722 Jeremy Spring,West Carriefurt,Oklahoma,Japan
4268,Briana,Martinez,randalljennifer@example.net,4403 Lauren Brook Apt. 592,East Debra,Tennessee,Palau
4269,Michael,Harris,rgarcia@example.com,713 Chapman Fork Suite 738,South Shawn,New Hampshire,Philippines
4270,Tanya,Miller,michaeljohnson@example.net,21291 Cody Light,Lake Samanthahaven,Idaho,Singapore
4271,Christina,Calderon,nholt@example.com,075 Patrick View,Holdenstad,Kansas,Guinea
4272,Bradley,Moran,greencalvin@example.org,06447 Taylor Turnpike,Melissafurt,Minnesota,Cayman Islands
4273,Cory,Wyatt,garciadanny@example.net,04032 Nancy Island,Dunnstad,Indiana,Senegal
4274,Jacob,Daniel,mreeves@example.com,5110 Veronica Mission Apt. 597,Martinton,Montana,Central African Republic
4275,Andrea,Castro,fitzgeraldtammy@example.net,3736 Jacqueline Plaza,West Heidimouth,Wisconsin,Cayman Islands
4276,Daniel,Deleon,pamelajones@example.net,67400 Kimberly Heights,New John,Oregon,Mexico
4277,Mark,Perkins,ramirezjessica@example.com,81484 Carter Skyway,Whiteton,Iowa,Kyrgyz Republic
4278,Rebekah,Rodriguez,laura12@example.net,0556 Griffin Lights Apt. 202,Lake David,Alabama,Sao Tome and Principe
4279,Paula,Leon,chorton@example.org,32095 Philip Flats Suite 223,South Andreastad,Maine,Rwanda
4280,Jacqueline,Lamb,armstrongjake@example.net,01733 Christy Path,Erichaven,Maine,Latvia
4281,Kimberly,Jackson,rodriguezjodi@example.net,44879 Michael Well Suite 072,Mariamouth,Massachusetts,Congo
4282,Amy,Mckenzie,pamela04@example.org,9194 Miller Valleys Suite 067,Tapiafort,Mississippi,Uganda
4283,Cesar,Miller,rebeccaromero@example.net,9431 John Lake Apt. 226,West Angela,Vermont,Mexico
4284,Marissa,Mejia,rmills@example.com,957 Aguirre Squares Suite 803,Angelaton,Pennsylvania,Netherlands
4285,Matthew,Rojas,douglasluna@example.net,20876 Kayla Ridges Suite 022,Porterfort,Nevada,Timor-Leste
4286,James,Daniels,dluna@example.org,551 Moore Loop,New Kathleenton,New York,Saudi Arabia
4287,Gail,Page,roywatson@example.com,2059 Solis Mill,Simsberg,Colorado,Guinea-Bissau
4288,Zachary,Gray,vincentandrade@example.com,2162 Amber Extensions Apt. 768,Daniellestad,Ohio,Gambia
4289,Angela,Rodriguez,jgarcia@example.org,4960 Mary River,South Michael,New Hampshire,Namibia
4290,Ian,Dixon,muellerkelly@example.com,78716 Murray Fort Suite 794,Kingland,Missouri,Eritrea
4291,Michael,Stone,karencummings@example.org,50634 Jennifer Terrace,Amandaview,West Virginia,Samoa
4292,Austin,Guerrero,marcushill@example.org,1595 Leonard Walks Suite 280,Brookschester,Oregon,Taiwan
4293,Michelle,Montgomery,william26@example.org,42339 Walsh Parks Suite 677,New Miguel,Arkansas,Cook Islands
4294,Amy,Braun,lorismith@example.com,1178 Smith Corner,New Donna,Kansas,Egypt
4295,Michael,Aguilar,smithmichael@example.net,135 Anderson Ridges Apt. 391,East Joshua,South Carolina,Wallis and Futuna
4296,David,Houston,martinezbelinda@example.com,44379 Joseph Motorway Apt. 456,New Lisa,Colorado,Papua New Guinea
4297,Amber,Miller,karen25@example.net,923 Mclaughlin Point,Nancystad,North Carolina,Honduras
4298,Jared,Reed,michaelcastillo@example.org,720 Kayla Roads,Mirandabury,Kansas,United Arab Emirates
4299,Randall,Ho,amberbrady@example.org,19021 Jerry Drives,Port Jonathanview,Arizona,Jamaica
4300,Christopher,Mckenzie,ashley89@example.org,121 Catherine Inlet Suite 004,Hensonfort,Alabama,Korea
4301,Julie,Huffman,jeffreyruiz@example.com,02687 Ricky Flats Suite 536,Elijahstad,Maine,Lebanon
4302,Jessica,Farmer,stephen77@example.com,8600 Mark Trail,East Ryan,West Virginia,Denmark
4303,Amanda,Mullins,marycurry@example.com,977 Alex Ville,North Leslie,South Carolina,French Guiana
4304,Tammy,Short,brianna81@example.net,7136 Brown Course,New Brendafurt,New Mexico,United States Minor Outlying Islands
4305,Justin,Crawford,johnstonbeth@example.net,3512 Pamela Islands,New Michael,Idaho,Solomon Islands
4306,Julia,Tanner,morrisonann@example.org,97559 Matthew Walk Apt. 197,Port Olivia,Alabama,Lebanon
4307,Claudia,Camacho,hdavis@example.com,7552 Lucas Ports Apt. 403,Anthonyfurt,Wisconsin,Jamaica
4308,Christopher,Guzman,cherylthomas@example.org,028 Jonathan Stravenue,Christinestad,Virginia,New Caledonia
4309,Nicole,Perez,fletcherkurt@example.com,967 Sarah Run Suite 388,North William,North Carolina,Netherlands
4310,Sean,Allen,kcampbell@example.net,16841 Martinez Row Apt. 173,Reginaburgh,Alaska,France
4311,Alexander,Melendez,operez@example.net,055 Cantu Meadows,North James,Hawaii,Kazakhstan
4312,Nicole,Rios,imolina@example.net,401 Johnson Mews Suite 156,South Jordanland,Montana,British Virgin Islands
4313,Jillian,Smith,richard63@example.org,8228 Thompson Landing Suite 489,Mariamouth,Oregon,Cuba
4314,Hannah,Velez,rebeccabonilla@example.org,004 Allison Heights,Port Mason,Indiana,Puerto Rico
4315,Danielle,Spence,michellewalker@example.net,41086 Barker Fords Suite 227,West Scott,Virginia,Niue
4316,Regina,Wright,bethanybrown@example.net,42313 Joshua Trail,Steveville,Utah,Mozambique
4317,Jose,Garcia,aallen@example.net,2187 Bethany Ramp Apt. 441,Phillipsburgh,Pennsylvania,Denmark
4318,Pamela,Cook,csteele@example.org,60242 Brian Landing Suite 147,Garzaville,Alabama,Bosnia and Herzegovina
4319,Alan,Fields,rebeccaward@example.net,3800 Duncan Wells,Jerrytown,Michigan,Bangladesh
4320,Julie,Jimenez,sandragriffith@example.net,70636 Morris Centers Apt. 464,North Laura,South Dakota,Wallis and Futuna
4321,David,Wong,schmittpatricia@example.com,13090 Mitchell Flat,Port Sarah,Washington,American Samoa
4322,Justin,Barrera,fsanders@example.org,30152 Parker Grove Suite 869,Chapmanburgh,Massachusetts,Ecuador
4323,Frances,Beasley,sean76@example.org,576 Barnes Meadows Apt. 469,New Michaelmouth,Arkansas,Northern Mariana Islands
4324,Heidi,Wagner,matthewjackson@example.org,561 Velazquez Corners,West David,Tennessee,Albania
4325,Bradley,Lynch,kathleen04@example.org,35817 Shaw Parkways Suite 984,North Nicoleborough,Virginia,Libyan Arab Jamahiriya
4326,Deborah,Garcia,tammy25@example.com,4772 Joseph Estate Suite 163,East Patricia,Oklahoma,Andorra
4327,Mark,Scott,yjones@example.net,23707 William Plaza Suite 436,New Gordon,Minnesota,Syrian Arab Republic
4328,Jessica,Wallace,roytyler@example.org,3001 Lara Crossing Suite 786,West Pamela,Georgia,Northern Mariana Islands
4329,Stephanie,Garcia,johnsondavid@example.net,9706 Pacheco Wells,Nicholefurt,Pennsylvania,France
4330,Walter,Bowers,zbarr@example.net,1586 Meghan Lodge,Nathanmouth,Nebraska,Uruguay
4331,Amanda,Kennedy,jason69@example.com,51777 Carter Trace,Lake Wesleyland,Tennessee,Haiti
4332,Matthew,Valencia,sampsonmatthew@example.net,346 Samantha Gateway Suite 519,Warrentown,West Virginia,Mauritius
4333,Jacob,Cole,dherrera@example.com,7799 White Divide Apt. 141,South Melissa,Pennsylvania,Liberia
4334,Meghan,Kemp,cohenkyle@example.com,555 Shannon Ville Suite 991,Reedview,Delaware,Cuba
4335,Theresa,Schultz,barberbrittany@example.com,58017 Dylan Shoals,Tiffanychester,Delaware,United Kingdom
4336,Seth,Howell,tonya29@example.net,5703 Rebecca Valley,Larashire,Kentucky,Uruguay
4337,Amber,Middleton,jsaunders@example.net,32206 Paul Glens Apt. 720,Rhondaburgh,Florida,Russian Federation
4338,Melissa,Mays,russellmelanie@example.com,957 Brian Views Suite 234,Adamchester,Washington,Moldova
4339,Natalie,Carroll,mwhitney@example.org,48557 Eric Mission,East Raymond,Colorado,Yemen
4340,James,Trevino,campbellsarah@example.com,892 Douglas Shoals Suite 220,South Ericport,Ohio,Micronesia
4341,James,Romero,martinezwilliam@example.net,065 Kelly Skyway Apt. 182,Colemanfort,Illinois,Armenia
4342,Christy,Peck,erubio@example.net,67957 Townsend Groves,Lake Kristinashire,Utah,Germany
4343,Michael,Thompson,erin05@example.com,046 Mary Hill Apt. 154,Port Caleb,New Hampshire,Anguilla
4344,Ashley,Jennings,evangriffith@example.org,0305 Tucker Springs Apt. 155,Wrightfurt,Tennessee,Indonesia
4345,Francisco,Williams,ureynolds@example.net,121 Joshua Road,New Saraview,West Virginia,Kazakhstan
4346,Carl,Huang,christina11@example.com,622 Elaine Forge Suite 034,Davidmouth,Delaware,Isle of Man
4347,Krista,Dominguez,irussell@example.org,91910 Angelica Trace,Francisstad,Louisiana,Reunion
4348,Julie,Watts,vwilson@example.net,60497 Brandon Meadows,East Teresa,Hawaii,Gabon
4349,Michael,Smith,barberkimberly@example.net,8904 Juan Springs Suite 025,Snyderside,South Dakota,Togo
4350,Robert,Wall,jonesdonald@example.net,19848 Daniel Ford,Lake Nicholas,Minnesota,Madagascar
4351,George,Duke,ericmartinez@example.com,5551 Cindy Mission Apt. 083,Churchbury,Idaho,Belgium
4352,Anthony,Hall,rmurray@example.com,0130 Gabriel Stream,East Jamie,Tennessee,Martinique
4353,Lorraine,Fernandez,ruth98@example.org,89425 Ashley Crossing Suite 955,Adamston,Vermont,Reunion
4354,Gary,Schneider,andrea98@example.net,939 Kimberly Fords,Lake Scottfurt,Kansas,Oman
4355,Melanie,Miller,tcurry@example.com,703 Brandon Plains Suite 648,New Jeffrey,Indiana,Italy
4356,Diana,Barnes,emma42@example.com,879 Lambert Extensions Suite 788,Justinfurt,Wisconsin,Peru
4357,Hannah,Smith,nroberts@example.com,5796 Joshua Shore Apt. 368,New Austintown,Oklahoma,Argentina
4358,Lori,Jimenez,david68@example.net,53145 Todd Ports Suite 378,Port Pamelafurt,New Mexico,Singapore
4359,John,Warner,scottadam@example.org,457 Sweeney Rapid Apt. 190,East Douglas,North Carolina,Saint Barthelemy
4360,Robert,Nelson,connie32@example.com,66696 Mccall Terrace Suite 091,Wardtown,Colorado,Peru
4361,Matthew,Johnson,jasongordon@example.org,560 Kara Centers Apt. 236,Robertside,Utah,North Macedonia
4362,Andrew,Phillips,jessicawalker@example.org,22810 Thomas Well,Joshuaborough,Nevada,Azerbaijan
4363,Carrie,Gray,paul90@example.com,6394 Gibson Orchard,Weavermouth,Montana,Iran
4364,Tyler,Kennedy,gibbsmargaret@example.net,20284 Stephen Mills Suite 992,Lake Jamesfurt,Alaska,France
4365,Wanda,White,johnsonjessica@example.org,3426 Sierra Rapid Suite 168,Pereztown,Arkansas,Korea
4366,Alisha,Jackson,anthony82@example.com,408 Cole Track Suite 419,East Jamiefurt,Arizona,Belgium
4367,Donna,Chase,rachelferguson@example.net,87602 Crane Cove Suite 796,Stevenhaven,Georgia,Eritrea
4368,Aaron,Harrington,patricia02@example.net,302 Bradley Locks Apt. 872,East Anthonyborough,Oklahoma,Israel
4369,Ashley,French,dustinwilson@example.net,24667 Rice Land,West Gary,Connecticut,Gambia
4370,Adam,Alvarez,zlyons@example.com,89430 Amy Parks Apt. 232,Coreyhaven,Oregon,Romania
4371,Ryan,Dickerson,campbellmelvin@example.com,89115 Lisa Alley,Marcusburgh,Virginia,China
4372,Jason,Thomas,devin12@example.com,4922 Amanda Squares Suite 164,Deanland,Colorado,Seychelles
4373,Seth,Aguilar,elliscrystal@example.org,626 Gutierrez Street Apt. 503,East Stephanie,California,Switzerland
4374,Cristina,Rogers,zayala@example.org,433 Cross Green Suite 747,Port Danielle,Hawaii,Myanmar
4375,Deborah,Duke,dianaswanson@example.org,7083 Michael Keys,West Williammouth,Rhode Island,Botswana
4376,Tonya,Walsh,wsmith@example.net,071 Kyle Greens,East Racheltown,New York,Iraq
4377,Karen,Hardy,ravenmckay@example.net,6597 Monique Ports Suite 606,South Tomville,Pennsylvania,San Marino
4378,Chase,Horton,xavier47@example.net,5528 Lane Cliff,Jasonport,Nevada,Mexico
4379,Amanda,Vaughan,ian68@example.org,8634 Ewing Terrace Suite 183,Boydberg,Washington,Tonga
4380,Jaime,Williams,amandalee@example.net,471 Matthews Drives Suite 472,West Zachary,Florida,Burundi
4381,Garrett,Salas,dwhite@example.com,764 Roberts Rest,Manuelshire,Mississippi,Kuwait
4382,Ronnie,Haynes,ahernandez@example.org,886 Gould Overpass Suite 844,Ruthtown,Rhode Island,Anguilla
4383,Robert,Watkins,kbrowning@example.net,9949 Liu Manor Apt. 406,South Elizabethfurt,Nebraska,Slovenia
4384,Michael,Jones,halldonald@example.org,01470 Oliver Flat Apt. 972,Harrisview,Wyoming,Netherlands
4385,Frank,Campos,david15@example.net,634 Johnson Keys,West Shannon,Alaska,Marshall Islands
4386,Gregory,Cunningham,kwade@example.com,6724 Phelps Lodge Apt. 896,Chloemouth,Delaware,Russian Federation
4387,James,James,tammy89@example.org,032 Craig Summit,Youngside,Delaware,Pitcairn Islands
4388,David,Francis,ichapman@example.org,8531 Stacey Square,South Kerry,New Jersey,Netherlands Antilles
4389,Carlos,Ellis,smithbrian@example.org,082 Lamb Forks,Jamesberg,Tennessee,Uruguay
4390,Benjamin,Martin,jwilson@example.org,1986 Justin Port Apt. 193,Kimberlymouth,North Carolina,Palau
4391,Bruce,Osborne,cstein@example.com,92683 Judy Ridge Apt. 872,West Andrew,Nebraska,British Virgin Islands
4392,Andrea,Hoffman,amanda22@example.org,248 Yu Cliffs Apt. 732,North Kylefurt,Oregon,Grenada
4393,Dawn,Lee,newtonrichard@example.net,4225 Duran Cape,North Christopherside,Oregon,Gambia
4394,Joshua,Irwin,christophergarcia@example.org,14121 Glenn Stream Apt. 827,Johnsonland,Georgia,Guatemala
4395,Adam,Meyer,gutierrezmargaret@example.org,3515 Thompson Shoal,Samanthaville,Kansas,Nigeria
4396,Christopher,Thornton,jennifer99@example.com,0168 Laurie Motorway Suite 519,Bradleyburgh,Tennessee,Mozambique
4397,Greg,Guerrero,strongveronica@example.net,04048 David Orchard Apt. 987,Kathleenside,Kentucky,Mexico
4398,Karen,Padilla,hwebster@example.com,43488 Gomez Falls,Kruegerburgh,Colorado,Guinea-Bissau
4399,Jeremiah,Cook,desireefernandez@example.net,0733 Willis Oval,East Craigside,Kentucky,Papua New Guinea
4400,John,Russell,paulspencer@example.com,261 Wong Road Suite 493,Port Meghan,California,Afghanistan
4401,Carl,Fuentes,smithlindsay@example.com,138 Fowler Ford Apt. 381,East Becky,South Dakota,New Zealand
4402,Martha,Martin,qking@example.org,3725 Brittany Drive Apt. 581,East Manuel,Maryland,Switzerland
4403,Herbert,Ware,kking@example.net,5812 Richard Lodge Apt. 602,Port Kimberlyfort,Massachusetts,Reunion
4404,Ethan,Banks,taylorjennifer@example.net,45202 Mcbride Plains,West Davidshire,South Dakota,Honduras
4405,Amanda,King,lambbenjamin@example.com,0386 Norris Skyway Suite 347,Wilkinsmouth,Georgia,Montserrat
4406,Crystal,Hodges,sreed@example.com,11078 Ford Trail Suite 704,Knightmouth,Florida,Iran
4407,Ian,Fields,alvaradokristine@example.org,9307 Jackson Fort Suite 839,West Shelley,New Mexico,Slovakia (Slovak Republic)
4408,Bradley,Bryant,johnlewis@example.com,383 Jensen Cape,Phillipston,Vermont,Nicaragua
4409,Jason,Olson,vanessa42@example.org,3570 Michael Harbor,West Bethchester,Virginia,Swaziland
4410,Megan,Ingram,ljohnson@example.net,874 Maria Fort,Port Rebecca,Illinois,Martinique
4411,Michael,Boyle,vincentbilly@example.net,60719 Franco Courts Apt. 517,East Caseyberg,California,Panama
4412,Faith,Castillo,ltaylor@example.com,83076 Lynch Drive Suite 270,East Ericabury,Illinois,India
4413,Danny,Anderson,moralesjason@example.com,419 Madden Forge Suite 613,Katherinestad,South Carolina,Gambia
4414,Peggy,Chavez,patricia19@example.com,4462 James Ports,West Timothy,Indiana,Guinea-Bissau
4415,Daniel,Rodriguez,twright@example.com,28714 Franco Shoals Apt. 858,Patrickshire,Colorado,Central African Republic
4416,Jessica,Thompson,sabrinaeverett@example.org,81436 Collins Circle,Port Erikahaven,Indiana,Kiribati
4417,Marie,Patterson,ihorne@example.com,69751 Timothy Rapids Apt. 592,Clarkborough,Virginia,Solomon Islands
4418,Rhonda,Hahn,caseystout@example.net,7059 Wilson Trace Suite 640,Jaimeburgh,Oregon,Northern Mariana Islands
4419,Jacob,Owen,andrea76@example.net,9204 Rachel Junctions Apt. 517,Rickyberg,Arizona,Belize
4420,Lisa,Peterson,mccormickjames@example.net,75447 Candace Path,Cynthiafort,Alabama,Marshall Islands
4421,Joseph,Evans,bweber@example.com,679 Perez Cliffs Suite 042,West Clarencetown,Hawaii,Nigeria
4422,Anthony,Rodriguez,christopherfernandez@example.com,1318 Herman Village,Gomezmouth,North Carolina,Macao
4423,Marcus,Adkins,thomasjean@example.com,4876 Hart Station,Jameston,New Jersey,Nigeria
4424,Tiffany,Howard,christopherpierce@example.com,9911 Robert Land,North Alan,Missouri,Japan
4425,Tammy,Sosa,lisaclark@example.org,11130 Smith Brook,Port Isaacland,Delaware,Croatia
4426,John,Ferguson,kevinfuller@example.com,57004 Michelle Mill Apt. 175,East Jennifer,Pennsylvania,Svalbard & Jan Mayen Islands
4427,Kristen,Mitchell,ndunn@example.org,04733 Gary Roads Apt. 206,Allisonbury,Texas,Turks and Caicos Islands
4428,Debra,Davis,michael16@example.org,673 Higgins Crescent,North Ashleyborough,Alabama,Myanmar
4429,Nicole,Campbell,owilliams@example.org,5878 Mario Point,West Jonathanmouth,Florida,Svalbard & Jan Mayen Islands
4430,Elizabeth,Meyer,wdodson@example.com,626 Elizabeth Extensions Apt. 962,Wrightshire,West Virginia,Eritrea
4431,Daniel,Buchanan,kfoster@example.org,33736 Mike Circles Suite 598,East Joshuabury,Pennsylvania,Guinea
4432,Miranda,Hopkins,williamsjustin@example.com,6517 Marcus Locks,Matthewstad,Delaware,United States of America
4433,David,Garcia,barbara43@example.com,961 Baker Burg,Thomasport,Colorado,Morocco
4434,Crystal,Perez,brian83@example.org,81055 Darren Hollow Apt. 114,Austinbury,Ohio,Chad
4435,Gary,Reese,rjames@example.net,69343 Moore Burgs,Lake Garrett,Maine,Slovenia
4436,Melanie,Johnson,mmiller@example.org,18122 Calvin Orchard Apt. 952,West Melissa,Iowa,Qatar
4437,Edgar,Mason,hernandezjudy@example.org,611 Linda Lane,Tammystad,Oklahoma,Vietnam
4438,Maria,Hines,adamssandra@example.org,1734 Sanchez Shores Suite 788,Delgadofort,Pennsylvania,Israel
4439,Mark,Wilson,jacksonalexandra@example.net,691 Chase Walks,Lake Jamieborough,New York,Mali
4440,Jason,House,wflynn@example.org,42492 Martinez Station,Murrayfurt,Alaska,Cook Islands
4441,Stacy,Garcia,reillybecky@example.com,57825 Parrish Forges,New Rebeccahaven,West Virginia,Norway
4442,Richard,Stewart,tonywilliams@example.com,580 Nancy Drive,New Anthony,Florida,Slovakia (Slovak Republic)
4443,Sierra,Bartlett,kimberlykelly@example.com,44942 Smith Square,Lake Susan,Georgia,Uganda
4444,Edward,Carter,benjamin69@example.org,9133 Joshua Glens,East Connor,Texas,Libyan Arab Jamahiriya
4445,Alan,Nguyen,gregoryfisher@example.org,79940 Foster Turnpike Suite 526,Lake Bradleyhaven,Kentucky,Zambia
4446,Joshua,Whitaker,edward76@example.org,61781 Rodney Stravenue,Bruceview,Oklahoma,Palau
4447,Ashley,Thomas,triciagarcia@example.net,4522 Smith Curve Apt. 111,Gomeztown,North Dakota,Sweden
4448,Luis,Calhoun,hamiltoncynthia@example.net,97848 David Trafficway Apt. 504,Barkerberg,Georgia,Paraguay
4449,Kimberly,Pratt,rothwilliam@example.org,85542 James Fork,Nashton,Massachusetts,Portugal
4450,Sharon,Fritz,christopher50@example.com,259 Matthew Mount,Christinefort,Louisiana,Algeria
4451,Leonard,Johnson,angelscott@example.com,585 Paul Springs,Sheilafort,Delaware,Norfolk Island
4452,Anita,Lara,xanderson@example.net,861 Rachel Cliff,Rachelside,Arizona,Cape Verde
4453,Adam,Baker,cruzconnie@example.org,5752 Brittany Canyon Suite 948,New Robert,Indiana,Holy See (Vatican City State)
4454,Michael,Reed,robert99@example.org,822 Nguyen Loaf,Judyberg,South Carolina,Estonia
4455,Sarah,Carlson,xevans@example.net,73785 Scott Isle,South Michael,Oregon,Kuwait
4456,Michael,Brady,rodgerssarah@example.net,1945 Natalie Freeway Apt. 020,Edwardstown,Kentucky,Uzbekistan
4457,Heather,Davis,andrewsantiago@example.net,44728 Boyd Forks Apt. 203,North Briannaton,California,British Indian Ocean Territory (Chagos Archipelago)
4458,Kenneth,Hansen,rodriguezrobert@example.com,60524 Pena Rapid,Castrofort,Mississippi,Burundi
4459,Ryan,King,markgarcia@example.org,48743 Green Pike Apt. 278,Lake Matthew,Colorado,Guam
4460,Joshua,Kline,janetbond@example.org,7716 Kelsey Common Suite 607,North Jennifer,Arkansas,Thailand
4461,Lisa,Mccullough,ycabrera@example.org,5328 Lori Shores,Lake Tylerland,North Dakota,Georgia
4462,Michael,Trujillo,teresa37@example.net,9885 Payne Fields,South Oliviafurt,Minnesota,Seychelles
4463,Kenneth,Higgins,rose05@example.org,57860 Gutierrez Ridges Suite 850,New Nathan,Arizona,Sri Lanka
4464,Elizabeth,Williams,edwardsmark@example.com,76834 Mark Mission Suite 386,Lake Ashleyland,Kentucky,Sierra Leone
4465,Mike,Wilson,hrodriguez@example.org,6134 Sandra Springs,Patricialand,South Carolina,Marshall Islands
4466,Troy,Wyatt,webbkathryn@example.net,168 Robinson Pass Suite 932,Lake Kevinmouth,Arizona,Zimbabwe
4467,Brittney,Tapia,ievans@example.org,476 Jill Inlet,Blackburgh,Indiana,Nauru
4468,Jennifer,Hawkins,aprilbrown@example.com,4373 Wilson Trail Apt. 179,Gonzalestown,Montana,Germany
4469,Kathleen,Norman,mholland@example.com,811 Jenna Place,Pamelachester,Alaska,Maldives
4470,James,Brown,troberts@example.net,94206 Bailey Parkways Apt. 669,Kennethside,Louisiana,Philippines
4471,John,Kim,elizabethanderson@example.com,4260 Jill Court Suite 656,South Katherine,Nevada,Turkmenistan
4472,John,Nelson,junderwood@example.org,55213 Jacobs Villages,Natalieland,Delaware,Niue
4473,Haley,Page,woodaaron@example.com,705 Andrew Fall Suite 310,Port Victoria,New Hampshire,Vietnam
4474,William,Harris,amarsh@example.net,3648 Bishop Coves Suite 041,Lisamouth,Utah,Honduras
4475,Henry,Williams,jennifer46@example.com,2281 Christopher Valley Apt. 171,Gonzalezbury,New Jersey,Cyprus
4476,Matthew,Young,shelbyward@example.net,135 Larry Fork Suite 445,Geoffreyberg,New Mexico,Guam
4477,Rebecca,Brown,kramerdaniel@example.org,5595 Hill Centers Suite 178,Joannatown,Arkansas,Tunisia
4478,Scott,Russo,mthomas@example.com,431 Ortiz Viaduct,Haleymouth,Tennessee,Sudan
4479,Austin,Blankenship,vmckay@example.com,91026 Garcia Passage,Lake Brian,West Virginia,Georgia
4480,Emily,Watkins,hallbarbara@example.com,58562 Smith Spring Suite 205,Edwardschester,Ohio,Falkland Islands (Malvinas)
4481,Robin,Mills,clifford98@example.org,2740 Tara Track,Weeksstad,Montana,Armenia
4482,Kevin,Graham,waltercooper@example.net,6500 Morton Junctions,East Samantha,Texas,Cape Verde
4483,Diana,Hill,mmarshall@example.org,62758 Erin Ridges,Port Jacob,Mississippi,Mongolia
4484,Larry,Gutierrez,whitemary@example.net,3490 Vincent Land Apt. 649,Port Michaelberg,Alabama,Guadeloupe
4485,Darryl,Garcia,mgonzalez@example.org,505 Beth Ramp,West Stevenport,Arkansas,Lao People's Democratic Republic
4486,Nicholas,Mercado,dmiller@example.org,3639 Williams Crest Apt. 820,Hallview,Arkansas,Fiji
4487,Linda,Allen,gibbstony@example.org,86188 Patrick Cape,New Douglas,North Carolina,Norway
4488,Joseph,Ferguson,brandychen@example.com,45906 Cole Bridge Suite 470,North Amy,New Hampshire,Zimbabwe
4489,Matthew,Taylor,reyeschristopher@example.org,44898 Lee Park Suite 363,Parkerburgh,Tennessee,Albania
4490,Joyce,Jenkins,frederick00@example.net,9016 Powell Plains,Davisview,Idaho,Yemen
4491,Robert,Reyes,greenamy@example.com,124 John Points,Olsonfort,New York,Niger
4492,Joseph,Osborne,carlos78@example.org,87568 Brooks Trail,New Pamela,Hawaii,Western Sahara
4493,Gavin,Floyd,tina79@example.net,62680 Matthews Springs,New Seanshire,Minnesota,Namibia
4494,Matthew,Buchanan,rmurray@example.net,093 Victoria Green,West Todd,Alaska,Mexico
4495,Hannah,Reyes,nsanchez@example.com,1867 Ryan Curve Suite 129,North Josephhaven,Alabama,Angola
4496,Michael,Wang,rallen@example.com,8283 Debra Mountains,West Daniel,South Carolina,Tunisia
4497,Dylan,Walker,jonespaul@example.net,79299 Kevin Skyway Apt. 394,Clarktown,Colorado,Estonia
4498,Angelica,Hughes,harold29@example.net,1887 Tiffany Point Suite 808,West Holly,Georgia,Canada
4499,Kristina,Freeman,pmoss@example.com,31475 Holly Village Apt. 304,Sharonstad,Wyoming,Czech Republic
4500,Christine,Friedman,amyschmidt@example.net,550 Kelly Course,South Ryan,Missouri,Chile
4501,Lisa,Hunter,dustinthomas@example.org,809 Timothy Lake,Sharonside,Utah,Iceland
4502,Ryan,Cooke,rhughes@example.net,9913 Huffman Village Suite 167,Lake Kimberlyview,Alabama,Falkland Islands (Malvinas)
4503,Amy,Stewart,alicia22@example.com,84301 Erin Courts Apt. 450,Wattsmouth,Ohio,Ecuador
4504,Gregory,Lopez,vbeard@example.org,90007 Davis Track Apt. 603,Lake Jeremyland,Louisiana,Finland
4505,Dwayne,Edwards,danielleperez@example.com,030 Jodi Fields,New Jamesmouth,Vermont,Isle of Man
4506,Jacqueline,Johnson,zgreene@example.org,83057 Farrell Fields Suite 492,Josephfort,Delaware,Sao Tome and Principe
4507,Debra,Leonard,kjones@example.net,23862 Thompson Lane Suite 775,Perkinsfurt,Alabama,Tonga
4508,John,Holmes,mccarthymichael@example.org,98109 Moore Common,Joelfurt,Illinois,Italy
4509,Wendy,Kim,christopher32@example.org,29882 Wilson Mount,Merrittstad,Montana,Uruguay
4510,Mark,Miller,liuricky@example.org,15526 Michael Lock Apt. 682,Porterside,New Mexico,Luxembourg
4511,Robert,Fletcher,yyork@example.org,116 Garza Run Suite 563,South Michael,South Carolina,Gambia
4512,Marco,James,kimberly74@example.com,05297 Henderson Fields,Samanthaport,Virginia,Morocco
4513,Larry,Sellers,zhartman@example.com,9593 Dustin Locks Apt. 062,Port Marisa,Alabama,Canada
4514,Katelyn,Richard,darin97@example.org,4230 Johnson Ferry Apt. 492,Port Brian,Virginia,Jersey
4515,Monique,Bell,samanthaellison@example.com,3890 Moore Plains Apt. 729,Perezmouth,North Dakota,Falkland Islands (Malvinas)
4516,Christina,Maynard,kristen20@example.net,8965 Amber Point Suite 825,Williamsonborough,Utah,Iran
4517,Veronica,Clements,whitejeremy@example.com,12345 Emily Estate Suite 842,Hodgehaven,Minnesota,Sudan
4518,Steven,Turner,tcombs@example.net,5329 Price Ways Suite 919,North Karenport,Alabama,Guernsey
4519,Scott,Spears,betty51@example.net,551 Jones Island,East Chadstad,Vermont,Libyan Arab Jamahiriya
4520,Michelle,Fox,abigail29@example.com,455 Javier Pines Suite 493,Jessicafort,Vermont,Oman
4521,Craig,Schneider,philip09@example.net,14304 Kane Station,Karenfurt,Pennsylvania,Hungary
4522,Shane,James,brianhuffman@example.com,634 Ronald Roads,Michaelbury,California,Mauritius
4523,Ryan,Mata,allisontracy@example.net,93645 Martha Key,Cobbville,Connecticut,Bhutan
4524,Andre,Evans,rebecca63@example.org,15926 Thomas Tunnel,Davidland,South Carolina,Kazakhstan
4525,Daniel,Carr,kpowell@example.com,7141 Ashley Junctions,Lake Nathanton,Utah,Syrian Arab Republic
4526,Samuel,Rodriguez,zimmermanmelinda@example.org,7877 Gray Village,Shannonmouth,New Jersey,Ukraine
4527,Sarah,Jennings,rachel35@example.net,773 Morales Throughway Apt. 621,New Michaelview,South Carolina,Vanuatu
4528,Tyler,Baird,vhuff@example.com,200 Smith Springs Suite 237,New Brandon,Tennessee,Korea
4529,Joseph,Davis,lewiskristine@example.net,9976 Cummings Drive Apt. 848,Williamsberg,South Dakota,Armenia
4530,Nicholas,Delgado,kathrynrobinson@example.net,91062 Smith Orchard,Fordmouth,Mississippi,Ethiopia
4531,Julie,Harrison,trevormoon@example.org,4872 Curtis Street Suite 085,Douglasborough,Ohio,Turkmenistan
4532,Cameron,Smith,alyssa08@example.org,55902 Michelle Burg Suite 984,Villarrealfurt,Arizona,Timor-Leste
4533,Justin,Fisher,schmidtashley@example.com,6691 Robinson Springs,South Sandra,Mississippi,Nicaragua
4534,Sherri,Murphy,kelsey46@example.net,5070 Ronald Rest Apt. 201,Brownburgh,Nevada,Cape Verde
4535,James,Ward,christophergraham@example.org,155 Lisa Radial,West Kenneth,Oklahoma,Paraguay
4536,Tina,Peterson,floresalexis@example.net,87767 Sandra Springs,New Kathy,Washington,Belarus
4537,April,Rodriguez,amiller@example.com,70653 Mike Field,Brookshaven,California,Saint Barthelemy
4538,Holly,Wilson,michael77@example.net,8908 Natalie Point Suite 829,New Davidton,Mississippi,Christmas Island
4539,Connie,Morales,wgonzales@example.com,1483 Brian Springs Suite 237,Jacksonshire,Connecticut,Burkina Faso
4540,Tom,Diaz,christinabrown@example.net,667 Romero Heights,Alyssafort,Nebraska,Haiti
4541,Christopher,Park,williamswilliam@example.net,816 Jenna Port Suite 635,South David,Alabama,Swaziland
4542,Lori,Guzman,tgould@example.com,200 Joshua Hills,Gallagherville,Florida,Bolivia
4543,Ronald,Weaver,roweelizabeth@example.net,1176 Stephen Meadow Apt. 300,South Wendymouth,Iowa,Iran
4544,Carlos,Lynn,nmeyers@example.net,182 Jenna Lane Suite 706,Howeport,Wisconsin,Malawi
4545,Hunter,Perez,hancockbrandi@example.org,4534 Betty Manors,Lake Tom,Hawaii,El Salvador
4546,Angela,Brown,markmartinez@example.org,425 Kimberly Wells,Lake Jessicaberg,Kentucky,Holy See (Vatican City State)
4547,Paul,Wright,william64@example.org,548 Fernandez Mills Apt. 171,Mooreside,Hawaii,Vanuatu
4548,Emily,Smith,ericabraun@example.com,013 Burnett Harbor Suite 950,North Jessicastad,Louisiana,Singapore
4549,Christopher,Christensen,timprice@example.net,71088 Teresa Lane Suite 850,East Michael,Hawaii,Tanzania
4550,Scott,Coleman,stephanie21@example.org,217 Timothy Forest,Jessicafort,Hawaii,Zambia
4551,Kaitlyn,Roberts,lynnolson@example.net,149 Church Trace Apt. 510,Williamsstad,Kansas,Mayotte
4552,Jennifer,Lozano,delgadochristopher@example.org,005 Moore Rest,Kellyport,Hawaii,Christmas Island
4553,Michael,Farley,russellfreeman@example.com,3017 Smith Landing,Ethanfort,Vermont,Saint Vincent and the Grenadines
4554,Natalie,White,bruce37@example.org,53434 Ian Road Suite 907,Grahamfort,New Hampshire,Austria
4555,Blake,Brown,moyermanuel@example.org,2726 Johns Cliffs Apt. 546,South Howard,Hawaii,Tunisia
4556,Devin,Santiago,nhall@example.net,908 West Skyway Apt. 144,Kaylafurt,Tennessee,Cuba
4557,Nichole,Mason,wrighttammy@example.net,619 Michael Path Apt. 058,Montgomerymouth,Delaware,Greece
4558,Carolyn,Ramirez,joyce94@example.com,64267 Stone Vista,Stephaniehaven,Connecticut,South Georgia and the South Sandwich Islands
4559,Edward,Herring,oscardaniels@example.com,00914 Simmons Tunnel Suite 231,West Lauraburgh,New Jersey,Antigua and Barbuda
4560,Michael,Henderson,duncanbridget@example.net,28666 Hodges Landing Apt. 444,Paultown,Minnesota,Sudan
4561,Nicole,Anderson,amcfarland@example.org,268 Leah Ridges Suite 959,Boydville,Georgia,Heard Island and McDonald Islands
4562,Zachary,Wilkins,charlesroman@example.net,168 Coleman Pike,Port Brendaland,Alaska,North Macedonia
4563,Kelsey,Davis,mcguiredaniel@example.net,413 Jacobs Oval Suite 787,Michaelchester,Florida,Finland
4564,Russell,Martin,uduncan@example.org,260 Nathaniel Key,New Robert,Virginia,Swaziland
4565,Jason,Delgado,john23@example.org,256 Olson Mission,New Kathyland,Montana,French Guiana
4566,Jennifer,Pena,fostercaleb@example.net,798 Sara Path,New Kathleen,Illinois,Bulgaria
4567,Raymond,Ruiz,djohnson@example.org,354 John Track Apt. 804,Johnston,Utah,Yemen
4568,Peter,Torres,rebeccalester@example.net,93615 Andrew Points Apt. 532,North Mariahbury,South Carolina,Botswana
4569,Charles,Buchanan,qsmith@example.com,2032 Susan Meadow,Bakerland,Ohio,Swaziland
4570,Aaron,Lopez,billy23@example.org,686 Simpson Inlet Suite 004,Port Davidshire,South Carolina,Chile
4571,Michael,Carter,joneskevin@example.net,30732 Andrews Forest Apt. 102,Rachelland,Colorado,Australia
4572,Michele,Williams,williamsabigail@example.com,77204 Daniels Extensions Suite 560,Stephenchester,Illinois,Myanmar
4573,Glen,Spencer,melissa13@example.net,5646 John Summit Suite 294,Emilyview,Wyoming,Lesotho
4574,Chris,Baker,roberthuerta@example.net,4566 Hood Lakes,Port Louis,Mississippi,Mozambique
4575,Angela,Jackson,michaelsally@example.net,8014 Hardy Crossing Apt. 676,Benjaminton,Florida,Lesotho
4576,Alexandra,Scott,hector03@example.net,3491 Margaret Glens,Palmerburgh,Delaware,Western Sahara
4577,Daniel,Reynolds,pmoss@example.com,030 Barbara Overpass Suite 670,Carpenterview,Washington,Senegal
4578,Jared,Hahn,christopher32@example.org,5684 Gay Manors,New John,Tennessee,Iraq
4579,John,Vang,williamswayne@example.com,37016 King Ford,New Gregoryside,Pennsylvania,British Indian Ocean Territory (Chagos Archipelago)
4580,Angela,Lawson,melissa45@example.net,08041 Johnson Camp,Port Clayton,Louisiana,United States Minor Outlying Islands
4581,Michael,Banks,hermankaren@example.net,1117 Kristi Gardens Apt. 702,North Brian,Minnesota,Brazil
4582,Jody,Hernandez,uwells@example.org,90448 Leslie Bridge,Port Jeremymouth,New Mexico,Madagascar
4583,Jill,Kelley,robertwright@example.com,664 Courtney Land,Jameschester,Wisconsin,Brazil
4584,Heather,Newman,hayesnathan@example.com,62202 Jennifer Hills Apt. 246,South Moniqueburgh,South Dakota,Timor-Leste
4585,William,Moore,fcraig@example.com,163 Gonzales Drives Apt. 688,South Stephanie,Vermont,Romania
4586,Julie,Torres,hlee@example.org,2415 West Extensions,Marcburgh,North Dakota,Chad
4587,Jacob,West,longmark@example.org,889 Dean Tunnel Suite 018,Hawkinsburgh,Montana,Gabon
4588,George,Gonzalez,johnortega@example.net,825 Allen Parks,East Lisa,Missouri,Yemen
4589,Erica,Stevens,michael12@example.com,71448 Carol Circle Apt. 056,Caroltown,Iowa,Honduras
4590,Martha,Mcmillan,emmafisher@example.net,4363 Brian Pike,Brandonville,Florida,North Macedonia
4591,Timothy,Harrington,alexandragibson@example.com,591 Myers Courts,Lake Sarahfort,Nebraska,Taiwan
4592,Lindsey,Campbell,gbennett@example.com,1178 Mann Motorway Suite 605,New Justin,South Dakota,Guadeloupe
4593,Melanie,Ford,robert23@example.com,8109 Eric View Apt. 927,East Eric,Arkansas,Saint Helena
4594,Roberto,Garcia,kristin29@example.com,9228 Park Mountain Suite 420,East Andrewmouth,Louisiana,Solomon Islands
4595,David,Larson,newmanstephanie@example.com,682 Andrew Ports Suite 097,North Robertshire,Vermont,Australia
4596,Mark,Beard,romerocatherine@example.net,382 Rachel Ville,East Chris,Louisiana,French Southern Territories
4597,Alexis,Ball,rasmussenchristine@example.org,564 Stephens Station Suite 623,Bowenburgh,New Jersey,Oman
4598,Jacob,Chapman,dlee@example.net,94815 Timothy Glen Suite 919,Angelaland,Kentucky,United States Virgin Islands
4599,Brandon,King,oestes@example.com,7361 Megan Meadow,East Priscillahaven,Massachusetts,Montenegro
4600,Joseph,Davis,ibeck@example.net,2761 John Knoll Apt. 351,Williamstown,Oklahoma,Djibouti
4601,Zachary,Brown,jvelasquez@example.com,4839 Brett Stream,Smithton,South Carolina,Sierra Leone
4602,Catherine,Edwards,smithshannon@example.org,1796 Mary Station,Kaylachester,Vermont,Sweden
4603,David,Johnson,joelschultz@example.net,29730 Charles Causeway Apt. 865,Teresahaven,Arizona,Bahrain
4604,Angela,Martin,tonybrown@example.com,325 Andrews Skyway,Lake Shanemouth,New Mexico,Sudan
4605,Jennifer,Holt,farleybrett@example.org,64526 Anthony Villages Suite 942,Lake Katherine,Idaho,Cameroon
4606,Amber,Johnson,michaelrichardson@example.net,951 Cunningham Junction Apt. 214,North Ashleyville,Illinois,Libyan Arab Jamahiriya
4607,Aaron,Bradley,sarajohnson@example.org,68590 James Orchard,South Bryanton,New Mexico,Myanmar
4608,Shannon,Hooper,joshuadunn@example.org,4824 Frank Dam,New Rachel,Washington,Bosnia and Herzegovina
4609,Corey,Bennett,ryanstephen@example.org,115 Adkins Summit,Waltersland,Nevada,Faroe Islands
4610,Rachael,Smith,ljackson@example.net,260 Alex Shoal,Williamsbury,Nevada,Papua New Guinea
4611,James,Jones,gmunoz@example.org,43266 Lindsey Prairie Apt. 668,Jodiside,New Mexico,Argentina
4612,Nancy,Smith,julie49@example.net,199 Michael Bypass Suite 364,East Michael,New Hampshire,Sweden
4613,Benjamin,Thomas,robert52@example.com,329 Hogan Fields Apt. 766,Williamsmouth,Minnesota,North Macedonia
4614,John,Cohen,evansdaniel@example.org,47476 Patton Manors,Lake Alyssabury,Illinois,Anguilla
4615,Christopher,Webster,nsmith@example.com,202 Hall Fields Apt. 558,Lake Andrew,Alabama,Bahamas
4616,Alan,Guzman,sarahalvarado@example.net,154 David Landing,Cummingsport,Iowa,India
4617,Justin,Foster,lflores@example.org,88243 Ball Parkways,Port Tiffany,Tennessee,Venezuela
4618,Stephen,Cooper,chadfields@example.net,3258 Beth Lights,Cooleyhaven,Rhode Island,Guinea
4619,Andrew,Wagner,kathryn10@example.net,1840 Julie Walks Suite 679,Michaelview,Arkansas,North Macedonia
4620,Linda,Short,davistammy@example.com,5862 Samantha Park Suite 282,Davisfurt,Minnesota,Fiji
4621,Lucas,Ward,fosterlindsey@example.net,9678 Murray Extension,Alexisview,Texas,Kenya
4622,April,Delgado,howardjoshua@example.org,4921 Robert Village Apt. 652,East Thomasshire,Montana,Azerbaijan
4623,Ernest,Gonzalez,rstrickland@example.org,9617 Griffin Way,Willisbury,Louisiana,Anguilla
4624,Sherri,Lewis,randy34@example.com,152 Matthew Landing,Port Erica,North Carolina,Somalia
4625,Calvin,Dixon,shaun55@example.com,314 Alex Lane,Lake Nicole,Colorado,Jersey
4626,James,Jones,slove@example.com,354 Vincent Street Suite 719,Lake Kevinfort,Vermont,Saudi Arabia
4627,Michael,Davis,gperry@example.net,1180 Julie Meadows Suite 092,Mitchellshire,Kentucky,South Georgia and the South Sandwich Islands
4628,Tracy,Francis,hickswillie@example.org,73307 Vega Summit,Fernandezport,California,Tokelau
4629,Gabriel,Heath,brianna75@example.net,75517 Gomez Springs,West Kevin,California,Gambia
4630,Shelley,Bolton,sarah99@example.com,927 Angela Cape,Lake James,Georgia,Seychelles
4631,Patrick,Thompson,stephaniehoffman@example.net,16363 Jeffrey Prairie,Wilkersonshire,South Carolina,Samoa
4632,Christopher,Lee,schroederjustin@example.net,44632 Jason Plaza,Alexanderfurt,Massachusetts,United States of America
4633,Cynthia,Duncan,harperrebecca@example.org,39736 Rachel Valleys Apt. 974,New Teresashire,Montana,Slovenia
4634,George,Dougherty,michaelthompson@example.com,911 Anna Parkways,Payneberg,Connecticut,Lithuania
4635,Michael,Davis,chapmandaniel@example.net,5510 Cathy Harbor Suite 950,North Elizabeth,New Mexico,Swaziland
4636,Kayla,Mitchell,vasquezashley@example.net,308 Michael Way Suite 174,Lake Alexis,Ohio,Belize
4637,Morgan,Brewer,rogerslindsey@example.net,75830 Lewis Rue Suite 202,Estradabury,North Dakota,New Caledonia
4638,Patrick,Elliott,tbaker@example.net,43911 Charles Locks,Port Kelsey,Utah,Syrian Arab Republic
4639,Ellen,Thomas,amorales@example.org,8842 Destiny Dam,North Stevenland,Rhode Island,Gabon
4640,Brandon,Velazquez,guzmanpaul@example.com,595 Jones Fall Apt. 800,Fieldsbury,Utah,Turkey
4641,Tracey,Schaefer,chelsea27@example.net,7858 Bell Neck,Lake Chris,Vermont,Guam
4642,Linda,Garner,wrightraymond@example.com,21768 John Curve Apt. 740,Ericland,Montana,Fiji
4643,Greg,Williams,goldenkatherine@example.com,39997 John Mills Suite 732,Elizabethland,West Virginia,Bahrain
4644,Joseph,Henry,bryanrose@example.org,7946 Robert Pike Apt. 324,Port Tiffanybury,Illinois,Panama
4645,Jonathan,Roberts,smithbreanna@example.net,2443 Ball Ramp,Wattstown,Oklahoma,Japan
4646,Rebekah,Romero,oreed@example.net,626 Penny River,Howellbury,Indiana,Malaysia
4647,Angel,Smith,corey94@example.org,1428 Williams Mountain,Matthewton,Arkansas,Cambodia
4648,John,Kemp,millerbrandon@example.org,75889 Gonzalez Throughway Apt. 694,Port Marybury,West Virginia,Tajikistan
4649,Thomas,Boyd,kristenlopez@example.org,78882 James Squares Suite 008,South Carla,Florida,San Marino
4650,Adam,Woods,vhansen@example.net,53067 Adrian Valley Apt. 374,Port Gary,California,Serbia
4651,Frank,Sutton,xfinley@example.org,70039 George Light,North Robert,Kansas,Chad
4652,Sara,Clark,michael03@example.com,2237 Brian Field Apt. 093,South Brenda,Ohio,Saint Pierre and Miquelon
4653,Tracy,Wilson,brittanygomez@example.org,28277 Michelle Manor,North Melaniefort,Washington,Mexico
4654,Susan,Turner,riverakevin@example.com,39036 Darlene Roads,Shannonfurt,Vermont,Tonga
4655,Christy,Miller,johngonzales@example.net,961 Brown Track Suite 443,Tammyport,Ohio,Saint Pierre and Miquelon
4656,Angela,Smith,wmcconnell@example.com,92901 Crystal Parks,Markchester,Virginia,Vietnam
4657,David,Butler,dallen@example.net,891 Peterson Knolls,South Kari,Indiana,Bahamas
4658,Michael,Mcdonald,allenalexandra@example.com,350 Erica Light,Edwardsland,Massachusetts,Bahrain
4659,Michael,Cannon,luke70@example.org,27395 Mark Glens Suite 446,West Kayla,Alaska,Mexico
4660,Jill,Martinez,johnhaynes@example.net,942 Boyd Underpass Apt. 256,West Andrewmouth,Pennsylvania,Yemen
4661,Jonathan,Smith,jlyons@example.com,083 Schneider Port,Hartmantown,Kansas,Japan
4662,Robert,Brown,martinezbrian@example.com,34244 Brooke Fields,West Adamside,Oregon,Hong Kong
4663,Jessica,Hart,lpage@example.org,0535 Sara Point,West Nathanview,Kentucky,Northern Mariana Islands
4664,Dylan,Larsen,xwilliams@example.org,98900 Bryan Forks,Lake Triciaton,Ohio,Palestinian Territory
4665,Ronald,Garner,jessica64@example.org,83409 Megan Pass,South Elizabeth,Idaho,Australia
4666,Mark,Chavez,sandersjulie@example.com,029 Joe Walk Apt. 932,New William,Connecticut,Croatia
4667,Tamara,Stein,tiffanyhurley@example.net,6990 Lauren Way Suite 673,Lake Nicholas,California,Norway
4668,Shannon,Garcia,cmorse@example.org,76932 Richardson Corners,West Meganhaven,Nebraska,Mongolia
4669,Jason,Bray,gbradley@example.org,904 Martin Isle Suite 688,Andrewburgh,Wisconsin,Gambia
4670,Tracey,Armstrong,georgewilliams@example.net,0028 Gregory Plains Suite 611,West Donald,Rhode Island,Georgia
4671,Mark,Williams,sarah32@example.net,37624 Brian Prairie,Ericmouth,North Dakota,Andorra
4672,Janet,Watkins,elizabethgarcia@example.net,00671 Justin Way Apt. 432,Port Eric,Rhode Island,Liechtenstein
4673,Jennifer,Webb,vparks@example.org,23715 Steven Spurs Suite 286,Lake Victoriaport,Ohio,Nauru
4674,Brian,Chaney,bradleycisneros@example.org,652 Stephen Mountains Apt. 650,Joshuaview,Oregon,Kiribati
4675,Latoya,Lee,epatterson@example.org,1372 Leblanc Common,New Tonishire,Connecticut,Uruguay
4676,Kayla,Parker,brookemcdaniel@example.org,2126 Gabriela Wells,Rothchester,South Carolina,Guinea-Bissau
4677,Anthony,Turner,matthew50@example.com,95376 Elizabeth Rest,South Deborahton,Florida,Uzbekistan
4678,Cassandra,Howell,shari65@example.net,1310 Alexandra Square,Ashleyside,Alabama,Iraq
4679,Brandon,Owens,rodriguezmichael@example.org,470 Riddle Hills,Lake Stephanieville,New Mexico,Martinique
4680,Ryan,Wilson,christy79@example.com,557 Keith Landing,Harrellhaven,Georgia,Cameroon
4681,Leonard,Meyer,robert24@example.net,3911 Sarah Key Suite 534,West Amandafort,West Virginia,Saint Barthelemy
4682,Yesenia,Hensley,peter87@example.com,3518 Robert Isle,East Jessicabury,Florida,Qatar
4683,Brittney,Garcia,owade@example.org,603 Rodriguez Heights Suite 905,Lake Robert,South Carolina,Peru
4684,Stephanie,Jones,daniellecarter@example.com,98641 Mccullough Station Apt. 001,East Stephenland,Alabama,United States Minor Outlying Islands
4685,Timothy,Hayes,wilsonaaron@example.org,8199 Matthew Pines,South Thomasmouth,Arizona,Guatemala
4686,Heather,Hunt,gmcdaniel@example.net,2980 Claudia Mall,Greenchester,Maryland,French Polynesia
4687,Rebecca,Mcdaniel,nancygarza@example.net,415 Zavala Stravenue Apt. 774,Port Alexander,Hawaii,Guadeloupe
4688,Brandon,Carter,ngallegos@example.org,267 Brenda Highway Suite 116,Grayton,South Carolina,Antarctica (the territory South of 60 deg S)
4689,Charles,Campbell,jreese@example.net,106 Andrade Crossing,South James,Idaho,Lebanon
4690,William,Bailey,ryanwood@example.org,67062 Hamilton Greens Apt. 601,Santiagoshire,Alaska,Guatemala
4691,Michael,Lewis,joneskeith@example.com,846 Noah Greens Suite 166,Davenportshire,New York,American Samoa
4692,John,Bradshaw,pamelabates@example.org,497 Michelle Lock,Wagnerland,Minnesota,Niue
4693,Krystal,Murray,garciaashley@example.com,726 Kramer Court Apt. 112,Gregorytown,Iowa,Timor-Leste
4694,Nicole,Taylor,collin93@example.org,496 William Fields,South Cathyborough,Missouri,Sweden
4695,Tracy,Lee,martinezdanielle@example.org,38819 Wendy Station,Johnmouth,Indiana,Latvia
4696,Michelle,Buckley,robinsontraci@example.com,34113 Jackson Brooks Apt. 816,Gordonstad,Oklahoma,Faroe Islands
4697,Jerry,Hart,melissawarren@example.net,73931 Jennings Well Suite 549,Fischerborough,New York,Belgium
4698,Jon,Schwartz,jbrown@example.com,551 Susan Fork Apt. 080,New Alexbury,Tennessee,Guinea-Bissau
4699,Alyssa,Green,alexanderhogan@example.org,439 Benjamin Walks,Ashleyport,Idaho,Honduras
4700,Ann,Stephenson,nicoleriley@example.org,733 Kristina Ridges Apt. 956,Barbaramouth,Arkansas,Swaziland
4701,Marilyn,Garcia,wrightalexander@example.net,519 Kelley Road,New Brian,Nevada,Bhutan
4702,Taylor,Vargas,santanarobert@example.net,60063 Diaz Cliff Suite 076,Willisstad,Rhode Island,Saint Helena
4703,Michael,Torres,mfernandez@example.org,24974 Kristin Throughway,Charlesfurt,Nebraska,Latvia
4704,Jennifer,Pearson,dyercharles@example.net,9383 Rangel Centers,Gallegoschester,Connecticut,Swaziland
4705,Lindsey,Jackson,mwatkins@example.org,2505 Pope Courts Suite 272,Nunezchester,Michigan,Tonga
4706,Elizabeth,Daniels,sarah62@example.net,700 Blake Crescent Suite 898,West Troy,South Dakota,Fiji
4707,Kristy,Brown,lindaalvarado@example.net,66187 Weiss Orchard,Dominguezhaven,New Mexico,Cote d'Ivoire
4708,John,Owen,sreyes@example.org,99742 Green Corner,West William,Oregon,Saint Lucia
4709,Zachary,Sullivan,larsenashley@example.org,597 Shirley Island,Caitlintown,Utah,Cape Verde
4710,Eric,Williams,robert73@example.com,6976 Morrow Roads Suite 556,New Kimberly,Arizona,Myanmar
4711,Jeffrey,Robinson,averymarie@example.com,5086 Gaines Forge Suite 237,Lake Haleyfurt,Louisiana,Cameroon
4712,Carolyn,Lawson,daniel42@example.com,7559 Sandra Knoll,Bruceshire,Washington,Zimbabwe
4713,Gary,Walker,qroberts@example.net,30930 Crystal Fort,Petersburgh,Ohio,Marshall Islands
4714,Charles,Jones,kimberlybrown@example.com,0044 Angela Parkway,Deborahtown,New Jersey,Senegal
4715,Richard,Martin,karenosborne@example.com,9745 Smith Road,Port Davidland,Iowa,Moldova
4716,Jamie,Kelley,craigjulia@example.net,8185 Hayes Squares Suite 027,New Loriland,North Carolina,Mauritius
4717,Leslie,Graham,robertsonabigail@example.net,47868 Tiffany Hill Suite 865,Lopezfurt,Nevada,Moldova
4718,Thomas,Marshall,candaceturner@example.com,825 Kaitlyn Coves,Ritamouth,Utah,Peru
4719,Pamela,Stanley,blevinsmark@example.com,1988 Garcia Plains Apt. 983,Lake Alexandria,California,China
4720,Andre,Jacobson,ryan54@example.org,4144 Pierce Parks Apt. 183,Port Samantha,West Virginia,Philippines
4721,Brandon,Sims,tara38@example.com,5195 David Corner,Randolphbury,Minnesota,Lebanon
4722,Brandi,Pham,jeremyryan@example.org,256 William Key,New Kathrynberg,South Carolina,Burundi
4723,Jesse,Campbell,patricia42@example.com,61157 Taylor Underpass,Glassview,Nevada,Guam
4724,Robert,Price,isingleton@example.org,18194 Christian Throughway Suite 241,Haileyton,Utah,Kyrgyz Republic
4725,Angela,Brown,reyesmonique@example.com,23983 Carolyn Knolls Suite 411,Port Jacobstad,Ohio,Angola
4726,Jessica,Stone,khanleslie@example.com,23563 Jennifer Squares Suite 764,Lake Nathan,Nebraska,Micronesia
4727,Jessica,West,drew72@example.com,486 David Land,Travisborough,Massachusetts,British Virgin Islands
4728,Wyatt,Horn,ihess@example.com,29832 Andrew Inlet Suite 045,Jonesmouth,Louisiana,Guyana
4729,Mark,Santiago,aaron43@example.org,3833 James Springs Apt. 560,Matthewtown,Georgia,Saint Helena
4730,Kimberly,Charles,susan33@example.org,838 Robertson Mountain,Port Kevin,Colorado,Cameroon
4731,Brenda,Brady,medinarachel@example.org,6993 Rhodes Stream,Andersonmouth,Florida,Sri Lanka
4732,Teresa,Gill,kevinrojas@example.net,188 Amanda Crossroad,New Arianaberg,Georgia,Niue
4733,Christopher,Evans,cmoody@example.org,56967 Annette Heights Suite 183,South Carolyn,Virginia,Ireland
4734,Theresa,Bradley,lisamitchell@example.com,370 Amanda Route,West Sheilaville,Idaho,United Arab Emirates
4735,Nicholas,Adams,adam46@example.net,777 Melvin Lakes,Lake Jose,Colorado,Netherlands
4736,James,Bass,tiffany83@example.net,2723 Kevin Avenue Suite 020,North Georgeshire,Colorado,Qatar
4737,Xavier,Harvey,ryan24@example.net,127 Judy Lock Apt. 552,North Maryville,West Virginia,Libyan Arab Jamahiriya
4738,Joshua,Sanchez,lrobinson@example.com,500 Perez Loaf,Mendozastad,Florida,British Virgin Islands
4739,Jeremy,Mcintosh,gyoung@example.com,9980 Scott Underpass Apt. 500,Evansmouth,Pennsylvania,Nauru
4740,Erin,Ortiz,joshualee@example.org,3831 Baker Inlet Apt. 702,North Nathaniel,Arizona,Tokelau
4741,Daniel,Perez,krameramy@example.com,5908 Richard Island,Parrishborough,California,Jamaica
4742,Megan,Dixon,mhogan@example.org,7006 Johnson Valley Suite 504,Juliefort,Nebraska,Italy
4743,Ricardo,Alvarez,icochran@example.org,163 Denise Overpass,Karlview,Pennsylvania,Iraq
4744,Patricia,Richard,jfrost@example.org,40768 Haas Loop Suite 640,Kristenchester,Oklahoma,Austria
4745,Karen,Johnson,aacosta@example.com,78549 Jones Trail Apt. 886,East Rita,Maryland,Swaziland
4746,Sierra,Patel,phillip80@example.net,397 Alvarado Street Suite 608,Virginiafort,South Carolina,Brunei Darussalam
4747,Aaron,Black,donald71@example.net,45147 Hoffman Mountain,Woodbury,Wyoming,Turkey
4748,Danielle,Miller,sherritaylor@example.net,71459 Emily Court Suite 541,Robertoland,New York,Lao People's Democratic Republic
4749,Michael,Guzman,annemaxwell@example.com,637 Hernandez Shoals,Brendaville,Nebraska,Aruba
4750,Brian,Ellis,mccormickjohn@example.org,018 Cooper Forge Suite 597,Kochburgh,Wyoming,Liberia
4751,Billy,Dillon,joseph00@example.net,82668 Robert Stream,Darryltown,Delaware,Cayman Islands
4752,Richard,Harris,madisoncollins@example.net,924 Kimberly Port Apt. 689,Littlefurt,Oklahoma,Namibia
4753,Whitney,Martinez,timothy62@example.com,59093 James Crescent,West Elizabethport,New Jersey,Brazil
4754,Joshua,Bond,colemancharles@example.net,1168 Harris Hollow Suite 982,East Daryl,Montana,Ukraine
4755,Randy,Morales,fernandezheather@example.com,815 Rhonda Mountains Suite 918,East Jameschester,Iowa,Bolivia
4756,Helen,Graham,madelinegomez@example.org,7667 Tina Court,Taylorstad,Idaho,Malaysia
4757,Tyler,Robinson,klinematthew@example.net,11507 Hicks Camp Apt. 207,Port Mark,Indiana,Lebanon
4758,Joshua,Quinn,spenceadam@example.org,9327 Richard Spur,Cynthiaside,Michigan,Sudan
4759,Steven,Taylor,amymyers@example.net,816 Dawson Curve Suite 547,Murphyberg,Massachusetts,Tonga
4760,Eric,King,ryan85@example.net,0858 Richard Overpass,New Heather,Kansas,Aruba
4761,Catherine,Parker,theresa21@example.net,316 Williams Vista Suite 772,Hernandezland,Vermont,Bahamas
4762,Mary,Bryan,christopher06@example.org,8228 Lawson Trace Apt. 641,Lake Andrew,Georgia,Zambia
4763,Christy,Copeland,bethanypalmer@example.net,291 Marshall Neck,Christopherchester,Pennsylvania,Cook Islands
4764,Debra,Vazquez,kelly50@example.org,878 James Square,Davidmouth,Rhode Island,Bermuda
4765,Savannah,Randall,rebekah34@example.net,71231 Johnson River Suite 463,Cruzfort,Oklahoma,Belarus
4766,Claire,Arias,melissahenry@example.com,0689 Laura Tunnel,East Jacob,Pennsylvania,San Marino
4767,Phillip,Mason,lisascott@example.com,39669 Maxwell Street Apt. 860,Davidmouth,Kentucky,Zimbabwe
4768,William,Campos,yjohnson@example.net,96624 Wilson Pine,Lake Jasontown,Massachusetts,Norfolk Island
4769,Kaitlyn,Matthews,melendezdanielle@example.com,810 Brooks Plains Apt. 206,Port Jeanettechester,Utah,Bangladesh
4770,Kelly,Montes,davismelissa@example.com,3942 Mcknight Plain,Loganstad,North Carolina,Mali
4771,Jonathan,Gonzales,alexparker@example.net,280 Watkins Lodge Suite 903,Ashleyshire,Michigan,Benin
4772,Kaitlyn,Jones,johnking@example.com,007 Darrell Stream Suite 422,Edwardsberg,Virginia,Croatia
4773,Lauren,Wolf,qharper@example.com,725 Scott Grove Suite 003,Wardton,Alaska,Brazil
4774,Jennifer,Warner,sfuller@example.com,27121 Conner Underpass Apt. 356,Port Aaronburgh,Tennessee,Kazakhstan
4775,Shannon,Sheppard,btorres@example.net,92363 David Road Suite 092,Ballton,New York,Philippines
4776,Stephen,Nguyen,rchan@example.org,4890 Matthew Shore Apt. 987,Ortizshire,Washington,Chile
4777,Deborah,Adams,daltonmonroe@example.org,7512 Sara Island Suite 087,Hudsonburgh,Oklahoma,Zambia
4778,Kayla,Johnson,rebeccarodriguez@example.org,9738 Garcia Island Suite 948,New Vanessaberg,Washington,British Virgin Islands
4779,Kaylee,Arias,christine30@example.org,8427 Weber Parks,Dicksonfort,Idaho,Saint Helena
4780,Donna,Johnson,nelsonemma@example.org,9761 Phillips Shoals,Victoriaview,North Dakota,Samoa
4781,Zachary,Johnson,garciatiffany@example.com,96877 Sheila Stravenue,East Aaronborough,Idaho,Mali
4782,Sarah,Walton,wileyjane@example.net,194 Bowers Green,Davidville,Montana,Brunei Darussalam
4783,Edwin,Stevenson,mariobooker@example.com,619 Jennifer Squares Suite 562,Kevinberg,Virginia,Australia
4784,Alison,Best,aaron41@example.net,04798 Lisa Summit,Baileytown,Missouri,Bangladesh
4785,Philip,Howard,rodney34@example.net,633 David Heights Suite 875,North Garytown,Hawaii,Saint Lucia
4786,Karen,Russell,robert93@example.org,65556 Phillip Rapid Apt. 543,Roseport,Florida,Guam
4787,Jared,Parrish,corey34@example.com,301 Peterson Glen Suite 145,Loveberg,Delaware,Cambodia
4788,Kenneth,Ward,danielle96@example.org,39508 Wheeler Courts Suite 955,Judithbury,Ohio,American Samoa
4789,Stacey,Solomon,rrangel@example.org,4237 Gonzalez Curve,East Vincent,Kentucky,Yemen
4790,Christian,Gillespie,leslierice@example.net,6634 Ramos Divide,South Barbara,Arizona,Pakistan
4791,Jennifer,Ford,annette33@example.com,091 Andrews Crossroad,South Vanessastad,New Mexico,Brazil
4792,Christian,Peck,epaul@example.net,1869 Courtney Isle,Kennethberg,Utah,Bangladesh
4793,David,Lindsey,cynthiawilliams@example.com,18979 Peter Harbors Apt. 214,Millermouth,South Carolina,South Georgia and the South Sandwich Islands
4794,Jamie,Black,brownvanessa@example.org,647 Edwin Harbors,East Laura,Colorado,French Guiana
4795,Amanda,Keith,brandiclark@example.org,9476 Jessica Harbor Apt. 443,South Reginaldton,Maryland,Nigeria
4796,Jason,Carlson,adriana40@example.org,8983 Murphy Plaza Apt. 632,Atkinsville,Rhode Island,Belgium
4797,Ashley,Gomez,shelleyjones@example.org,8238 Watson Rapids Suite 102,North Kristinafurt,Wyoming,Slovenia
4798,Jeffrey,Roberts,ellisanna@example.org,61788 Shelley Center,Josephville,New Mexico,Comoros
4799,John,Webster,christopherwarner@example.org,54541 Stephens Ports Apt. 727,Baileyton,Alaska,Dominican Republic
4800,Aaron,Rodriguez,rodriguezsteven@example.net,28255 Young Inlet Apt. 255,West Gregory,South Carolina,Zambia
4801,Meghan,Miller,okline@example.org,9907 Rodney Oval Suite 832,North Amberbury,Illinois,Mauritius
4802,Jeffrey,Medina,kaitlyn51@example.com,3150 Jackson Street,Jessicaberg,Montana,Portugal
4803,James,Mccoy,raymondsanchez@example.net,066 Freeman Forks Apt. 841,South Edward,Vermont,Canada
4804,Nathan,Patterson,elambert@example.org,227 Duncan Plaza,North Cindy,Connecticut,Venezuela
4805,Jeremiah,Jackson,jenna93@example.org,00183 Jorge Points,Millermouth,Vermont,Chad
4806,Patricia,Anderson,michael91@example.net,6508 Belinda Junction Apt. 469,Brentstad,Massachusetts,Dominica
4807,Johnny,Smith,tina00@example.com,171 Diana Orchard Suite 237,East James,South Carolina,Netherlands Antilles
4808,Joseph,Peterson,anne52@example.org,212 Sandra Cove,South Shelleyview,Illinois,Cook Islands
4809,Belinda,Cohen,fgarcia@example.net,80166 Julie Walk,Saundersville,Michigan,Slovakia (Slovak Republic)
4810,David,Baker,pking@example.com,1552 Bartlett Lakes Apt. 049,West Danielleborough,North Carolina,Andorra
4811,Christopher,Stone,psantos@example.com,56976 Stacy Points Apt. 821,North Lisa,Arizona,Slovakia (Slovak Republic)
4812,Trevor,Brown,qturner@example.org,9929 Valerie Point,Josephtown,Connecticut,New Caledonia
4813,Julie,Lucas,garciarobert@example.com,14266 Anthony Pine Apt. 920,Lake Brooke,Colorado,Maldives
4814,Linda,Logan,santostraci@example.net,131 Haley Turnpike Apt. 916,Toddside,Montana,Niue
4815,Mark,Miller,uwoodward@example.com,845 Miller Causeway,East Jason,Nebraska,Uruguay
4816,Lisa,Cummings,scottfleming@example.com,0964 Burke Forge Apt. 908,South Michelleport,Maine,Niger
4817,Amber,Winters,ywalker@example.org,68028 Taylor Lodge Apt. 718,Christopherborough,Oregon,Philippines
4818,Cynthia,Johnson,tammyalvarado@example.org,17451 Lisa Bridge,Jonesborough,Washington,Qatar
4819,Michelle,Snyder,margaretdavis@example.net,773 Bauer Fall Apt. 860,North Stephaniefurt,Minnesota,Timor-Leste
4820,Michelle,Reese,boylemeagan@example.org,0812 Jack Fort,Deannamouth,New Mexico,Chile
4821,Heather,Jacobs,batescody@example.com,4488 Jesus Shore Apt. 378,Port Eric,Mississippi,San Marino
4822,Kylie,Smith,michaelsteven@example.net,0368 Morris Centers,Denisemouth,Vermont,Nicaragua
4823,Olivia,Diaz,tkline@example.net,857 Theresa Parkway Suite 815,Zacharyton,Alaska,Puerto Rico
4824,James,Nguyen,aaronporter@example.com,99718 Lynch Island,North Xavier,New Hampshire,Jamaica
4825,Jeffrey,Olson,connie77@example.org,3811 Hill Springs Apt. 016,Elizabethshire,Illinois,Ecuador
4826,Sarah,Duke,odunn@example.com,97288 Emily Well,Carolynside,Arkansas,Georgia
4827,Tammy,Lee,markmann@example.org,6380 Bruce Path,West Richard,Colorado,Taiwan
4828,John,Randolph,lucaschristopher@example.org,3280 Ruiz Flat,Hannahberg,North Dakota,Kuwait
4829,Andrew,Schneider,tinadavis@example.org,8090 Zuniga Station Apt. 211,South Richard,Iowa,Palestinian Territory
4830,Joshua,Jimenez,fphillips@example.com,50912 Vargas Land Apt. 326,Vegaborough,Rhode Island,Ghana
4831,Kevin,Fox,ramirezjeffrey@example.com,4091 Moore Hills Apt. 400,Brownbury,Arkansas,Macao
4832,Jennifer,Manning,xwood@example.org,5698 Young Corners,Thomasfurt,New Hampshire,Cyprus
4833,William,Campbell,bellcarlos@example.com,455 Herman Pike,Nelsontown,Wyoming,Taiwan
4834,Michael,Harris,shelby79@example.com,80640 Pierce Radial,East Carmenborough,Wyoming,Saint Pierre and Miquelon
4835,Alec,Singleton,penajames@example.net,70996 Robert Mews,New Mary,Missouri,Mauritius
4836,Margaret,Pacheco,angela88@example.net,615 Padilla Keys,Dakotaville,South Dakota,Liberia
4837,Tonya,Fields,inewman@example.com,4589 Davis Underpass Suite 521,Chambersside,Arkansas,Jordan
4838,Mark,Garcia,fryamy@example.net,351 Erica Mall,North Julieport,Indiana,Greenland
4839,Laura,Robbins,robinsonjames@example.net,875 Ashley Terrace Apt. 632,Kimberg,Alaska,Bulgaria
4840,Laura,Clark,robinsonbrittany@example.com,51821 Kennedy Creek,Andrewview,Illinois,China
4841,Tyler,Harris,pruittjohn@example.org,004 Fowler Row Apt. 786,West Melissa,New Jersey,Greece
4842,Jeremy,Morgan,brandonortega@example.com,82666 Frederick Flats,Lake Erin,Utah,Benin
4843,Ashley,Meyers,derek46@example.org,7305 Smith Pike Apt. 259,West Eileenhaven,Washington,Tunisia
4844,Julie,Dean,rachael81@example.com,2401 Tyler Isle,East Courtneyhaven,Washington,Bhutan
4845,Justin,Taylor,ehenson@example.org,48016 Danny Rest,Douglashaven,Mississippi,Chile
4846,Samantha,Ferguson,xwilliams@example.org,09158 Matthew Expressway,West Barbaraberg,Wisconsin,Dominican Republic
4847,Steve,Payne,michaelsmith@example.com,7560 Willie Locks Suite 360,Port Derrickport,Louisiana,Botswana
4848,Amanda,Gonzalez,escobartaylor@example.com,5901 Juarez Extension Suite 090,East Jamesstad,Alabama,Lesotho
4849,Morgan,Hayes,cmiller@example.com,9857 Maynard Roads Suite 407,Dennisport,Idaho,Afghanistan
4850,Keith,Jordan,tsherman@example.net,81384 Joseph Divide,Port Brandonfort,South Carolina,Lesotho
4851,John,Mcgee,ginarodriguez@example.com,090 Reynolds Roads,East Erica,Rhode Island,Taiwan
4852,Kenneth,Leblanc,grantroy@example.com,2933 Collier Grove,New Stephen,Wisconsin,Saint Lucia
4853,Monica,Arroyo,dunnleslie@example.com,239 Long Cape Suite 841,Perkinsbury,Kansas,Argentina
4854,Jack,Davis,sheenamiller@example.org,7593 Perez Village,Hammondville,Maine,Thailand
4855,Aaron,Hawkins,murphynicole@example.net,1340 Laura Keys,Port Stacey,California,Lithuania
4856,Thomas,Moran,copelandsamantha@example.com,8227 Davis Knoll Suite 200,Dennisstad,South Carolina,Slovenia
4857,Brittany,Lam,huntmary@example.net,99230 Megan Square Apt. 768,Thompsonton,Utah,Oman
4858,Kimberly,Cline,hawkinsamy@example.net,139 Sarah Streets Apt. 836,Mitchellmouth,Massachusetts,Guinea-Bissau
4859,Mark,James,emily03@example.net,8514 Nathaniel Mill Apt. 236,North Juliaside,North Dakota,Micronesia
4860,Sara,Harmon,courtneyflynn@example.net,35310 Melinda Turnpike,Theodoreport,Michigan,Portugal
4861,Jennifer,Henderson,ericastewart@example.org,3901 Williams Neck Apt. 559,Millerville,Texas,Japan
4862,Briana,Hess,garciajeff@example.com,86918 Tiffany Island,Washingtonmouth,Georgia,Malawi
4863,Jennifer,Jones,geverett@example.com,597 Gutierrez Dale Suite 300,Patriciabury,Colorado,Nauru
4864,Ricky,Rios,autumnallen@example.net,5974 Fernando Ways,East Donaldbury,Hawaii,Kazakhstan
4865,Dale,Duncan,derekeverett@example.net,328 Khan Falls Apt. 346,Port Sheri,Vermont,Rwanda
4866,Ernest,Cook,kristinbell@example.com,05642 Cynthia Gateway,West Rebeccaberg,Delaware,Maldives
4867,Michelle,Mooney,kgreen@example.net,2118 Gonzales Shore,Paceburgh,Massachusetts,Iraq
4868,Joseph,Stevens,michelle14@example.org,21547 Joseph Vista Suite 961,South Katelyntown,Maine,Argentina
4869,Jennifer,Rodriguez,dcunningham@example.com,311 Kaitlyn Corners,Crystalburgh,West Virginia,Vietnam
4870,Christopher,Cordova,natashagallegos@example.org,3022 Chan Falls Apt. 449,Williamsside,Florida,Myanmar
4871,Gerald,Gutierrez,nicholasray@example.net,52103 Brandon Ramp,Lake Karentown,Delaware,Ghana
4872,Andrew,Sawyer,davidcook@example.org,0988 Edwards Forge Suite 901,South Marcusfort,Vermont,Korea
4873,Anthony,Harris,brianparker@example.net,645 Benjamin Crossing Apt. 620,Angelicafurt,Idaho,Chile
4874,Darryl,Collier,ballardbob@example.net,40069 Short Cove Suite 751,Port Michael,Pennsylvania,Northern Mariana Islands
4875,Alejandro,Sullivan,ronaldmurphy@example.org,4705 Colon Meadow,East Jessicachester,Georgia,Saint Kitts and Nevis
4876,Michele,Benson,mike43@example.com,6667 Gonzalez Fork Apt. 208,Port Stacystad,Virginia,Korea
4877,Matthew,Flores,ereynolds@example.com,171 Monica Meadows,North Michaelland,Massachusetts,Russian Federation
4878,William,Simon,phoward@example.org,1651 Silva Via,South Timothychester,New York,Papua New Guinea
4879,Crystal,Robinson,fkim@example.org,9623 Patrick Circles Suite 530,West Daniel,South Carolina,Tuvalu
4880,Bryan,Simon,daviskatherine@example.com,334 Webb Falls Apt. 252,East Scottburgh,Michigan,Peru
4881,Derrick,Flynn,kennedyphillip@example.net,8306 Jennifer Plaza Suite 172,Ryanburgh,Kansas,Canada
4882,William,Miller,beckerjohn@example.net,3639 Schmidt Springs Apt. 108,West Alexandrachester,Wisconsin,United States Minor Outlying Islands
4883,Erin,Smith,mercadokimberly@example.com,11194 Williams Heights Apt. 900,North Tonyaview,South Carolina,Tanzania
4884,Jose,Martin,timothy61@example.net,563 Tammy Grove Apt. 513,Lake Logan,Rhode Island,Eritrea
4885,Andre,Green,djones@example.net,9965 Kyle Knoll Apt. 897,New Williammouth,Rhode Island,Lao People's Democratic Republic
4886,Marissa,Fox,emily12@example.com,948 Jeffrey Lock,Cindystad,California,Afghanistan
4887,Hannah,Evans,gingram@example.com,006 Joseph Landing,Dawnmouth,Florida,Saint Kitts and Nevis
4888,Stephanie,Haley,bduncan@example.org,9112 Nathan Harbor Suite 484,Brendabury,Virginia,Guinea
4889,Daniel,Howard,kenneth12@example.com,53075 Kelly Cove,Allenville,Wyoming,San Marino
4890,Ashley,Robles,daniel71@example.net,2431 Amber Villages,East Jessica,Michigan,Costa Rica
4891,Barbara,Washington,millersamantha@example.org,05760 Arthur Green,Morganborough,Arizona,Luxembourg
4892,Rachel,Wright,john62@example.com,858 Sandy Highway Suite 891,Tamaratown,Georgia,Comoros
4893,Peter,Taylor,timothykeith@example.com,680 Jeremy Square Apt. 045,Lake Johnland,Delaware,Kyrgyz Republic
4894,Maria,Wilson,katkins@example.net,99051 Richard Light,South Molly,Minnesota,Tokelau
4895,Rodney,Kelley,beckerdonna@example.org,3260 Sean Estates,New Ian,Tennessee,Bangladesh
4896,Paul,Garrison,justin45@example.org,197 Jefferson Circles Suite 801,Kathrynville,Mississippi,Syrian Arab Republic
4897,Joan,Lee,jessicascott@example.org,954 Robert Fields Suite 369,Victorfort,Delaware,Honduras
4898,Robert,Wagner,evelyn76@example.net,6891 Wallace Vista Apt. 088,New Tonimouth,Delaware,Puerto Rico
4899,Cheryl,Miles,leeheather@example.net,1225 Hamilton Vista Apt. 323,Madisonport,Hawaii,Liechtenstein
4900,George,Mcdonald,leejamie@example.net,387 Nathan Junction Suite 964,Arthurburgh,California,Portugal
4901,Denise,Flores,kwilliams@example.com,3284 Heather Forest,New Monicaport,North Dakota,Guinea-Bissau
4902,Justin,Montgomery,glennowens@example.com,18700 Kimberly Squares Apt. 219,Marksland,Iowa,Libyan Arab Jamahiriya
4903,Laura,Sloan,spencerreed@example.org,96286 Alfred Point Suite 547,Lake Kylechester,Illinois,Jamaica
4904,Karen,Johnson,ehunt@example.com,99765 Cunningham Drive,West Amyport,South Carolina,Hungary
4905,Lisa,Figueroa,phyllis74@example.com,232 Sarah Fall,East Joseph,Kentucky,Malaysia
4906,Bridget,Greer,zreynolds@example.com,65815 Kristy Rapid Suite 377,Carlybury,Massachusetts,Niue
4907,William,Miranda,jamie56@example.com,7129 Johnson Creek,Millerbury,Kentucky,Turks and Caicos Islands
4908,Paula,Roy,steven10@example.com,2683 Monroe Harbors,Lake Staceyfurt,Wisconsin,Poland
4909,Eduardo,Jones,hshelton@example.org,1333 Victoria Locks,West Richardport,Indiana,Montserrat
4910,Jeffrey,Spencer,stephanierogers@example.net,42391 Kathleen Causeway Apt. 275,East Johnside,West Virginia,Guinea-Bissau
4911,Manuel,Pham,barry02@example.net,3096 Dickson Stream,Lopezberg,Massachusetts,Timor-Leste
4912,Wendy,Stevens,lindsayvilla@example.com,16204 Black Wells Suite 202,Laurenfurt,Illinois,Saint Pierre and Miquelon
4913,James,Davis,james24@example.net,301 Mccoy Tunnel Apt. 562,Port Carmenmouth,Hawaii,Iraq
4914,Gloria,Johnson,andrewkeller@example.org,785 Romero Corner,West Donnabury,Massachusetts,Guinea-Bissau
4915,Kevin,Hill,thomashuerta@example.net,529 Heather Burgs,Port Krystal,Alabama,Svalbard & Jan Mayen Islands
4916,Alexander,Johnson,turnerlinda@example.com,1814 Scott Well,Danielberg,West Virginia,Peru
4917,Heather,Martin,holmesmatthew@example.net,62367 Rodney Orchard,North Michael,Virginia,Turkey
4918,Ariel,Cannon,ronaldcobb@example.org,1019 Webb Grove,Angelaborough,Colorado,Brunei Darussalam
4919,John,Singleton,ryan53@example.com,35354 Randy Meadow Apt. 923,South Josephborough,Texas,Belarus
4920,Karen,Miller,ericadams@example.org,3695 Liu Passage,Allisonmouth,Pennsylvania,Panama
4921,Paul,Sweeney,carriemiranda@example.net,4126 Jennifer Road Suite 274,Smithmouth,Illinois,Antarctica (the territory South of 60 deg S)
4922,Katie,Frazier,brianjohnson@example.com,59306 Williams Underpass Apt. 160,North Alexis,Tennessee,Mozambique
4923,Mark,Klein,iolson@example.net,698 Jones Underpass,North Kathleenshire,Illinois,Gibraltar
4924,Mercedes,Aguilar,andersoncameron@example.org,8688 Jennifer Groves Apt. 413,South Brentberg,Nevada,Singapore
4925,Madison,Ramos,andrew25@example.net,2491 Danny Corners Apt. 580,Lake David,Texas,Djibouti
4926,Carly,Glover,lesliefoster@example.net,4679 Jessica Place Apt. 063,North Tonyaville,Rhode Island,Vanuatu
4927,Joseph,Parker,olsonjimmy@example.org,364 Wilcox Crossroad Suite 632,Christopherhaven,Wisconsin,Serbia
4928,Johnny,White,markschroeder@example.com,293 Jesse Harbor Suite 803,Michaeltown,Arizona,Niger
4929,Pamela,Jordan,dannywilliams@example.com,6733 Cody Junctions Suite 791,Port Allison,Maryland,Andorra
4930,Wendy,Palmer,nicholas08@example.net,74248 Jasmine Shore Suite 019,Walshchester,Virginia,Vanuatu
4931,Mary,Hardy,cookwendy@example.org,652 Kim View,Lake Sydneystad,Washington,Holy See (Vatican City State)
4932,Michael,Roth,erica67@example.org,89681 Heather Villages,East Jenna,Iowa,Micronesia
4933,Peter,Davenport,whendrix@example.net,883 Victor Dale,South Shelley,Alaska,Colombia
4934,Michael,Murphy,dianafrazier@example.org,9419 Nguyen Wall Apt. 711,West Stevenfort,West Virginia,Bahrain
4935,Barbara,Thomas,pruittlindsay@example.com,3359 William Freeway Apt. 326,Mikaylachester,Minnesota,Mozambique
4936,Tara,Roy,davidnguyen@example.org,7898 Baker Crest Apt. 230,Martinland,Arizona,Heard Island and McDonald Islands
4937,Carmen,Stone,bruce93@example.com,287 Javier Passage Apt. 640,Kleinstad,Wisconsin,Spain
4938,Erica,Smith,danieltate@example.net,3927 Mccarthy Trace Suite 862,West Zacharytown,Wyoming,French Polynesia
4939,Bryan,Perry,coreyleon@example.net,501 John Avenue,South Patricia,New Mexico,Norway
4940,Jay,Moore,dmurray@example.net,2145 Daniel Skyway Apt. 404,Webbfort,Massachusetts,Latvia
4941,Kara,Kelly,jacksonjackson@example.com,618 Allen Ports,Joannaton,North Carolina,Tuvalu
4942,Brandon,Johnson,ogreene@example.org,69674 Robert Track Apt. 876,Harrisonside,West Virginia,France
4943,James,Wilson,melindaobrien@example.com,2827 Chapman Curve Apt. 618,Jonesmouth,Maryland,Oman
4944,Dawn,Knight,nancy42@example.org,388 Meyer Squares,Goldenville,Oregon,Japan
4945,Joseph,Beasley,kaitlyn07@example.org,2313 Edward Vista,Port Leslie,North Dakota,Saint Pierre and Miquelon
4946,Gabriela,Quinn,stewartanthony@example.com,97778 Jeremy Estate Suite 355,Port Lisaport,South Carolina,Singapore
4947,Tom,Reynolds,alexperkins@example.net,453 Becker Rapids Apt. 580,Rachaelhaven,Kentucky,Faroe Islands
4948,Tony,Moore,hopkinsandrea@example.org,970 Sara River Apt. 910,Tylerport,Wyoming,Saint Lucia
4949,Mark,Branch,fbray@example.org,4203 Ryan Drive Suite 194,North John,Iowa,Uzbekistan
4950,Patrick,Blackwell,jessica27@example.org,6975 Brandon Fields Suite 198,Raystad,Oregon,Argentina
4951,Cynthia,Hall,paulpowell@example.net,423 Jeremy Prairie Apt. 749,New Davidshire,Kansas,Zimbabwe
4952,Jonathan,Johnson,patrick49@example.com,9151 Jerome Trail Suite 896,Port Michael,Rhode Island,Nauru
4953,Michael,Vasquez,newmanjennifer@example.com,1402 Donna Turnpike Suite 307,Gilesmouth,Nebraska,Congo
4954,Sarah,Turner,jenniferflores@example.org,955 Wong Neck Suite 875,Bookerberg,Illinois,Panama
4955,Frederick,Jackson,robinsonthomas@example.net,301 James Island,New Carol,Rhode Island,Sierra Leone
4956,Holly,Murphy,joshua07@example.com,66055 Justin Park,East Jay,New Jersey,Antigua and Barbuda
4957,Andrea,Lopez,bakerjeffrey@example.org,74579 Cox Common,North Cristian,Wisconsin,Romania
4958,Miguel,Anderson,melody32@example.org,237 White Crescent,North George,Arizona,Switzerland
4959,Katherine,Hess,patty09@example.net,782 Billy Route Suite 819,East Victoriaborough,Missouri,France
4960,Lori,Reed,buckbrenda@example.net,519 Elizabeth Manors,Lake Shelby,Connecticut,Ethiopia
4961,Leah,Jones,aliciaallen@example.com,44124 Jamie Squares Suite 527,West Gabrielmouth,Indiana,Poland
4962,Jill,Luna,marquezjuan@example.net,9280 Mccarthy Lane,North Melissa,New Mexico,Pakistan
4963,Timothy,Cummings,ckeith@example.net,731 Garcia Skyway,Laurenland,Maryland,Brunei Darussalam
4964,Ryan,Clark,smithnatasha@example.com,2053 Elizabeth Point,New Nicholasstad,Massachusetts,Tokelau
4965,Michael,Nguyen,jonathan53@example.org,9147 Anthony Highway Apt. 574,Brianstad,Alabama,Slovakia (Slovak Republic)
4966,John,Lucas,msanchez@example.com,8449 Lopez Villages,West Heather,North Dakota,Namibia
4967,Amber,Doyle,angie21@example.net,203 Ramirez Ports Apt. 780,Rowlandfort,Missouri,Luxembourg
4968,David,Nguyen,zroach@example.com,08606 Berry Isle Apt. 914,Hannaville,Nevada,Belize
4969,Brent,Schneider,kaitlyndiaz@example.com,9402 Ochoa Passage Suite 388,North Ericberg,Nevada,Netherlands Antilles
4970,Glenn,Garcia,cgarcia@example.com,327 Gina Spring Apt. 634,East Jamesside,Washington,Qatar
4971,Melissa,Parker,gstout@example.org,5018 Bruce Garden Apt. 635,Rodgersburgh,Iowa,Guam
4972,Daniel,Brown,xturner@example.org,4948 Rhodes Crest Suite 324,Powerstown,Pennsylvania,Bhutan
4973,Cynthia,Stephenson,robertmontoya@example.com,114 Deborah Inlet,South Carlos,Alabama,Zambia
4974,Alyssa,Ballard,davidberg@example.net,1063 Patton Stream,East Michael,Tennessee,Anguilla
4975,Cheyenne,Cole,joelbell@example.net,024 James Knolls,North Jennifer,Wyoming,Germany
4976,Ellen,Macdonald,joshua05@example.net,2155 Gonzalez Light,East Elizabeth,California,India
4977,Kenneth,Ramirez,tracymarsh@example.net,15927 Smith Rest,Lake Alyssaborough,Oregon,Martinique
4978,Valerie,Vaughn,raymond46@example.com,143 Daniel Bypass,East Tracy,Mississippi,Saint Barthelemy
4979,Nathan,Rodriguez,richardestes@example.org,578 Gardner Square Suite 152,Thomasborough,Delaware,Burundi
4980,Mike,Banks,kenneth83@example.com,7725 Seth Lodge Suite 987,Mckinneyhaven,Indiana,Gabon
4981,Alan,Jackson,awyatt@example.org,3371 Patton Gateway Suite 531,North Kennethchester,Rhode Island,South Africa
4982,Jessica,White,qwheeler@example.org,6570 Miller Lights,North Kaitlyntown,South Dakota,Myanmar
4983,Michelle,Morales,jasonboyd@example.org,9565 Caleb Spur Suite 223,South Anthonyville,Alaska,Namibia
4984,Gina,Miller,klewis@example.net,853 Kevin Ridges Apt. 886,Maryberg,New York,Puerto Rico
4985,John,Wells,markbailey@example.net,8945 Simmons Radial Apt. 269,Garrettfort,Washington,Azerbaijan
4986,Jesse,Walker,ochapman@example.net,94468 Ryan Pike Suite 669,Tammyville,Arkansas,Indonesia
4987,Monique,Fowler,colton28@example.com,12796 Chad Bridge,Foxhaven,Washington,Suriname
4988,Daniel,Richardson,chasewalker@example.net,776 Turner Falls Apt. 539,Brownstad,New Hampshire,Kiribati
4989,Jackson,Brown,josephcarrillo@example.net,92848 Harrison Prairie,Smithberg,Georgia,New Caledonia
4990,Michael,Kramer,corey81@example.net,03730 Raymond Well,Lake Carolineshire,Massachusetts,South Georgia and the South Sandwich Islands
4991,Christopher,Sandoval,elizabethbailey@example.com,047 George Center,Peterton,New York,Benin
4992,Sara,Pugh,annejackson@example.org,694 Mario Station,Aliport,Connecticut,Turkmenistan
4993,Kimberly,Herrera,michael06@example.com,878 Brown Plains,New Racheltown,Maine,Tunisia
4994,Kelly,Green,mark47@example.com,9350 Megan Knolls,Wallacechester,New York,Lesotho
4995,Anthony,Thomas,nthompson@example.com,596 Woods Street,Melindaport,Rhode Island,Ireland
4996,Jamie,Wilson,jonathanweaver@example.net,212 Debbie Road,Kendramouth,Idaho,Ghana
4997,Jodi,Singleton,terrylisa@example.org,96123 Davis Locks Suite 705,Lake Kristenland,Ohio,Sweden
4998,Rebecca,Roberts,morenogloria@example.com,1158 Jones Isle Apt. 997,Robertsbury,Maine,Tanzania
4999,Tiffany,Smith,wardjim@example.org,223 Brown Rest,East Danielle,South Dakota,Macao
5000,Anna,King,olsonshelley@example.net,725 Scott Glen Apt. 201,South Melanie,Missouri,Lesotho
5001,Noah,Page,qbaird@example.net,31258 Fischer Shore Apt. 471,New Lindafort,Utah,Wallis and Futuna
5002,Albert,Haynes,karachan@example.org,33697 Danielle Villages,North Elizabeth,Connecticut,Azerbaijan
5003,Alexander,Sutton,aaronmartinez@example.net,220 Valerie Streets,Josephshire,Utah,Israel
5004,William,Edwards,moorecourtney@example.com,724 Lee Stravenue,Noahview,Kansas,Eritrea
5005,Paul,Vincent,codydavis@example.com,197 Anthony Flat,Lake Kaitlynshire,Arkansas,Armenia
5006,Elaine,Johnson,nicholasmorrison@example.net,957 Debra Inlet,Lake Anthonyhaven,Florida,Panama
5007,Amanda,Clark,wongdanielle@example.com,6789 Alyssa Plains Apt. 900,South Brandonport,Connecticut,Netherlands
5008,Brian,Fernandez,frank41@example.com,14688 Moreno Stream Suite 377,Paulchester,Florida,Italy
5009,Kari,Horne,swalls@example.com,139 Mueller Springs Suite 472,Russellmouth,Michigan,Russian Federation
5010,Gregory,Holloway,matkins@example.org,196 Melissa Road,Lake Daniel,Montana,Dominican Republic
5011,Barbara,Oliver,harringtonjudy@example.org,141 Jackson Port,Whitestad,Kansas,Jersey
5012,Angel,Combs,christopher81@example.org,323 Salazar Garden Suite 176,West Gabriella,Montana,Barbados
5013,James,Huerta,wuroy@example.com,5166 John Lodge Suite 458,Maxwellchester,Michigan,Zimbabwe
5014,Molly,Stevens,laurie29@example.com,6659 Rebecca Haven,Vegamouth,Florida,Kiribati
5015,Amy,Jones,bennettmatthew@example.com,2160 Evans Trafficway Apt. 514,West Ashleyview,South Dakota,Mexico
5016,Stanley,Dennis,mia51@example.net,349 Maria Meadow,West Drew,Oklahoma,Liechtenstein
5017,Peggy,Gross,xharmon@example.com,417 Melissa Manor,Christopherport,Wyoming,Turkey
5018,Tyler,Rodriguez,monicabenton@example.com,58937 David River Suite 798,Holtside,Oregon,Taiwan
5019,Shannon,Reyes,brooke13@example.com,02190 Rich Park Suite 547,Jacobmouth,New York,Belize
5020,Brenda,Bailey,bnovak@example.org,14638 Julie Brook,North Cameron,South Carolina,Pakistan
5021,Frank,Vega,bowmanmartin@example.net,9965 Brown Trail,Angelberg,Utah,Cyprus
5022,Ruth,Evans,morgan90@example.org,6834 Christine Manor,New James,Florida,Lithuania
5023,John,Dean,palmerheather@example.net,42117 Joseph Avenue,Raymondmouth,Massachusetts,Palestinian Territory
5024,Kristina,Roberts,richardharrison@example.org,867 Ryan Rapids,Teresaborough,North Dakota,Monaco
5025,Sheryl,Bailey,ann64@example.net,111 Brian Route Apt. 805,Powersshire,Illinois,Mauritius
5026,Jennifer,Martin,csmith@example.com,49897 Richard Mountain Apt. 016,West Davidbury,Hawaii,Yemen
5027,Calvin,Mahoney,jamesdixon@example.net,87724 Rodriguez Unions,West Lisamouth,Oklahoma,Angola
5028,Michele,Gaines,drivera@example.org,4287 Tiffany Street,Lake Margaret,Alaska,Congo
5029,Mark,Foster,travisjacobs@example.org,97565 Snyder Prairie,Paulmouth,New Mexico,Nigeria
5030,Amber,Anderson,thopkins@example.net,93994 Schmidt Heights,Scottmouth,West Virginia,Norfolk Island
5031,Sharon,Velazquez,mitchellkimberly@example.net,5037 Silva Ferry Suite 937,Ramirezburgh,Texas,Oman
5032,Kimberly,Williams,nixontimothy@example.net,119 Brian Dale Apt. 664,East Debra,Idaho,Panama
5033,Victor,Christensen,nicoleschwartz@example.net,49162 Jimmy Squares Suite 522,North Heatherfort,Wyoming,Portugal
5034,Joshua,Walter,stevenfischer@example.org,6064 Sara Plains Suite 426,North Shawn,Kansas,Turks and Caicos Islands
5035,Sandra,Woods,nmcclain@example.com,1802 Bailey Points Suite 026,Lake Rebecca,New Hampshire,Gabon
5036,Barbara,Johnson,fernandobrown@example.org,514 Michael Fields Apt. 098,South Nathaniel,New Jersey,Lao People's Democratic Republic
5037,Matthew,Campbell,wattstodd@example.com,6350 Newton Road Apt. 368,Richardmouth,South Carolina,Grenada
5038,Kevin,Zamora,kimberlyburton@example.net,89208 Steven Junctions,Shirleytown,Iowa,Zambia
5039,Amy,Herrera,hernandezjulie@example.com,395 Bryan Viaduct,Heatherton,Nevada,Antigua and Barbuda
5040,Lauren,Stanton,ztrujillo@example.org,41251 Brenda Skyway,Port Carl,Wyoming,Nicaragua
5041,Adrian,Black,jeffrey83@example.org,3744 Austin Ridges Suite 422,Nicholsonland,Montana,Mauritania
5042,Abigail,Jackson,ginabrown@example.net,9778 Ariana Burg,East Patricia,Pennsylvania,Dominica
5043,Kaylee,Houston,destinyjones@example.org,126 Joshua Path,East Erin,Mississippi,Oman
5044,Scott,Jones,peterjimenez@example.com,74435 Green Trail,Lake Garrett,New York,Nauru
5045,Benjamin,Wallace,jcoleman@example.org,07806 Sergio Rest,Ramosland,Oklahoma,Guatemala
5046,Carlos,Le,arussell@example.org,36199 Anderson Villages,Annafort,Illinois,Palau
5047,Jason,Steele,nicholas05@example.net,52167 Andrew Viaduct Suite 097,North Joshuaview,Louisiana,Comoros
5048,Terri,Gates,donna36@example.net,36875 Moore Wells Apt. 454,West Victoriaton,Arizona,Cyprus
5049,Alfred,Rogers,steven50@example.org,89564 Camacho Summit,Jessicaburgh,Nevada,Kiribati
5050,Derek,Miller,mckenzierachel@example.org,194 Samantha Trafficway Suite 172,New Victoria,Oklahoma,Saudi Arabia
5051,Sharon,Roberson,jasoncarr@example.com,726 Wayne Glens,Riceton,North Dakota,Seychelles
5052,Jeremiah,White,katherinetaylor@example.org,905 Sarah Brooks,Davidshire,Iowa,Malaysia
5053,Andrew,Garcia,dawnsimmons@example.com,77185 Lisa Station,Lake Tonyaburgh,Alaska,Qatar
5054,Ashley,Andrews,carrolljennifer@example.net,7894 Guerrero Pass,West Annabury,Illinois,Macao
5055,Elizabeth,Alvarez,markfoster@example.net,16629 Ariana Fort,Carrport,Arizona,Falkland Islands (Malvinas)
5056,Margaret,Boyd,vjohnson@example.net,343 Lori Mountains Apt. 103,Maxwellmouth,Colorado,Ethiopia
5057,Thomas,Robbins,durantoni@example.com,024 Linda Ranch,Port Omar,Iowa,Cayman Islands
5058,Michael,Ward,christinemahoney@example.com,3845 Joseph Forges Apt. 937,New Kelseyshire,Louisiana,El Salvador
5059,Christina,Smith,wallacebobby@example.com,363 Anna Falls Apt. 354,North Sarah,Kentucky,Egypt
5060,Daniel,Brown,jonesjacob@example.com,60307 Murphy Union Suite 891,Hickmanchester,Louisiana,Vanuatu
5061,Wayne,Camacho,michael42@example.com,9923 Antonio Inlet,Anthonyborough,Nebraska,Vietnam
5062,Eric,Green,sydneyrichardson@example.org,797 Hill Neck,Matthewmouth,Delaware,Tokelau
5063,Karen,Romero,briggsjeffrey@example.org,777 Villa Plains,North Kevin,Florida,Cayman Islands
5064,Bradley,Mullins,ahicks@example.net,61244 Alison Turnpike,Gloverbury,Georgia,Myanmar
5065,Connor,Price,torressusan@example.org,32448 Price Radial Apt. 819,Lake Codyview,Oregon,Sierra Leone
5066,Tracy,Dunlap,thomas50@example.net,401 Angela Pines Apt. 724,Fieldsland,West Virginia,Barbados
5067,Brenda,Ewing,christygardner@example.net,57492 Sara Vista,Monicatown,Tennessee,Malta
5068,Allen,Lawson,jennifer12@example.net,87065 Martinez Circle,West Lisa,Ohio,India
5069,Michelle,Lawson,armstrongmary@example.org,11350 Campos Squares Apt. 611,West Nicholas,Kentucky,Uruguay
5070,Ryan,Rangel,floresrachel@example.net,15809 Jones Land,Kerrymouth,Delaware,Egypt
5071,Jasmine,Mcclure,lisa90@example.com,931 Thomas Heights,West Shane,Alaska,Oman
5072,Adam,Harris,cindy34@example.net,854 Alvarez Groves Suite 716,Charlesfort,Michigan,Comoros
5073,Thomas,Rhodes,cynthia29@example.net,697 Billy Crossing Apt. 909,Meganburgh,Colorado,Japan
5074,Adam,Williamson,michaelanderson@example.net,8813 Reed Freeway Apt. 333,West Laura,Colorado,Thailand
5075,Ethan,Lambert,alyssa35@example.org,56059 Mitchell Island,Maddoxberg,Oklahoma,Montserrat
5076,Austin,Johnson,cvargas@example.net,7079 Kevin Lodge,Ashleyton,South Carolina,Grenada
5077,Maria,Cruz,gfitzpatrick@example.org,17290 Brandon Rest Apt. 225,North Denise,Hawaii,French Southern Territories
5078,Brenda,Hobbs,stevereed@example.net,3129 White Inlet,East Brandon,South Carolina,Saint Vincent and the Grenadines
5079,Elizabeth,Smith,pparker@example.com,383 Sandra Stravenue,Nicholasborough,South Carolina,Estonia
5080,Harold,Brown,robertgutierrez@example.com,52166 Mccormick Land,Dannyberg,New Hampshire,Cuba
5081,Leah,Briggs,hensonstephanie@example.net,087 Jody Route Apt. 578,Hernandezville,New York,Bahrain
5082,Donna,Page,jamesjulian@example.org,935 Alan Loop Suite 461,West Brenda,Florida,Colombia
5083,Stephen,Jackson,andersonbenjamin@example.org,759 William Points,North Christymouth,Mississippi,Malta
5084,Carmen,Webb,davidfowler@example.net,867 Sullivan Valleys,New Paula,Maine,British Virgin Islands
5085,Christopher,Villarreal,donaldsingleton@example.com,061 Kurt Isle Apt. 872,Ryanhaven,North Dakota,Suriname
5086,Mike,Taylor,njohnson@example.net,09273 Elizabeth Keys,South Michele,North Carolina,French Southern Territories
5087,Richard,Harris,tracy70@example.com,316 Baker Ports,Jacksonland,Arizona,Spain
5088,Christopher,Ruiz,laurafuller@example.com,1949 Justin Isle,Burgessbury,Missouri,Benin
5089,Theodore,Wilkins,gbooth@example.org,395 Sharon Locks,South Jessicachester,Idaho,Christmas Island
5090,Sarah,Martinez,opeters@example.net,7442 Freeman Meadow,Baldwinside,Vermont,French Southern Territories
5091,Justin,Rodriguez,angelhowe@example.com,01088 Moore Circle Suite 829,Valenciahaven,Wisconsin,Moldova
5092,Vicki,Hale,davidnicholson@example.org,03013 Jackson Forge,Krauseshire,North Dakota,Tonga
5093,Amanda,Jensen,candicefrench@example.com,694 Joan Heights Apt. 062,Freyville,California,Luxembourg
5094,Darren,Stevens,connorpatterson@example.net,19790 Sarah Circles Apt. 119,Josephtown,Massachusetts,Latvia
5095,Mary,Lam,grahamlaura@example.com,90783 John Brook Suite 754,Pageville,Colorado,Chad
5096,Kelly,Dixon,dylan12@example.net,5051 Lawson Expressway,Lake Craig,Missouri,Tanzania
5097,Sean,Green,millerbonnie@example.org,849 Anthony Circles Suite 529,West Jodiborough,Wisconsin,Swaziland
5098,Timothy,Davis,pamela39@example.com,55974 Barnett Spurs,Laurenshire,New Jersey,Venezuela
5099,Brian,Flynn,spencerhenry@example.com,830 Hester Road,Wendytown,Washington,Mozambique
5100,Anthony,Rodriguez,nancy06@example.org,434 Palmer Grove,Vickieland,Connecticut,Taiwan
5101,Jennifer,Oneill,ulopez@example.net,564 Davis Ferry Suite 491,East Sierrachester,Indiana,Liechtenstein
5102,Donna,Decker,ksmith@example.net,8233 Daniel Lights Apt. 720,Port Catherine,Washington,Tanzania
5103,Karen,Ayala,zatkinson@example.org,2365 Lisa Key,Kristytown,Alaska,Brazil
5104,Amber,Hunt,rcampbell@example.org,3597 Garcia Throughway,West Kyleshire,New Mexico,Sierra Leone
5105,Aaron,Smith,lambkelly@example.com,51537 Conner Drives,Karitown,Idaho,Trinidad and Tobago
5106,Dylan,Cooke,fowlermichael@example.com,59588 Amber Curve Apt. 878,West Kristen,Vermont,Norway
5107,Jeffrey,Brown,vickiebaker@example.net,240 Sullivan Shoals Suite 128,South Ashley,Oregon,Switzerland
5108,Tara,Baker,fletcherdeborah@example.net,81768 Patricia Ridges,North Jacob,Massachusetts,Brunei Darussalam
5109,Heather,Wright,hannahjordan@example.com,33079 Steven Shoal,Edwardston,New Jersey,Belize
5110,Ronald,Flores,pachecodonna@example.com,01056 Tammy Village Suite 194,Robertton,Colorado,Azerbaijan
5111,Alexander,Horn,jason86@example.org,73599 White Run Suite 464,Kellyport,Massachusetts,Liechtenstein
5112,Michael,Luna,johnsonrodney@example.net,71120 Freeman Viaduct Suite 744,Hesstown,Mississippi,Central African Republic
5113,Michael,Anderson,travis22@example.com,35516 Todd Highway,Wattsmouth,New York,Finland
5114,Maureen,Mckinney,jonesrebecca@example.com,419 Kyle Estates Suite 474,North Danielle,Georgia,Greenland
5115,Karina,Morris,barrerabianca@example.net,283 Lowe Throughway,New Valerie,Arizona,Morocco
5116,Sean,White,andrea49@example.org,129 Joseph Court Apt. 120,West Stacy,Oklahoma,Nepal
5117,Jose,Lopez,thomasroberts@example.org,976 Hood Union,East Lisa,Delaware,Djibouti
5118,Jeffrey,Porter,fmartinez@example.org,1687 King Way Apt. 494,Joemouth,South Dakota,Maldives
5119,Alison,Johnson,mackenziechavez@example.net,1865 Larry Spurs,South Michelleview,Oregon,El Salvador
5120,Alyssa,Olson,robin47@example.org,96379 Andrew Route,Douglasborough,Texas,Svalbard & Jan Mayen Islands
5121,Cameron,Dixon,plong@example.com,35290 Saunders Crossing Suite 808,East Edwardfort,Michigan,Sweden
5122,Joseph,Bell,elizabethmiller@example.net,8017 Blair Creek Suite 496,West Christopher,Nebraska,Slovenia
5123,Jonathan,Davis,christinaduncan@example.org,38001 Lindsay Shores,South Jessicaton,Massachusetts,Gambia
5124,Maria,Horton,dmerritt@example.net,2635 Ashley Falls Suite 162,Hernandezberg,Alabama,Switzerland
5125,Curtis,Nguyen,zdoyle@example.com,164 Hayes Forge,South Jamie,Texas,Dominican Republic
5126,James,Carlson,carmen13@example.com,38570 Thomas Lodge Apt. 975,New Amanda,New Hampshire,San Marino
5127,Tonya,Dunlap,dawngarner@example.org,86223 Hunter Bypass,Lake Heather,Nevada,Solomon Islands
5128,Nichole,Parker,mpatterson@example.org,401 Rodriguez Fields,Lake Leah,Nebraska,Iraq
5129,Bradley,Morris,abrewer@example.org,0307 Taylor Plaza Suite 939,Danielmouth,New York,Guatemala
5130,Michael,Rodriguez,rodney60@example.net,439 Christina Extension Apt. 868,South Kellyland,Minnesota,Mexico
5131,Debbie,Torres,vanessa85@example.net,61599 Howard Brook,Campbelltown,Louisiana,Kuwait
5132,Vincent,Moon,james33@example.org,1789 Melanie Oval,Lake Dennisshire,Connecticut,Sao Tome and Principe
5133,Howard,West,perry91@example.net,169 Burke Skyway,South Davidchester,Rhode Island,Heard Island and McDonald Islands
5134,Stephanie,Williams,barbara85@example.org,4358 Calderon Creek Apt. 876,West Stephaniehaven,Mississippi,Cuba
5135,Ashlee,French,rodriguezjennifer@example.net,494 Drew Coves Apt. 726,New Adammouth,Maryland,Bolivia
5136,Colleen,Wells,matthew97@example.com,6294 Boone Vista,Port Thomas,Vermont,Anguilla
5137,Mackenzie,Livingston,gregory73@example.org,754 Jesus Estate,West Danielton,North Carolina,Algeria
5138,Antonio,Thompson,johnrogers@example.com,635 Marshall Mountain,Portermouth,Nevada,Philippines
5139,Karen,Thomas,lprince@example.net,23703 Cory Pike Apt. 810,Guzmanville,Texas,Aruba
5140,Keith,Harrison,geoffrey82@example.net,27815 Reed Trace,Davidside,Oklahoma,Syrian Arab Republic
5141,Amanda,Dean,dsalinas@example.com,1180 Macdonald Squares Suite 492,Alexisside,Illinois,Chad
5142,Grace,Bowen,reillyderrick@example.net,54041 Abigail Knolls,Hinesshire,South Carolina,Tuvalu
5143,Evelyn,Williams,kristina91@example.net,05189 Price Mall,Timothyshire,Oregon,Armenia
5144,Matthew,Parsons,vegamichael@example.net,2009 Martin Harbors Suite 258,West Bryceshire,Kentucky,Cambodia
5145,Leah,Haley,rochaholly@example.com,8353 Mata Mall Suite 473,Lake Dan,Virginia,Togo
5146,Christopher,Palmer,jaredaustin@example.net,694 Michael Run,Lake Jamieshire,West Virginia,Croatia
5147,Vanessa,Liu,murphyandrea@example.com,653 Sanders Crossroad Apt. 810,South Vanessa,Colorado,Jersey
5148,David,Parker,kedwards@example.org,8903 Jennifer Alley,Lynchmouth,Kentucky,Martinique
5149,Matthew,Pacheco,elizabeth83@example.net,453 Kennedy Point,Wilsonmouth,Utah,Montenegro
5150,Richard,Willis,david05@example.com,1183 Cruz Plaza,New Mary,North Dakota,Taiwan
5151,Barry,Costa,dayjennifer@example.com,11997 Kennedy Meadows Suite 762,Scottside,Montana,Colombia
5152,Melissa,Jones,austin34@example.net,62246 Jacobs Path,East Lindsay,Tennessee,Kiribati
5153,Karen,Rivas,michael54@example.net,805 Smith Loaf Apt. 964,South Crystal,Idaho,Indonesia
5154,Kristie,Carter,dianamatthews@example.org,45613 Bobby Drive Suite 872,Leeburgh,North Carolina,Switzerland
5155,Nathaniel,Brown,danaluna@example.net,1190 Jones Drive,Paulmouth,Iowa,Denmark
5156,Jennifer,Cooper,phillip91@example.com,828 Alicia Inlet Suite 670,Joshuamouth,Delaware,Turks and Caicos Islands
5157,Jose,Torres,amanda33@example.org,43352 Norris View,South Victoria,South Dakota,Jersey
5158,Angela,Alexander,knightearl@example.org,42921 Willie River Suite 405,East John,Texas,Luxembourg
5159,Matthew,Hill,matthew24@example.com,7249 David Rapids,Lovemouth,Tennessee,Japan
5160,Frances,Herring,marcus57@example.com,85697 Young Creek Suite 070,South Amber,Florida,Dominican Republic
5161,Aaron,Bailey,alexandrarodriguez@example.com,48120 Baker Curve,Port Sara,Maryland,Antarctica (the territory South of 60 deg S)
5162,Meredith,Eaton,uhooper@example.com,8334 Monroe Street,East Alan,Washington,Grenada
5163,Sarah,Young,smithsteven@example.com,481 Rodriguez Field Apt. 300,Youngview,Oregon,Malawi
5164,Kathy,Brown,taralara@example.org,73292 Colleen Springs,Westville,Illinois,Morocco
5165,Shelly,Glenn,zjones@example.org,28531 Taylor Roads Suite 740,Priceberg,North Carolina,Czech Republic
5166,Erin,Bowman,igarcia@example.org,71230 Eric Inlet Suite 878,Lake Peter,Ohio,Pakistan
5167,Adam,Thomas,kellytrevino@example.org,150 Morales Harbors Apt. 670,Bryanton,Mississippi,Congo
5168,Casey,Key,melissagreene@example.net,04303 Sophia Hills Suite 182,West Christopher,Mississippi,Peru
5169,Jimmy,Bryant,crodriguez@example.net,22038 Shannon Cove Apt. 672,Lisaborough,Hawaii,Myanmar
5170,Dale,Lynch,matthew40@example.com,6107 Jeff Ports Apt. 208,West Cynthiaview,Tennessee,British Indian Ocean Territory (Chagos Archipelago)
5171,Philip,Boyle,nharris@example.com,090 Eric Lock,New Sylviabury,Montana,Cameroon
5172,Randy,Huber,jacksonjennifer@example.org,58532 Mcknight Plains,Rodriguezstad,Michigan,Egypt
5173,Angela,Green,kimjennifer@example.com,4722 Ward Parkways,Wilsonport,New York,Sao Tome and Principe
5174,Laura,Bennett,maldonadolisa@example.org,9566 Julia Creek Suite 582,North Jacksonborough,Virginia,Czech Republic
5175,Mary,Garcia,pamela22@example.net,2728 Brittany Brook Apt. 048,Carrilloshire,South Dakota,Ghana
5176,Earl,Andrews,douglas74@example.com,5521 Brown Oval Suite 576,West Sarah,Missouri,French Guiana
5177,Steven,White,sherriwagner@example.com,708 Mays Shoals Suite 130,South Larry,Nevada,Iran
5178,Ronnie,Moore,jessica18@example.com,6110 Dunlap Stravenue Suite 023,Jenningschester,Minnesota,Niger
5179,Virginia,Daniel,kathryn91@example.net,77410 Benson Burg,Port Danaside,Connecticut,Hong Kong
5180,Matthew,Cruz,tina25@example.net,1528 Blake Divide Suite 767,East John,Texas,Germany
5181,Carol,Williams,shannon80@example.net,871 Jacobs Station,New Cameron,South Carolina,Mayotte
5182,Jane,Ray,murphyhaley@example.net,05596 Rasmussen Divide Apt. 106,East Sarahburgh,Louisiana,El Salvador
5183,Kathryn,Brooks,ksmith@example.com,93692 Carl Square Suite 679,West Cindyfort,Arkansas,Australia
5184,Sara,Morgan,manuelflynn@example.net,01555 Hill River,East Kristina,Rhode Island,Italy
5185,Robert,Graves,adamhudson@example.com,356 Roman Trafficway,Port Amy,Iowa,Tonga
5186,Maureen,Taylor,wernerjames@example.org,3972 Smith Lodge Suite 182,Lake Davidfurt,California,Tonga
5187,Jaclyn,Edwards,taylortodd@example.net,44427 Amanda Summit,Leberg,Hawaii,Tanzania
5188,Matthew,Cortez,prestonanna@example.net,3780 Bonilla View Apt. 366,East Victoriaside,West Virginia,Bermuda
5189,Kathryn,Jones,brandon11@example.net,6258 Mathis Knoll,North Timothy,Idaho,Belarus
5190,Gary,Jarvis,leehill@example.com,8544 Anna Divide Apt. 657,Jessicahaven,Pennsylvania,Honduras
5191,Monica,Mendez,zayers@example.com,7929 Bowers Corner,New Amandaville,Iowa,Solomon Islands
5192,Sheryl,Downs,william66@example.com,874 Corey Expressway,Angelafort,Louisiana,Belize
5193,Brian,Taylor,anthony82@example.org,192 Leslie Passage,New Jeremy,Maine,Bahrain
5194,Cynthia,Campbell,brownrobert@example.org,3062 Green Field Apt. 447,Burgessborough,Colorado,Grenada
5195,Luke,Dorsey,ngordon@example.org,013 Mercedes Pass,Michelleburgh,Arkansas,Northern Mariana Islands
5196,Antonio,Wilson,jason48@example.org,385 Jeremiah Creek Suite 085,West Charles,Michigan,Bulgaria
5197,Karen,Martinez,arnoldmichelle@example.com,376 Hebert Parks,Hillville,Arizona,United Kingdom
5198,Jacob,Gonzales,crystal20@example.com,6980 Hopkins Ports Apt. 650,Lake Frederick,New Jersey,Belarus
5199,Kerry,Lambert,martinezsarah@example.net,438 Williams Hill,Tranchester,Indiana,Saint Kitts and Nevis
5200,Alexandra,Gonzales,louis68@example.net,27198 Castillo Bypass Suite 683,Douglashaven,Nebraska,Western Sahara
5201,Katrina,Mayo,seanforbes@example.net,867 Pierce Crest Suite 533,Edwardsmouth,Utah,South Georgia and the South Sandwich Islands
5202,Leslie,Green,joconnell@example.org,20265 Reyes Springs,Seanfurt,Connecticut,Malawi
5203,Michael,Morales,griffinjames@example.net,71307 Chapman Manors Apt. 333,Port Stacyburgh,Minnesota,Mongolia
5204,Eugene,Solis,richard06@example.org,72911 Joseph Bypass,New Heather,Wisconsin,United Arab Emirates
5205,Lauren,Brown,claykevin@example.net,1913 Hunt View Apt. 597,Stewartburgh,North Carolina,Tunisia
5206,Angela,Guerrero,matthewcochran@example.org,803 Gregory Mountain Apt. 017,Kingshire,North Dakota,Niue
5207,John,Williams,bpadilla@example.net,734 Harris Keys,Arielfort,Arkansas,Latvia
5208,Douglas,Rivera,susansimpson@example.org,3248 Watson Dale Apt. 924,Andersonmouth,Nebraska,Russian Federation
5209,Samuel,Martin,amanda86@example.org,82332 Proctor Landing Suite 933,West Ryan,Alaska,Kuwait
5210,Daniel,Smith,davidsonsamuel@example.net,118 Cross Parkways,Lake Anthony,Idaho,Jersey
5211,Joshua,Bradley,davisshannon@example.net,2861 Kelly Crossing Apt. 945,Howardview,Oregon,Cyprus
5212,Richard,James,medwards@example.net,0728 William Fort Suite 002,South Kevinhaven,Delaware,Guernsey
5213,Alexander,Floyd,suarezjohn@example.com,0401 Theresa Underpass,New Christinefort,Illinois,Mozambique
5214,David,Riggs,joanneherman@example.org,200 Garrison Wall Apt. 427,Clarkland,Oregon,Colombia
5215,Randall,James,uhall@example.net,0040 Smith Loop Apt. 730,Coxhaven,Idaho,Yemen
5216,Jamie,Day,mary04@example.net,538 Veronica Pike Suite 197,North Chad,California,American Samoa
5217,Michael,Brown,igonzales@example.net,15460 Jill Streets,Petersborough,Oregon,Peru
5218,Jasmine,Cohen,xrobinson@example.org,5847 Michael Isle,Jonathantown,Massachusetts,Pakistan
5219,Shannon,Reed,mvaughn@example.org,95722 Diana Mews Suite 244,New Michaelport,Indiana,Mayotte
5220,Jordan,Brady,velazqueztheresa@example.net,954 Castro Glen Suite 609,Robertfurt,Missouri,French Southern Territories
5221,Sarah,Conley,gwiley@example.net,6152 Barron Vista Apt. 476,Port Joe,Connecticut,Anguilla
5222,Jennifer,Perez,amy98@example.com,600 Regina Oval Apt. 614,Rossland,New Mexico,Palestinian Territory
5223,John,Clark,walkerscott@example.org,54023 Annette Ports,New Stephaniestad,Wisconsin,Slovenia
5224,Sheena,Gilmore,brittanyrodriguez@example.org,978 Christopher Wells,North Jennifer,Kansas,Ethiopia
5225,Charles,Arellano,ehardy@example.net,5103 Jeremy Lodge,Jamesbury,Oklahoma,Iraq
5226,Alec,Mcguire,ehunter@example.org,1378 Brittany Oval,East Jared,Minnesota,Rwanda
5227,Jessica,Hancock,robin06@example.net,50807 Edwin Court Suite 214,Martinezshire,New Hampshire,Iceland
5228,Jeffrey,Bass,dennis49@example.org,457 Kelly Greens Apt. 809,North Gregory,Pennsylvania,Tokelau
5229,Alexander,Molina,qsilva@example.com,84566 Carroll Street Apt. 038,Amyborough,New York,Monaco
5230,Shawn,Haley,mcmahonryan@example.net,0057 Melissa Valley Apt. 591,Pamelaborough,Virginia,Seychelles
5231,Jennifer,Davis,rebeccamarsh@example.com,953 Alan Dale Apt. 696,Martinville,Colorado,Guinea-Bissau
5232,Kim,Espinoza,sandersmatthew@example.org,532 Williams Valley Apt. 036,Ellisland,Louisiana,Belize
5233,James,Griffin,urichardson@example.org,66726 Marsh Alley,Tylerberg,South Dakota,Paraguay
5234,Tonya,West,marcus71@example.com,7045 Washington Valleys,South Brent,Tennessee,Gabon
5235,Becky,Davis,teresa34@example.org,5631 Johnson Walks,Richardtown,Illinois,Korea
5236,Wanda,Eaton,arthurjohnson@example.com,085 Shari Squares,Dustinton,Hawaii,Sweden
5237,Diana,Mitchell,vlee@example.org,714 Joshua Stream,Oliviaborough,Hawaii,British Virgin Islands
5238,Mary,Rodriguez,andreapeterson@example.org,68597 Matthew Street Apt. 153,East Erikmouth,Oklahoma,France
5239,Mackenzie,Young,robin23@example.org,082 Cantrell Valley Suite 717,Port Michaelborough,Idaho,Croatia
5240,Brandon,Wong,kodonnell@example.net,05948 Jeff Plain Suite 668,Jessicamouth,South Carolina,Iraq
5241,Laurie,Smith,martinduncan@example.com,4774 William Dam,Youngmouth,Minnesota,Vanuatu
5242,Amanda,Swanson,grahamdaniel@example.org,4917 Gonzalez Inlet,South Emily,Hawaii,Chad
5243,Toni,Garcia,julie24@example.net,377 Mario Walks Apt. 609,Tonistad,Connecticut,Dominican Republic
5244,Jose,Wagner,arodriguez@example.net,3511 Gary Haven Suite 404,Brownmouth,Connecticut,Belarus
5245,Stephanie,Moody,brendasmith@example.com,2391 Stacie Crescent Apt. 945,Wardburgh,Nevada,Hong Kong
5246,Craig,Grant,jerry68@example.org,70430 Jasmine Road Apt. 998,Amystad,Pennsylvania,Barbados
5247,Levi,Hill,eleblanc@example.org,374 Barbara Lights Suite 645,Port Christopher,Virginia,American Samoa
5248,Theresa,Robbins,twalters@example.com,800 Amy Track,Hicksberg,Nebraska,Sierra Leone
5249,Michael,Koch,hansenkimberly@example.net,57517 Sabrina View Apt. 083,Maldonadoburgh,Georgia,Egypt
5250,Thomas,Rodriguez,willie25@example.com,8822 Rebekah Walk Suite 763,Lake Lesliemouth,Georgia,Costa Rica
5251,Monica,Walters,qthomas@example.net,8924 White Fall,North Kennethton,Ohio,Czech Republic
5252,Veronica,Lowery,reyesseth@example.org,4591 Melissa Run,Lake Melinda,Nevada,Antigua and Barbuda
5253,Anthony,Garcia,tracymoore@example.net,2733 Marshall Lakes,New Lori,Mississippi,Monaco
5254,Thomas,Floyd,nle@example.net,082 Wiggins Land,Carterborough,Arizona,Niue
5255,Kelly,Ballard,willie91@example.com,208 Jonathan Locks,West Spencer,California,Myanmar
5256,Susan,Farrell,murphylauren@example.net,896 Hamilton Terrace Apt. 101,New Katiestad,Maryland,Liechtenstein
5257,Kelly,Santos,tracypeterson@example.com,078 Williams Ford,West Joseph,Illinois,Cameroon
5258,Paul,Oneal,joseph39@example.com,9576 Hanson Rapid,Louisview,Arkansas,Serbia
5259,George,Thomas,ashley82@example.org,26884 Cory Springs,Palmerville,Illinois,New Zealand
5260,Eric,Luna,emily17@example.com,31666 Lucero Branch Suite 314,Wrightport,Missouri,Turkey
5261,Harold,Perry,nicole81@example.net,2734 Brown Villages Suite 065,West Jeffrey,Rhode Island,Antigua and Barbuda
5262,Luis,Walsh,crobinson@example.net,7994 Stanley Cape Apt. 699,West Daniel,New Hampshire,Cocos (Keeling) Islands
5263,Lauren,Walker,wbailey@example.org,460 Anthony Stream,Lake Lauren,New York,Isle of Man
5264,Barry,Riggs,smoore@example.com,9903 Jerry Port Apt. 245,East Michaelchester,South Carolina,Jersey
5265,Gregory,Miller,donna67@example.net,64102 Joshua Park Apt. 430,Mossborough,Wyoming,Dominica
5266,Mary,Savage,robin22@example.net,344 Matthew Streets Apt. 989,Jeremyfort,Hawaii,Jersey
5267,Jason,Williams,david94@example.org,27954 Smith Path Suite 378,Andreaborough,Virginia,Saint Lucia
5268,Justin,Cross,jennifer61@example.com,544 Lambert Squares Suite 706,North Jonathan,South Dakota,Belize
5269,Michael,Davis,ycampbell@example.com,4522 Esparza Forge Apt. 507,Joseside,Oklahoma,French Southern Territories
5270,Samantha,French,tonyabrewer@example.org,285 Patrick Garden Apt. 849,Bethborough,Arkansas,Greece
5271,Charles,Bennett,gonzalesgeorge@example.com,348 Bennett Shore Suite 941,Johnchester,Arkansas,Kenya
5272,James,Fletcher,jamesrobyn@example.org,53112 Jason Trail,Lake Rachelchester,New York,Vanuatu
5273,Joseph,Wilson,padillacheyenne@example.net,018 Erin Plains Apt. 603,Mckenziestad,Oklahoma,Ethiopia
5274,Maria,Calhoun,susanhubbard@example.net,547 Nguyen Prairie,South Gary,Mississippi,Liberia
5275,Jean,Hamilton,joshua61@example.com,970 Wilson Grove,Wilsonburgh,Virginia,Guernsey
5276,Aaron,Bailey,fraziersusan@example.net,90468 Kim Passage Apt. 461,South Alexandra,Hawaii,Spain
5277,Michael,Scott,colemanannette@example.net,40064 Cabrera Pike,New Derrickchester,Tennessee,Norfolk Island
5278,Jennifer,Ferguson,alexis66@example.org,663 Jimenez Corners,East Georgeton,North Carolina,South Africa
5279,Alison,Mendoza,jburnett@example.com,4719 Gates Square Apt. 313,West Andrewmouth,Pennsylvania,Marshall Islands
5280,Anthony,Ward,glee@example.org,773 Russell Glens Apt. 223,Brendaborough,New York,United States of America
5281,Vanessa,Rodriguez,jessejackson@example.net,156 Sharon Springs Suite 692,Cohenbury,Texas,Hong Kong
5282,Kenneth,Mack,danielsmith@example.com,3356 Smith Forges Suite 859,Andrewview,Alaska,Antarctica (the territory South of 60 deg S)
5283,Christopher,Lang,floresdanny@example.net,28813 Lindsey Pine Apt. 290,Jacksonport,Indiana,Yemen
5284,Brian,Bentley,cellis@example.com,52263 Johnston Highway Suite 243,West Jessica,Minnesota,Paraguay
5285,Jamie,Anderson,gonzalesmary@example.com,33167 Kaiser Harbors Suite 621,Jennifermouth,Indiana,Netherlands
5286,Natalie,Jones,bryan64@example.net,35869 Kim Prairie Apt. 261,Clarkeport,Kentucky,Montserrat
5287,Timothy,Barton,phillipcarpenter@example.net,437 Arthur Shoals,Timtown,North Dakota,Isle of Man
5288,Patricia,Alvarez,dmccann@example.org,66404 Zavala Mills,Port Rhondafort,Washington,Macao
5289,Amber,Haas,andersonjessica@example.com,305 Gregory Lake Suite 152,Brownborough,Tennessee,Antigua and Barbuda
5290,Luis,Smith,austinbrandon@example.com,46197 Wells Ford,Lake Lindamouth,Georgia,Israel
5291,Mark,Davis,markwilliams@example.net,74079 Cummings Creek,Jacksonstad,Arkansas,Vanuatu
5292,Erica,Melendez,ohenry@example.com,180 Smith Plaza Apt. 135,New Erica,Delaware,Tokelau
5293,Mark,Wagner,davidfrey@example.org,1422 Christopher Burgs,Justinfort,Louisiana,United States Minor Outlying Islands
5294,Sarah,Williamson,aliaaron@example.com,72260 Henry Gardens,Campbellville,Idaho,Algeria
5295,Edward,Little,hsanders@example.net,3438 Preston Key Suite 177,Thompsonside,Illinois,Belgium
5296,Richard,Collier,boydbrian@example.net,146 Jennifer Valleys Apt. 689,Clarkstad,Tennessee,Saint Pierre and Miquelon
5297,Benjamin,Jordan,rhonda34@example.com,10534 Morales Springs,New Carrieborough,Kentucky,Honduras
5298,Melissa,Green,hhill@example.org,639 Wood Manors Suite 646,East Justin,Mississippi,Bolivia
5299,Candice,Morrison,hensonkeith@example.net,79637 Powers Isle Apt. 734,Port Benjaminside,Illinois,Romania
5300,Jeanette,Rodriguez,christopher48@example.net,704 Duke Street,North Jasminborough,Illinois,Tonga
5301,Jose,Perkins,rodriguezjohn@example.com,19427 Kline Row Apt. 979,New Lisa,Alabama,Benin
5302,Zachary,Oneal,lori10@example.net,782 Chavez Bridge Suite 158,Lake Andrewshire,Oklahoma,Azerbaijan
5303,Amy,Moore,cjones@example.com,05762 Paul Stravenue,New James,Washington,Serbia
5304,Tyler,Morales,jessegonzalez@example.net,244 Hall Viaduct Suite 442,Longhaven,Colorado,Anguilla
5305,Angel,Raymond,julieyu@example.org,610 Brenda Route,Aguilarville,Minnesota,Algeria
5306,Crystal,Williams,fgilbert@example.net,1702 Lewis Cliff,Finleybury,New Mexico,Vietnam
5307,Corey,Anderson,juangarcia@example.com,7108 Mike Locks Apt. 964,Lake Terry,Indiana,Svalbard & Jan Mayen Islands
5308,Bethany,Saunders,cruzjoseph@example.org,29449 Lopez Points,Owensport,Iowa,Portugal
5309,Monique,Boyle,davisdaniel@example.org,4053 Melissa Meadow Suite 627,Tinashire,Tennessee,Gibraltar
5310,Joseph,Wright,guyvega@example.org,851 Mitchell Locks,Gardnerton,New Hampshire,Uganda
5311,Richard,Jacobson,ocarter@example.net,227 Johnson Well,Meghanfort,Rhode Island,Palau
5312,Zachary,Newton,sblack@example.com,462 Hall Rue,Traviston,Michigan,Dominican Republic
5313,Austin,Johnson,taylorvictoria@example.com,99407 Mcdowell Drive,West Debraland,Pennsylvania,Taiwan
5314,Jennifer,Lopez,alexandria16@example.com,762 Miles Pike,Port Teresa,Minnesota,Ireland
5315,Tyler,Smith,stephensroger@example.org,6380 Gonzalez Junction,West Jasminebury,Alabama,Tonga
5316,Scott,Phillips,matthew78@example.org,011 John Drive,Davisport,Illinois,Hong Kong
5317,Scott,Jackson,ronald02@example.org,9080 Woodward Island Apt. 565,Danabury,Ohio,Slovenia
5318,Bethany,Cruz,christinamills@example.org,900 Janet Shore Apt. 401,Port Leroytown,Michigan,Lebanon
5319,Tammy,Shaw,obaird@example.net,194 Denise Landing,Lake Waynefurt,Alabama,Bhutan
5320,Whitney,Green,amypowell@example.org,37277 Grant Freeway,East Cindyville,Louisiana,Panama
5321,Patrick,Johnson,avilacandace@example.net,59794 Mckee Parks Suite 165,Taraburgh,Georgia,Guernsey
5322,Tina,Collins,andrea47@example.com,5978 Cassandra Turnpike Apt. 883,New Juliefort,Nevada,Senegal
5323,David,Payne,jon83@example.org,25158 Mary Trace Suite 070,West George,Ohio,Holy See (Vatican City State)
5324,Philip,Levine,schmidtricardo@example.org,457 James Drive Suite 232,Robertview,Montana,Rwanda
5325,Cameron,Brown,plittle@example.net,595 Jenna Forges,East Michael,West Virginia,Iceland
5326,Grant,Hays,ryan84@example.com,505 Chang Orchard,Lake Jamesmouth,Iowa,Botswana
5327,Annette,Smith,ortizpatrick@example.net,494 Larry Prairie Suite 749,South Nicholas,Vermont,French Guiana
5328,Lonnie,Salas,danaleonard@example.org,1110 Nicholas Row Apt. 352,Masonfurt,Vermont,Senegal
5329,Brent,Flowers,fwalker@example.org,40425 Michael Harbor Suite 260,Port Nancytown,Maryland,China
5330,Jonathan,Goodwin,smithjames@example.org,457 Young Lock Suite 350,Colemanshire,North Dakota,Nigeria
5331,Derrick,Gutierrez,paul69@example.net,88570 Bradford Manors Suite 622,Lake Robinchester,Missouri,Andorra
5332,Heather,Patel,qbaker@example.net,89766 Danielle Underpass Suite 787,Brownton,Maryland,Lesotho
5333,Richard,Griffin,hjimenez@example.net,59512 James Ridge,Jeffreyburgh,South Dakota,Trinidad and Tobago
5334,Andrew,Sparks,logankenneth@example.com,304 Hahn Parks,Smithton,Arkansas,Oman
5335,Lindsey,Moore,ycarter@example.net,4870 Megan Cliff Suite 871,New Joseph,Oklahoma,Syrian Arab Republic
5336,Sharon,Decker,baileychristina@example.com,771 Phillip Causeway,Brownland,Texas,Luxembourg
5337,Jason,Obrien,bishopdaniel@example.com,744 Manuel Meadows,Jamesmouth,West Virginia,Russian Federation
5338,Timothy,Brewer,nwyatt@example.net,3191 Deleon Corners,Rogershaven,Missouri,Lithuania
5339,Brandon,Gibson,zhangjoyce@example.net,30203 David Lakes,Stewartview,Mississippi,Cyprus
5340,Stephanie,Weber,olloyd@example.net,75591 Joshua Branch,Leviborough,Arkansas,Burundi
5341,Jason,Martinez,vsilva@example.com,737 Barbara Plain Apt. 118,Lake Katie,Oklahoma,Spain
5342,Peter,Buck,keyjacqueline@example.org,291 Meredith Point Suite 927,Rhondaburgh,Rhode Island,Norfolk Island
5343,Justin,Stewart,kwilliams@example.org,61978 Hamilton Isle,South Timothyshire,Washington,Bolivia
5344,Rachel,Conway,jacobdelgado@example.org,6080 Carlson Prairie Suite 228,Ruizbury,Texas,Qatar
5345,Daniel,Mcclain,angel13@example.net,23206 Mario Land Suite 367,Ralphberg,West Virginia,Guinea-Bissau
5346,Lorraine,Yoder,kevinmccormick@example.com,6983 Benjamin Forges Suite 598,Edwardshire,Nebraska,Sao Tome and Principe
5347,Brittany,Armstrong,obrooks@example.net,740 Anderson Junctions,East Robertside,West Virginia,Brunei Darussalam
5348,Daniel,Wong,ymorales@example.org,84603 Mills Ranch Suite 861,Caitlynfurt,Washington,Finland
5349,Kevin,Hampton,corey99@example.org,59896 Ward Shore Suite 189,Port Rachelmouth,West Virginia,Madagascar
5350,Karen,Ellis,lestes@example.org,739 Christian Forks Apt. 000,Rebeccaview,Louisiana,Estonia
5351,Curtis,Palmer,millertanya@example.com,138 Green Trace,Dustintown,Alabama,Guinea
5352,Janet,Watson,jdavis@example.net,45505 James Expressway Suite 336,Josephton,South Carolina,Nigeria
5353,Roger,Evans,michaelibarra@example.org,27719 Hayes Glen,Riverachester,Ohio,Sao Tome and Principe
5354,Deanna,Park,rpittman@example.net,95506 Miller Lane,New Jillside,Connecticut,Nicaragua
5355,Joshua,Houston,ramirezjames@example.net,26953 Stafford Port,New Sarah,Louisiana,Christmas Island
5356,Collin,Kelley,brownderrick@example.com,6770 Adkins Skyway,New Jeremymouth,Vermont,Uruguay
5357,Darlene,Castro,kenneth94@example.com,651 Alexander Gateway,West Heather,West Virginia,Kazakhstan
5358,Kayla,Russell,david80@example.org,5048 Smith Common Suite 984,New David,Iowa,Kenya
5359,Veronica,Simon,kgalvan@example.org,31137 Martin Turnpike,New Lisa,Ohio,Portugal
5360,Brittney,Carter,aaronrodriguez@example.net,7014 Jessica Lodge Apt. 580,Lake Kylechester,Arkansas,Egypt
5361,Christopher,Lee,jeffreydavis@example.net,09029 Gonzalez Ford,Jennifershire,New Jersey,Azerbaijan
5362,Michelle,Clay,perezstephen@example.net,3145 Ann Heights Suite 187,East Theodore,Wisconsin,Belize
5363,Alexis,Villegas,vrose@example.org,1899 Davis Park Suite 379,Katiestad,Louisiana,Denmark
5364,Ronald,Forbes,dbranch@example.net,32684 Oconnor Cliffs,Jonathanport,West Virginia,Estonia
5365,Ashley,Delgado,hcarter@example.com,2076 Brenda Mountain Apt. 100,Lucasmouth,Maine,Chile
5366,David,Velasquez,angela20@example.com,78187 Brown Street Suite 286,Sherrifort,Montana,Liberia
5367,Evelyn,Sanchez,pthornton@example.org,959 Nathan Plaza Apt. 914,South Brianfurt,Wisconsin,Albania
5368,David,Calhoun,stephanie53@example.net,4297 Gilbert Squares Suite 662,Jillchester,Utah,Mongolia
5369,Jason,White,seanlopez@example.org,2386 White Forge,New Stevenchester,Montana,Ukraine
5370,Michael,Lewis,carlsontiffany@example.com,431 Davis Street Suite 373,North Sarahchester,Maryland,Yemen
5371,Sarah,Jennings,gbrown@example.com,6442 Anita Row,Jenniferhaven,Maine,Thailand
5372,Thomas,Nelson,tlane@example.org,11322 Brandon Wall,New Zacharyland,Illinois,Belgium
5373,Derrick,Schaefer,shannon65@example.org,61310 Brooks Light,Stephensside,Idaho,Benin
5374,Steven,Walters,duane68@example.com,3095 Debra Extensions Suite 324,Chavezstad,North Carolina,Bhutan
5375,Kelly,Boyd,wmendoza@example.com,7465 Amanda Point Apt. 224,East Jennifer,Georgia,Jordan
5376,Justin,Bean,tamaracantrell@example.com,40531 Jose Coves Apt. 818,Hobbsburgh,Missouri,India
5377,Kristi,Jackson,jaclynjensen@example.net,9274 Daniel Divide,Lake Lisa,Wyoming,Palestinian Territory
5378,Jamie,Johnson,mcarson@example.net,06895 Marks Center,Lake Elizabeth,Rhode Island,Norfolk Island
5379,David,Smith,linda16@example.org,73516 Harrison Skyway Suite 952,Johnsontown,Louisiana,Mali
5380,Jennifer,Middleton,williamwhite@example.net,346 Kevin Bridge Suite 112,South Kelly,Arizona,South Georgia and the South Sandwich Islands
5381,Jeffrey,Sloan,connie23@example.com,6496 Susan Place Suite 825,Rasmussenmouth,Alabama,Gabon
5382,Kathy,Campbell,samanthalowery@example.org,06729 Taylor Canyon Apt. 468,South Robertburgh,Texas,Bhutan
5383,Alexis,Russell,clarkjoshua@example.net,70812 Camacho Course Suite 375,Jonesburgh,Delaware,Indonesia
5384,Lisa,Tucker,lcrosby@example.net,52233 Alexandra Ville Suite 774,Benjaminborough,New Hampshire,Guam
5385,Chad,Bailey,lewislori@example.net,591 Mark Shoal,East Charles,Arizona,Russian Federation
5386,Mark,Sullivan,laurarangel@example.org,175 Brittany Light,Mcdanielland,Maryland,Kyrgyz Republic
5387,Kevin,Thomas,sharonpatterson@example.net,571 Dean Pines,East Saraberg,Colorado,Russian Federation
5388,Jessica,Williams,ncook@example.net,086 Johnson Extensions,Mckenzieport,Iowa,Moldova
5389,Justin,Hill,aprilbenjamin@example.net,830 James Ford Apt. 380,Cantufurt,North Carolina,Suriname
5390,Adrian,Shannon,sullivantoni@example.net,667 Robert Trail Suite 872,Ginashire,Oregon,Romania
5391,Patrick,Steele,alexanderbartlett@example.org,0593 Wilcox Throughway,East Crystalbury,Alaska,Palestinian Territory
5392,Kathryn,Martinez,lewisstephen@example.org,6538 Teresa Prairie Suite 652,Lake Emily,Texas,Spain
5393,Luis,Reyes,ythompson@example.net,674 Vaughn Falls,Millsborough,Texas,Denmark
5394,Lisa,Lewis,michellestrickland@example.org,077 Bell Circle Apt. 479,Reedland,Georgia,Niger
5395,Priscilla,Kaufman,zwalters@example.net,29315 Brenda Locks Apt. 641,West Jenniferberg,California,Saint Barthelemy
5396,Yolanda,Simmons,umcneil@example.com,8598 Daniel Valleys Suite 156,East Bridgetchester,Florida,Zimbabwe
5397,Matthew,Hall,jeffrey89@example.com,005 Alexander Extensions Suite 066,Harrisview,Ohio,Albania
5398,Troy,Anderson,holly14@example.com,772 Dwayne Knolls,West Christyfort,Indiana,Sao Tome and Principe
5399,Christina,Wright,nlloyd@example.com,286 Alvarez Garden Suite 185,Munozmouth,Montana,Suriname
5400,Hayley,Diaz,codybarker@example.net,099 Rebecca Drive,Ericaberg,Michigan,Nepal
5401,James,Diaz,mary82@example.net,1341 Debra Squares Apt. 614,North Lori,Georgia,Turkey
5402,Austin,Phillips,sjohnson@example.org,043 Watson Ville Suite 569,Brownbury,Washington,Saint Helena
5403,Debbie,Pearson,lbowman@example.org,071 Lane Drive,New Alexiston,Alabama,Tokelau
5404,Daniel,Hill,christopherwashington@example.com,59005 Ryan Mountains,Ramosburgh,Montana,Greenland
5405,Larry,Russell,qrivera@example.org,35111 Kayla Walks,New Jacquelineville,Illinois,Saint Lucia
5406,Nicholas,Cook,smitchell@example.org,51749 Goodwin Parks,Carrfurt,Hawaii,South Africa
5407,Thomas,Hughes,jonathanfernandez@example.org,6028 Patrick Cliffs Apt. 566,New Pamfort,Rhode Island,United States of America
5408,Michelle,Taylor,sheila93@example.com,73512 Sandra Gardens Apt. 079,New Carrieton,Nevada,Colombia
5409,Anthony,Thompson,daniel28@example.org,0128 Joseph Haven,Weissfurt,Oklahoma,Mexico
5410,Renee,Boyle,helenjohnson@example.com,359 Sims Stream Apt. 400,Turnertown,Georgia,Holy See (Vatican City State)
5411,Brianna,Myers,twilson@example.org,6202 Johns Islands Apt. 945,Shaunfort,Delaware,Saint Barthelemy
5412,Kayla,Bowers,vwilson@example.org,3767 Scott Pike,Nathanview,Georgia,French Polynesia
5413,Amanda,Smith,ocunningham@example.com,034 Christopher Lodge Suite 333,Josephburgh,Missouri,Trinidad and Tobago
5414,Kristen,Guerrero,buckkelly@example.org,74366 Lori Vista,Wrightland,Kentucky,Benin
5415,Kathy,Morgan,ghuynh@example.net,12088 Collins Viaduct,South Davidfurt,Washington,Suriname
5416,Jonathan,Suarez,mark18@example.org,8292 Brown Mission Apt. 463,Harperside,Vermont,Colombia
5417,Thomas,Pineda,sethduncan@example.org,2175 Sydney Center,Randyburgh,Oregon,San Marino
5418,Daniel,Harrison,patriciamcconnell@example.com,9300 Davies Creek Suite 523,Ayalaport,Georgia,Zimbabwe
5419,Bailey,Jimenez,mhoward@example.org,94205 Barbara Dale Apt. 355,Mitchellberg,Iowa,Netherlands Antilles
5420,Maria,Martin,cole08@example.net,8879 Nathan Estates Suite 407,Douglasberg,New Hampshire,Burkina Faso
5421,Amy,Solis,sbarry@example.net,005 Sellers Center Suite 613,South Ianborough,Connecticut,Guinea-Bissau
5422,Veronica,Watson,joelcunningham@example.net,63554 Solis Mountains Apt. 774,Erikabury,South Carolina,Gambia
5423,Jennifer,Horton,chandlermaxwell@example.com,21614 Benton Cove Suite 187,East Sarah,New York,Fiji
5424,Tyler,Vargas,laurenrussell@example.org,84303 Sarah Fall Suite 511,Lake Heather,New Jersey,Austria
5425,Amy,Wilson,david41@example.com,42088 Gomez Estate Suite 752,Michaelburgh,Tennessee,Sierra Leone
5426,Jennifer,Young,andrea44@example.net,06845 Smith River Apt. 446,West Kathrynland,Alaska,Tanzania
5427,Kyle,Smith,jacksonjennifer@example.org,20682 Sparks Fort Apt. 440,North Cindy,Alaska,Ghana
5428,Derrick,Arias,heathjessica@example.org,20873 Jeremy Center Suite 424,Port Danielle,Alabama,Kyrgyz Republic
5429,Joshua,Powell,martinezvictoria@example.net,0315 Contreras Lane Suite 313,New Brendafurt,Nevada,Puerto Rico
5430,Michelle,Schmidt,bankstina@example.net,9846 Gomez Locks,North Jeremy,North Dakota,Korea
5431,Brittany,Shelton,aaron06@example.org,0967 David Mission,Davidview,Florida,Cuba
5432,Jacob,Williams,autumn73@example.net,59415 Murray Causeway Apt. 138,West Brandon,Rhode Island,Greece
5433,Jacob,Russell,haroldrojas@example.com,72807 Beard Stream Apt. 498,North Jennifer,Illinois,Isle of Man
5434,Joseph,Smith,mercedes58@example.com,98398 Kevin Mountains Apt. 397,Port Sydney,Washington,Guernsey
5435,Jacob,Summers,pmorgan@example.org,856 April Ramp Suite 285,New Lisa,Iowa,Holy See (Vatican City State)
5436,Tina,Ward,lauraholden@example.org,4284 Reese Mills,Port Kevinton,South Carolina,Chad
5437,Mark,Mcdowell,lawrencejoshua@example.net,132 Pamela Mill,West Willieton,Iowa,Sweden
5438,David,Howard,alvareztaylor@example.net,4742 Adams Creek,Sandrachester,Maine,Trinidad and Tobago
5439,Derek,Chen,bianca74@example.org,8832 Robert Underpass Suite 217,Port Jenniferborough,New Mexico,Martinique
5440,Anthony,Taylor,dennislaura@example.com,31639 Stephanie Field Suite 987,Oscarstad,Michigan,Iceland
5441,Lindsay,Grimes,peter25@example.net,34104 Green Ford Apt. 339,Tarahaven,Nebraska,Bolivia
5442,Glenda,Davis,tina73@example.com,9956 Christopher Lodge Suite 204,West Audreyland,Oregon,Hungary
5443,Larry,Richard,aberger@example.org,7422 Frazier Well Suite 196,South Natasha,Florida,Fiji
5444,Nathan,Deleon,manuel64@example.org,3408 Fletcher Grove Suite 177,South Timothyview,Ohio,New Zealand
5445,Ryan,Gardner,gregorycooper@example.org,2157 Baker Forest Suite 343,Lake Donald,Tennessee,Uganda
5446,Marc,Nelson,fgarrett@example.com,58131 Wilson Extension,Port Aimee,Virginia,Nigeria
5447,George,Sutton,scott59@example.net,06303 Michele Well,Michaelfurt,Florida,San Marino
5448,John,Davis,imayer@example.net,29869 Mark Hill Suite 772,Brandonfurt,Tennessee,Saint Martin
5449,Patricia,Rodriguez,julie46@example.com,205 Kara Coves,Johnsonview,Rhode Island,Cameroon
5450,Melissa,Walton,jasmine10@example.net,43228 Mark Roads Apt. 628,East Brian,New Hampshire,Tanzania
5451,Nancy,Mccoy,rodriguezshelley@example.com,2508 Martin Lock,New Josephstad,Nebraska,Spain
5452,Cindy,Camacho,beverly97@example.com,73311 Wells Dam,Lake Sophiaberg,Washington,Swaziland
5453,Tammy,Barnett,tsmith@example.com,59843 Lynn Street,Youngberg,Vermont,Monaco
5454,Tyler,Williamson,katelyn50@example.org,1142 Mayer Gateway Apt. 501,West Elizabeth,New Mexico,Mali
5455,Richard,Davis,john64@example.com,3105 Morgan Mission,Lake Christopher,Maryland,Estonia
5456,Mallory,Thomas,rowerobert@example.org,110 Smith Rue,Taylorview,South Dakota,Vietnam
5457,Ariel,Simmons,jameshoward@example.org,951 Williams Causeway,South Monica,Florida,Honduras
5458,Tonya,Simmons,wkaiser@example.org,39205 Ashley Glens,South Samanthashire,Arkansas,Turkmenistan
5459,Richard,Evans,tmiller@example.org,09224 Christensen Route Suite 552,New Williamfort,Maine,Guatemala
5460,Anthony,Thompson,barbarafisher@example.net,425 Rebecca Loaf,Pittstown,Mississippi,Iraq
5461,Edward,Gonzalez,pbell@example.com,876 Joseph Motorway,Wardstad,Nebraska,India
5462,Justin,Edwards,rhudson@example.org,0538 Alexander Trafficway Suite 735,North Melanieville,New Jersey,Maldives
5463,Brian,Mills,amanda20@example.org,977 Church Street Apt. 204,Porterberg,Rhode Island,Turks and Caicos Islands
5464,Michael,Miller,wferguson@example.com,55068 Dana Forge,Tracyport,Florida,Finland
5465,Monica,Jimenez,knoxjanice@example.org,79946 Kane Green Apt. 839,East Brooke,New York,Suriname
5466,Jill,Bridges,dalerowe@example.net,664 Melanie Cliffs Apt. 655,Peterborough,Arkansas,Morocco
5467,Jessica,Shea,skinneralfred@example.org,37025 Williams Extensions,Ryanland,Louisiana,Korea
5468,Shawn,Brown,langsonya@example.org,555 Kevin Road Suite 067,Martinezfort,Hawaii,Syrian Arab Republic
5469,Brandon,Serrano,nbanks@example.net,3740 Timothy Gateway Apt. 141,Farrellmouth,Oklahoma,China
5470,Robin,Anderson,pwaters@example.com,30438 David Gateway Suite 454,Jonathanport,Massachusetts,Italy
5471,Debra,Powell,smithtyler@example.net,09439 Castillo Manor,Lake Christopher,Washington,Guam
5472,Deborah,Vaughn,dustin11@example.org,286 Christopher Harbors,Ianville,Alaska,Namibia
5473,Brian,Sanchez,regina90@example.com,6789 Willis Summit Suite 853,East Beverlystad,North Dakota,Saint Martin
5474,Anthony,Madden,lisa81@example.com,050 Jeremiah Views Suite 512,Zimmermanview,New Mexico,Eritrea
5475,Diana,Vasquez,dayerik@example.com,37988 Little Villages,Port Valerie,Nevada,Georgia
5476,Angela,Campbell,lisa58@example.org,75887 Derrick Glen,Taylormouth,Mississippi,United States Virgin Islands
5477,Edward,Caldwell,john82@example.org,7739 Nicole Flat,Elizabethside,Vermont,Vietnam
5478,Kelly,Gonzales,anthonydunn@example.org,3835 Sarah Skyway Suite 987,Port Roger,Florida,Uruguay
5479,Jose,Carrillo,webershelby@example.com,131 Wilson Walks Apt. 216,Andersonhaven,Maryland,Cote d'Ivoire
5480,James,Meadows,laura56@example.org,70080 Pratt Path,South Julie,Arkansas,Ghana
5481,Martin,Fuller,xchambers@example.org,433 Watson Flat,South Loriborough,Texas,Cook Islands
5482,Angela,Thomas,tsanders@example.net,155 Virginia Lake,East Davidmouth,Wisconsin,Argentina
5483,Daniel,Hart,amber67@example.org,06333 Shane Fall,South Sheila,Maryland,Iraq
5484,Jessica,Johnson,gregory12@example.org,6750 Morgan Creek,Timothyshire,Florida,Anguilla
5485,Dominique,Gordon,howarddylan@example.com,2484 Gregory Island Apt. 433,South Brandon,Arkansas,Jersey
5486,Brett,Mays,hamptonrandy@example.net,528 Rodriguez Stream,Bradyfurt,Arkansas,Nigeria
5487,Zachary,Nielsen,josephwashington@example.com,27665 Gregory Key,Torresland,Colorado,Slovakia (Slovak Republic)
5488,Anthony,Evans,shelby37@example.com,3107 Davidson Mills Apt. 803,Pollardstad,Minnesota,Suriname
5489,Matthew,Sullivan,alan70@example.org,0790 James Drives Suite 678,Knoxland,Illinois,Panama
5490,Cameron,Singleton,rdavis@example.net,696 Smith Pine Apt. 329,Davenportton,Iowa,Martinique
5491,Melissa,May,millerkatherine@example.com,230 Oscar Crescent,Shaunmouth,Alabama,Wallis and Futuna
5492,Gregory,Nguyen,jonesmark@example.com,75613 Whitney Points,North Robertstad,Georgia,Honduras
5493,Rhonda,Moreno,millerdavid@example.org,79013 Turner Forges,Dukeville,Connecticut,Singapore
5494,Timothy,Ward,zpace@example.com,291 Mike Wells Suite 910,Ashleyland,Oregon,Tajikistan
5495,Cristian,Parrish,stefaniecolon@example.org,348 Ali Mountain Apt. 207,South Crystalburgh,California,Maldives
5496,William,Jones,dianebaker@example.com,34478 Gates Spring Suite 972,Port Kristina,Montana,San Marino
5497,Brandi,Gutierrez,peter59@example.org,80550 Scott Extensions,Farmerchester,Kentucky,Haiti
5498,Robert,White,cooperchelsea@example.org,393 Brown Burg,East Micheal,Louisiana,British Indian Ocean Territory (Chagos Archipelago)
5499,Melanie,Soto,erik93@example.org,385 Brittany Route Suite 760,Kristenmouth,Pennsylvania,Mayotte
5500,Caroline,Smith,alexis63@example.com,160 Steele Stravenue Apt. 985,North Robin,Alabama,Mali
5501,Susan,Welch,john67@example.org,258 Dylan Ports,New Derrickmouth,Tennessee,New Caledonia
5502,Jennifer,Moore,tracyrobinson@example.org,786 Colon Lake,South Nathan,North Dakota,Pakistan
5503,Ashley,Martin,reidmary@example.com,92328 Joshua Walks,Mistyhaven,Connecticut,Macao
5504,Jeffrey,Garrett,karen90@example.org,79866 Nelson Pass,South Jessica,Virginia,Lao People's Democratic Republic
5505,Jason,Fox,fhoffman@example.org,875 George Drive Apt. 842,Christopherland,South Dakota,Libyan Arab Jamahiriya
5506,Amanda,Reyes,fwilcox@example.org,78299 White Stream Suite 027,Kevinstad,Utah,Sri Lanka
5507,Mary,Brown,belldawn@example.org,0542 Gregory Landing Suite 432,Sandersview,Washington,Albania
5508,Patrick,Huerta,jeremiahcooper@example.com,4921 Yates Camp,East Patricia,Louisiana,Netherlands
5509,Craig,Adams,randyyoung@example.net,7019 Samantha Roads Suite 174,New Jamesview,Tennessee,Zambia
5510,Thomas,Burke,crystal29@example.com,578 Christopher Junction Suite 313,Kevinshire,Hawaii,Uzbekistan
5511,Barbara,Hernandez,rebeccabrown@example.net,0179 Hall Square Apt. 996,North Mitchellberg,Maryland,Libyan Arab Jamahiriya
5512,Seth,Estrada,alvarezsamantha@example.com,919 Jefferson Divide Apt. 297,Richardshire,Arkansas,Anguilla
5513,Donna,Nelson,odiaz@example.org,5327 Taylor Hollow Suite 975,South Arianatown,Arizona,Chad
5514,Heather,Johnson,melissahawkins@example.com,7350 Sharon Manors,Lake Ethanberg,Nebraska,Saint Martin
5515,Bruce,Patel,thompsonarthur@example.net,48018 Lewis Parkway,Port Sarah,Oklahoma,China
5516,Jeffrey,Vaughn,dudleymichele@example.org,5043 Mullins Extensions Suite 698,Kristinmouth,Vermont,Uganda
5517,Nathan,Baker,robertsjason@example.org,4822 Christopher Coves,Robertmouth,New York,Cote d'Ivoire
5518,Nina,Cordova,simmonschristopher@example.net,79877 Aaron Plain Apt. 397,East Adamberg,New Jersey,New Zealand
5519,Ashley,Webb,kimberlyshaw@example.net,7413 Pamela Mission Suite 443,Johnburgh,Tennessee,Mauritania
5520,Robert,Gonzales,joseph79@example.net,9190 Megan Centers,Bethfurt,Kansas,Brazil
5521,Patricia,Thomas,cardenasjoanne@example.org,061 Christina Crossing,East Matthewside,Maryland,Oman
5522,Kristen,Howard,kelly14@example.org,5117 Dillon Avenue,West Danielburgh,California,Mali
5523,Seth,Strong,pbailey@example.com,69229 Lauren Bridge,New Christina,New Mexico,British Virgin Islands
5524,David,Ramirez,gabrielle62@example.com,18701 Jacqueline Lock Apt. 333,West Johnathan,Alabama,India
5525,Lisa,Garrett,amybeck@example.net,1247 James Village Suite 121,East Samuel,Louisiana,Saint Lucia
5526,Molly,Zamora,jimmy97@example.org,2197 Hamilton Views Apt. 090,South John,Alabama,Taiwan
5527,Jon,Lynn,douglastaylor@example.com,35981 James Summit Apt. 724,Taraside,South Carolina,Austria
5528,Ann,Padilla,lodom@example.org,035 Carla Gardens,West Hunter,Washington,Switzerland
5529,Kimberly,Jackson,heidi27@example.com,18513 Michele Plaza Apt. 916,Melissamouth,Alabama,Kenya
5530,Anna,Welch,ginagordon@example.com,5201 Timothy View,New Mariaport,Wyoming,United Arab Emirates
5531,Jonathan,West,wilsonanthony@example.net,8863 Francis Haven,Lake Brandiland,Wisconsin,Comoros
5532,Richard,Murray,karengillespie@example.com,9371 Price Ridges,Thompsonfurt,Nevada,Bosnia and Herzegovina
5533,Todd,Knox,jjackson@example.org,417 Richards Branch Apt. 172,South Brianna,Ohio,Bosnia and Herzegovina
5534,Kimberly,English,cookjoyce@example.org,30845 Meyer Manor,West Lonnie,Indiana,Tanzania
5535,Robert,Bell,jessecoleman@example.org,265 Alicia Streets,Lake Jessicafurt,Utah,Hungary
5536,Timothy,Russell,balljoseph@example.net,317 Rodney Falls,East Tammyshire,New York,Dominican Republic
5537,Jennifer,Rogers,owilliams@example.com,481 Jennifer Extension,West Leahborough,Texas,Suriname
5538,Daniel,Porter,millerricardo@example.net,2164 Walter Heights Apt. 431,Morrisport,South Carolina,Saint Pierre and Miquelon
5539,Julia,Arnold,tmcmahon@example.com,82362 Hess Trafficway,Lake Jon,Illinois,Niger
5540,Ronald,Herrera,justin59@example.org,766 Hicks Square,North Brian,Maryland,Argentina
5541,Sarah,Schmidt,emiller@example.com,680 Amanda Lakes Apt. 525,West Jamiemouth,Ohio,Netherlands Antilles
5542,Christopher,Lane,patricia92@example.com,1713 Carolyn Courts Apt. 075,South Julie,Vermont,Costa Rica
5543,Micheal,Silva,peckkelly@example.org,3851 Amy Flats,Geoffreytown,New York,Latvia
5544,David,Lynch,whiteautumn@example.org,344 Hardin Overpass,Lake Janet,Idaho,Malta
5545,Kelsey,Moore,dennis25@example.com,8819 Oscar Estate Apt. 882,Dawnton,Delaware,Cocos (Keeling) Islands
5546,John,Lee,awhitaker@example.net,576 Victor Plain Apt. 141,Port Stevenbury,Alaska,Luxembourg
5547,Roger,Dickerson,psmith@example.org,352 Kyle Rest,East Williamview,Alabama,Kenya
5548,Amanda,Williams,ayersamber@example.com,283 Smith Corner Apt. 129,Webbport,South Carolina,Fiji
5549,Tammy,Harmon,sandraweiss@example.net,031 Dawn Corner Suite 657,South Brandon,Nebraska,Iraq
5550,Michael,Cox,fsexton@example.net,1062 Tony Rapids Apt. 595,Bryanton,Nevada,Cocos (Keeling) Islands
5551,Kelli,Wood,tannerjones@example.com,302 Brian Drive Suite 849,Thomaston,Utah,Vietnam
5552,Robert,Smith,nelsonnicholas@example.com,0559 Jessica Manor,New Briannaport,Delaware,Namibia
5553,Peter,Evans,buchanandebra@example.net,1632 Mullins Orchard,Lorimouth,Washington,Albania
5554,Andrea,Moore,geoffrey39@example.org,389 Jennifer Ferry Apt. 390,Johnstad,Wyoming,Namibia
5555,Brenda,Nicholson,caroline35@example.com,74208 John Spur,Michaelborough,Nebraska,United Kingdom
5556,Joy,Mitchell,hughesalicia@example.org,938 Little Junction,North Andrew,Hawaii,Austria
5557,Lucas,Richards,wwood@example.net,546 Roger Avenue,South Nicholas,Minnesota,South Africa
5558,Bailey,Snyder,wford@example.com,3178 Christina Falls Apt. 332,North Taylor,Wyoming,Paraguay
5559,Brittney,Robinson,noah68@example.net,99533 Jason Viaduct Apt. 104,Williamsstad,North Carolina,Mexico
5560,Christopher,Castro,nancyvelazquez@example.com,85695 Fitzgerald Via Apt. 798,North Roger,Texas,Nauru
5561,Corey,Kennedy,ruben82@example.com,86782 Jonathon Dam Suite 954,North Josephview,Arizona,Monaco
5562,Damon,Alexander,wilsonmatthew@example.com,7618 Rangel Underpass,New Stanleyfurt,Missouri,Panama
5563,Colleen,Lopez,michele61@example.com,445 Griffith Roads,North Brian,Nebraska,Andorra
5564,Christopher,Gonzales,kayla61@example.net,424 Joseph Cape,Juliaview,Indiana,Lithuania
5565,Mathew,Wagner,dmorales@example.net,896 Bruce Run,Port Ryanburgh,Indiana,Oman
5566,David,Lee,austinwillis@example.org,592 Phillips Ford,Hopkinsbury,Massachusetts,Georgia
5567,Donna,Smith,yharris@example.net,9193 Judith Rest Suite 271,Jennahaven,New Hampshire,Sri Lanka
5568,Diamond,Rocha,karen22@example.com,958 Cox Road,Port Matthewland,Idaho,Ukraine
5569,Adrienne,Robinson,jorge43@example.com,531 Gonzalez Lights Suite 543,Burkefurt,North Dakota,Western Sahara
5570,Robert,Garcia,reedrichard@example.net,96150 Martin Wall,Joshuaville,New Hampshire,China
5571,Carrie,Bennett,devin52@example.org,723 Gordon Lock Suite 998,Lake Aprilton,New Hampshire,Cape Verde
5572,Jennifer,Jackson,lynn83@example.org,9183 Howard Center Apt. 198,Port Timport,New Jersey,Cape Verde
5573,Lisa,Stevens,kristinatucker@example.net,89526 Torres Loaf Suite 915,South Jason,Maine,Lithuania
5574,William,Scott,don54@example.com,5627 Lambert Square,Lopezchester,Connecticut,Mayotte
5575,Julie,Smith,dustinjenkins@example.org,925 Luna Curve,Cruzton,Iowa,Falkland Islands (Malvinas)
5576,Troy,Liu,ryan35@example.org,219 Mcguire Estate Suite 182,Christopherborough,Connecticut,Cameroon
5577,Shawn,Mata,wigginslouis@example.com,056 Smith Landing,East Elizabeth,Arkansas,Holy See (Vatican City State)
5578,Amanda,Alexander,heathershannon@example.org,63959 Chen Mountains Suite 519,Port Alanshire,Alaska,Bolivia
5579,Victoria,Johnson,dthomas@example.org,349 Edwin Way,Williamsmouth,Idaho,Moldova
5580,Donna,Ray,cooperjake@example.net,90537 Nancy Inlet,Kylemouth,Illinois,Saint Lucia
5581,Jacob,Moore,willie64@example.net,497 Perry River Apt. 316,Amandaton,Wisconsin,Lebanon
5582,Maria,Elliott,jessica70@example.net,467 Madison Orchard,Charleston,Vermont,Cameroon
5583,Joel,Hanson,matthew07@example.net,0972 Miguel Ramp Suite 755,South Darren,New Hampshire,Mali
5584,Lauren,Sellers,robinsondaniel@example.org,25505 Nguyen Forest,Sophiashire,Vermont,Tuvalu
5585,Lori,Jones,blairchristina@example.net,1824 Marshall Cape,West Tylerstad,Kentucky,Singapore
5586,Joseph,Booth,yeseniadavis@example.org,60033 Perez Port Suite 549,West Ashley,Mississippi,Andorra
5587,Elizabeth,Roberts,matthewsjeffrey@example.org,835 Stacy Center Apt. 981,West Ruth,Maryland,Ghana
5588,Jacqueline,Butler,sherylcamacho@example.net,710 Miller Mountain,North Matthewville,Oregon,Korea
5589,Jenna,Bell,nwilkins@example.com,8555 Shaffer Underpass Suite 818,Hillfort,Maryland,Isle of Man
5590,Barbara,Turner,sscott@example.org,8144 Ingram Center,East Eric,Colorado,Seychelles
5591,Devon,Pennington,ana21@example.org,30981 Reid Harbor,South Kayla,Texas,Antigua and Barbuda
5592,Kimberly,Sharp,harrisonjeffrey@example.com,5117 Pearson Freeway,Wayneland,Arkansas,Jersey
5593,Allison,Butler,wrightrachel@example.com,67931 Smith Loaf,Atkinston,Kentucky,Singapore
5594,Anthony,Crane,reyesamanda@example.com,346 Richard Greens,Jermaineport,Illinois,Ethiopia
5595,Theresa,Jenkins,cmora@example.net,3594 Nash Ford,East Timothy,Vermont,Kiribati
5596,Alison,Garrison,hkennedy@example.net,777 Hayes Run Apt. 209,Grahamton,Minnesota,Mauritius
5597,Shelby,Long,norristravis@example.net,456 Watkins Shores,Carterstad,Georgia,French Guiana
5598,Sandra,Reynolds,mark85@example.org,529 Shirley Parkways,South Evelyn,Connecticut,Uganda
5599,Taylor,Brown,johnsonshirley@example.org,85522 Newman Islands Apt. 553,South Gloriashire,Delaware,Algeria
5600,Christopher,Martinez,albert20@example.net,86537 Anthony Expressway Suite 038,East Juliestad,Delaware,Gabon
5601,Mark,Ruiz,heathergrimes@example.com,09970 Michael Common,Lake Nicholas,New Jersey,Yemen
5602,Marc,Hartman,jhernandez@example.net,86384 Massey Pass Suite 668,North Charles,New Hampshire,Philippines
5603,Tracy,Berry,plarson@example.com,952 Mary Ports Apt. 055,Lake Amber,Missouri,Haiti
5604,Jill,Rogers,njones@example.net,060 Michelle Island,New Matthew,Illinois,Chad
5605,Laura,Murphy,michael47@example.com,203 Brenda Path Apt. 279,South Mariaside,Nevada,Heard Island and McDonald Islands
5606,Paula,Ford,scott63@example.net,652 Gill Extension,East Brett,New Mexico,Haiti
5607,Melanie,Morse,paulacoleman@example.com,5903 Ryan Radial Suite 096,East Michael,Alaska,Finland
5608,Jennifer,Castaneda,cgarcia@example.com,8290 Flores Loaf,West Stephanie,Kentucky,Malta
5609,Michael,Bray,kyle05@example.org,2755 Robertson Springs Apt. 744,Nancyberg,Utah,Northern Mariana Islands
5610,Deanna,Schroeder,shernandez@example.net,104 Donna Mill Suite 360,Hillhaven,Tennessee,Portugal
5611,Robert,Williams,nhamilton@example.net,3905 Tammy Port Suite 332,Alexandraside,California,Netherlands Antilles
5612,Jasmine,Hogan,kathleen43@example.com,40159 Audrey Greens Apt. 726,Martineztown,Massachusetts,Bulgaria
5613,Derek,Delgado,leahgomez@example.net,665 Glass Stream Apt. 033,Catherinebury,Washington,Zimbabwe
5614,Randall,Hoffman,jmorales@example.net,0653 Baker Cliffs,West Shaun,West Virginia,American Samoa
5615,Debbie,Sutton,walkercasey@example.net,6415 Buck Spurs Apt. 938,Tylershire,Virginia,Mozambique
5616,Cathy,Leach,gabriel91@example.net,951 Connor Harbor,Carlsonhaven,Washington,Bhutan
5617,Benjamin,Evans,derrickshort@example.com,323 Arellano Streets Apt. 398,East Andrewhaven,Minnesota,Mongolia
5618,Kenneth,Macias,nicholslisa@example.org,63561 Mitchell Green,Johnsonhaven,Nevada,Bosnia and Herzegovina
5619,Karen,Ward,dwilson@example.org,02175 Robert Neck,East Dawnburgh,Missouri,Heard Island and McDonald Islands
5620,James,Wagner,lshepherd@example.com,35046 Shelley Common,Cindymouth,Michigan,Latvia
5621,Christian,Reid,bmarsh@example.net,236 Michael Plains,Port Daniel,Oklahoma,Timor-Leste
5622,Cassandra,Gonzales,porterkim@example.net,449 Long Landing Apt. 233,North Jasonstad,Alaska,Vanuatu
5623,Emily,Hanna,ihiggins@example.com,617 Chen Drives Suite 653,Michaelville,Michigan,Micronesia
5624,William,Smith,ahernandez@example.net,36181 Isabella Junctions Apt. 607,Frankland,North Carolina,Ethiopia
5625,Brandon,Ortiz,ashley95@example.net,28812 Rowe Mount Apt. 460,New Lisa,Wyoming,Honduras
5626,Kelly,Harris,olivia14@example.org,405 Christina Path Suite 795,Lake Jeffreyshire,South Carolina,Heard Island and McDonald Islands
5627,Jeffrey,Pittman,heather86@example.net,528 Jackson Manor,West Troyfurt,Colorado,North Macedonia
5628,Ian,Ward,cookjennifer@example.net,041 Lambert Passage Apt. 856,South Marychester,Indiana,Turks and Caicos Islands
5629,Justin,Hart,scott75@example.org,21778 Stone Fords,Port William,Alaska,Latvia
5630,Mark,Hayes,john86@example.org,6177 Craig Tunnel Suite 679,Jamesville,Delaware,Guinea-Bissau
5631,James,Thompson,nshaw@example.net,6556 Mccarthy Branch,Hayesstad,Hawaii,Mauritius
5632,Matthew,Gibson,nicholsandrew@example.com,608 Dylan Ferry,South Michealmouth,Alaska,Cocos (Keeling) Islands
5633,Brandon,Smith,melissa65@example.com,1901 David Roads Suite 643,North Stephanie,Georgia,Iceland
5634,Courtney,Reyes,millerspencer@example.org,0858 Ruben Extensions,North Amybury,Arizona,Aruba
5635,Beth,West,osbornecandace@example.com,90589 Petersen Ridge,Edwardsstad,Florida,Svalbard & Jan Mayen Islands
5636,Richard,Stevens,snowstephen@example.org,0141 Ibarra Plains Suite 484,Timothyside,Missouri,Ecuador
5637,Catherine,Harper,perryandre@example.org,995 Lara Row Suite 043,South Cristinastad,Arizona,Italy
5638,Adam,Becker,westbrent@example.net,44509 Daniel Coves,South Michelleburgh,Oregon,Solomon Islands
5639,Cheryl,Esparza,rachelrivera@example.org,64197 Martin Alley Suite 616,Port Sherry,Connecticut,Korea
5640,Stanley,Bennett,whitneymedina@example.org,2672 Vanessa Club,Charlesland,New Jersey,Tokelau
5641,Bethany,Barnes,drobinson@example.org,8579 James Forges,New William,Kansas,Uganda
5642,Francisco,Flores,dianedunlap@example.net,689 Katherine Meadows Suite 365,Port Ricky,Florida,Tanzania
5643,Carrie,Smith,billy23@example.org,08587 Collins Mountain,Lake William,Maryland,Niue
5644,Matthew,Vega,hessjennifer@example.com,65222 Jeffrey Spur Apt. 647,Lake Stephanie,West Virginia,Cyprus
5645,Andrew,Clarke,jessicamcclure@example.org,82032 Debbie Crossing Suite 340,Steveland,Maine,Monaco
5646,Douglas,Harris,bennettjennifer@example.com,984 Mcfarland Ports Apt. 058,Joshuatown,Mississippi,Bulgaria
5647,Wesley,Green,nwalter@example.org,553 Ricky Forge,Hillport,North Dakota,Gambia
5648,Marc,Pena,andrew08@example.org,0477 Miller Cliffs Apt. 972,Leeville,North Dakota,Ghana
5649,Wayne,Davis,shill@example.com,2234 Jodi Junctions Suite 838,North Melvin,Arkansas,United Kingdom
5650,Donald,Torres,lbrown@example.com,0642 Haynes Spurs,Griffinside,Virginia,Chad
5651,James,Duarte,jenniferstevens@example.net,26873 Karen Cape,Lewistown,Illinois,Micronesia
5652,Melissa,Coleman,hornhannah@example.net,215 William Radial Apt. 531,Juanberg,Washington,Congo
5653,Billy,Chan,bankstroy@example.com,563 Bennett View,North Hannahfort,Illinois,Sri Lanka
5654,Jennifer,King,williamsmallory@example.net,8203 Jefferson Trafficway,South James,Alaska,French Southern Territories
5655,Christopher,Sanders,galvanmichael@example.org,44409 Duke Rapid Apt. 306,Lake Jordanstad,Georgia,Thailand
5656,Carla,Baldwin,mariedaugherty@example.com,382 Bennett Stravenue Apt. 174,East Victoriaville,Hawaii,Cameroon
5657,Colleen,Taylor,vasquezpaul@example.net,11030 Cox Pines Suite 490,Jessicastad,Mississippi,Malawi
5658,Alan,Howard,andersonapril@example.org,4555 Donna Center Apt. 327,Jensentown,Michigan,Guatemala
5659,Stephanie,Valenzuela,amber61@example.org,88732 Brown Lake,Mckinneyshire,South Carolina,Bhutan
5660,Janet,Bell,nicole70@example.com,804 Woodward Prairie Apt. 305,Laurenchester,New York,Nicaragua
5661,Caroline,Jackson,rmiller@example.org,450 Kimberly Rapid,Lake Philipbury,Montana,Liechtenstein
5662,Alexandra,Rice,gutierrezmichael@example.net,327 Jimmy Common,Alejandroborough,West Virginia,Guadeloupe
5663,Michael,Jensen,gguzman@example.com,27046 Gray Lodge Suite 713,Lake Brandon,Arkansas,South Georgia and the South Sandwich Islands
5664,Charles,Horn,qparker@example.org,696 Best Walks Suite 244,West Pamela,California,Sudan
5665,Erin,Garcia,scott57@example.com,289 Aaron Rest Suite 507,Ashleyberg,Delaware,Korea
5666,Kristen,Moore,xmurphy@example.org,82022 Toni Forge Apt. 638,Port Heather,South Carolina,Antigua and Barbuda
5667,Ryan,Mcmillan,tkramer@example.com,3280 William Viaduct Apt. 583,Shafferview,Ohio,Bhutan
5668,Catherine,Jones,johnsonpatricia@example.net,94402 Jeffery Grove,Richardborough,Louisiana,Tunisia
5669,Kyle,Thomas,brian38@example.org,851 Edgar Fork,Port Elizabethshire,North Dakota,Niger
5670,Tracy,Cook,mcdonaldstacy@example.com,3055 Brandon Bridge Suite 895,Catherineville,Iowa,Somalia
5671,Cindy,Martin,elizabethvillarreal@example.net,00179 Juan Springs Suite 330,Navarromouth,South Dakota,Cambodia
5672,Kimberly,Smith,grossthomas@example.net,321 Lopez Walk Apt. 577,Melissaport,Minnesota,Jersey
5673,Sandra,Hansen,vanessatrujillo@example.com,9760 Russell Park,Jamesstad,Iowa,Cote d'Ivoire
5674,Victoria,Bryant,diananguyen@example.org,68365 Davis Neck,Danielstad,Oklahoma,Djibouti
5675,Adam,Alexander,heather39@example.com,5130 Jamie Valleys,Fieldsfurt,Michigan,Algeria
5676,Jeffrey,Lewis,williamskaren@example.net,5777 Shepherd Junctions Suite 071,West Isabel,Virginia,Sierra Leone
5677,Suzanne,Evans,anthonyjohns@example.com,577 Joshua Expressway,South Christopher,Maryland,French Guiana
5678,Yolanda,Stafford,mosleyjames@example.net,95129 Richard Plains,Timothyside,Pennsylvania,Pakistan
5679,Ronald,Stevens,wardnicole@example.com,828 Bill Road Suite 449,Port Rebeccaside,Maryland,Christmas Island
5680,Elizabeth,Allison,eparker@example.net,12231 Samuel Court,East Madisonmouth,New Jersey,Bulgaria
5681,Terri,Holland,ypatton@example.net,5133 Michael Lane Apt. 664,Benjaminside,Iowa,Cayman Islands
5682,Frank,Terry,conniecarpenter@example.org,712 Kim Stravenue,Port Christon,North Carolina,Algeria
5683,Peter,Moore,charlottevance@example.net,75259 Justin Oval Suite 011,West Tyler,Arizona,Qatar
5684,Adam,Lopez,robert18@example.net,8522 Kenneth Forge,Madisonside,Montana,Armenia
5685,Marilyn,Downs,ihurley@example.com,4709 Jacqueline Ville Suite 598,Singhfurt,West Virginia,Cyprus
5686,Ronald,Hurley,cgarrison@example.net,6150 Gary Prairie Apt. 170,North Zacharyberg,Texas,Western Sahara
5687,Leslie,Stanley,jonathan93@example.net,551 Kelsey Lock Apt. 933,Abigailchester,Delaware,Spain
5688,Brooke,Potter,gtaylor@example.com,17946 Jennifer Rapid Apt. 996,Port Jason,New York,Kenya
5689,Kristy,Fuller,tsanchez@example.org,444 Jessica Plaza,South Danielport,Alabama,Czech Republic
5690,David,Montgomery,beckrebecca@example.com,240 Cooper Landing Suite 708,Lake Carolyn,Tennessee,Jersey
5691,Joshua,Hubbard,crystal91@example.org,199 Matthew Spring Apt. 520,New Dylanburgh,Rhode Island,Germany
5692,Thomas,Hill,jeremysanders@example.org,20361 Cheryl Overpass,Anthonyland,North Carolina,French Polynesia
5693,Olivia,Schmitt,znolan@example.net,1437 Daniels Skyway,North Matthewfurt,Louisiana,Sudan
5694,Connor,Campos,cwalton@example.net,54579 Hickman Road,South Richardport,Pennsylvania,Heard Island and McDonald Islands
5695,Melissa,Anderson,hmartinez@example.net,694 Scott Roads Apt. 447,Kennedyfort,Missouri,San Marino
5696,Julie,White,gabrielle14@example.org,127 Jones Curve,Angelashire,Missouri,Morocco
5697,Samantha,Walters,cmiller@example.net,55776 Murray Camp,Davidland,Florida,Dominican Republic
5698,Sherry,Thompson,martincourtney@example.net,431 Jennifer Summit,Coreyside,Wisconsin,Australia
5699,Marvin,Smith,meadowsalexandra@example.org,65701 Davis Views,Port Erica,Minnesota,Northern Mariana Islands
5700,Jasmin,Cox,sarahcase@example.org,847 Sarah Ridges,New Christy,North Dakota,United States Virgin Islands
5701,Sarah,Perez,jenniferlewis@example.org,29724 Willie Coves,Kathleenbury,Virginia,Italy
5702,Logan,Smith,kathleen78@example.com,34087 Mary Mews,New Sarafurt,Minnesota,Taiwan
5703,Keith,Torres,bettydavid@example.com,45863 Hawkins Turnpike,Port Elizabethburgh,Arizona,Saint Martin
5704,Jessica,Martin,smithlisa@example.net,93152 Wood Hill Apt. 554,Kimberlytown,Minnesota,Ecuador
5705,Mitchell,Gonzalez,poncechristopher@example.net,4052 Carroll Walk,Port Michael,Iowa,China
5706,Andrew,Oconnell,ryanhernandez@example.com,313 Nicholas View,Port Seanshire,Wyoming,Bolivia
5707,Laurie,Newman,christopherthomas@example.org,955 Kenneth Land,Reevesborough,Texas,Grenada
5708,Jerome,Boone,treid@example.com,98183 Rodriguez Trace Suite 564,Lake Paulaside,Iowa,Singapore
5709,Julia,Austin,sharon13@example.com,5335 Riley Key,Colliermouth,Maryland,Cook Islands
5710,Mark,Brooks,tonya35@example.com,01612 Angela Mountain,Kennethstad,Arkansas,Netherlands
5711,Jasmin,Flores,spencergallagher@example.org,6030 Cassidy Corner,Port Emilyville,Utah,Palau
5712,Sandra,Anderson,mariaturner@example.com,77499 William Lodge Suite 696,Catherineland,New Jersey,Belize
5713,Tommy,Leonard,hardychristine@example.org,10539 Wilkinson Fords,East Robert,New York,Georgia
5714,Brandon,Scott,morenojonathan@example.com,9542 Lindsay Lake,Mooreshire,Iowa,Georgia
5715,Rebecca,Porter,david66@example.com,469 Susan Centers,Wolfebury,Wisconsin,United Kingdom
5716,Tamara,Horton,andrewjennings@example.org,2881 Walker Rapids Apt. 544,East Michelletown,Oregon,Saint Lucia
5717,Tammy,Harding,clawson@example.com,89507 Moore Drive,Port Jenniferstad,New Jersey,Uruguay
5718,Brandon,Jacobson,pporter@example.com,861 Chloe Inlet,Lake Daletown,Maine,Isle of Man
5719,Raymond,Sawyer,johnjuarez@example.com,41341 Gallegos Ports Suite 605,West Justinbury,Illinois,Christmas Island
5720,Cameron,Thomas,kimberlyrivera@example.org,09974 Frank Motorway,West Colleen,New York,Mayotte
5721,Laura,Kramer,tmclaughlin@example.net,6927 Ashley Rapid Apt. 094,Port Brandonchester,Delaware,Liechtenstein
5722,Maria,Barnes,dianegray@example.com,595 Katherine Heights,Williamsport,Montana,Korea
5723,Denise,Villanueva,braunrobert@example.com,051 Rachel Dam,Port Jeffrey,Virginia,Guatemala
5724,Nancy,Glover,desireehughes@example.com,2580 Annette Skyway,North Angela,Ohio,Samoa
5725,Larry,Jones,johnbrown@example.org,53094 Laura Spring Suite 452,Rodriguezstad,North Carolina,United States of America
5726,Paula,Mahoney,darren98@example.org,9250 Schmidt Burgs Suite 726,Jamesberg,Iowa,Nauru
5727,Christopher,Lawrence,michaelschmidt@example.com,189 Peters Pike Apt. 232,West Jennifer,Pennsylvania,Saint Vincent and the Grenadines
5728,Alan,Bowman,chandlerholly@example.net,684 York Loaf Suite 456,New Gloriamouth,Florida,Panama
5729,John,Simon,zjones@example.org,390 Kelly Tunnel,Lisaview,Arkansas,Angola
5730,Samantha,Parks,susanleblanc@example.org,518 Mcdaniel Lakes,North Stephenshire,Tennessee,Palestinian Territory
5731,Joshua,Anderson,cindy90@example.org,0641 Dean Brook,Billyville,Mississippi,Vietnam
5732,Jasmin,Jones,owenserica@example.com,342 Joel Valley Suite 633,New Geneshire,New Hampshire,France
5733,Lance,Reeves,rmccarty@example.com,062 Beth Trail,Lake Selenamouth,Tennessee,Australia
5734,Sheila,Raymond,dchapman@example.com,34898 David Summit,South Ian,North Dakota,Canada
5735,Amy,Gonzalez,jessica65@example.net,959 Chandler Drive Apt. 105,Gaineshaven,Arkansas,Indonesia
5736,Michelle,Diaz,khart@example.com,31362 Stephanie Fort Apt. 449,Ramirezchester,Maryland,Falkland Islands (Malvinas)
5737,Karen,Miller,owenslinda@example.org,90886 Stacy Ford Apt. 329,Port Gregoryborough,Wyoming,Sudan
5738,Thomas,Phelps,bross@example.com,290 Jodi Circle,Guerreroside,Oklahoma,Iceland
5739,Shannon,Powell,jose75@example.com,95663 Karen Crossing,Fernandezborough,Maine,Saint Helena
5740,Richard,Adams,vhawkins@example.org,52905 Thomas Pines,New Chadmouth,Georgia,Malawi
5741,Nicole,Riley,grahamhailey@example.com,034 Eric Cove Suite 035,New Monicashire,Washington,Liberia
5742,Devin,Gonzalez,kquinn@example.com,806 Tami Rapids,Michaelchester,Georgia,Gabon
5743,John,Henry,walkermary@example.com,8929 Rodriguez Station Suite 428,New Daniel,Arkansas,Sudan
5744,Angela,Rodriguez,rjordan@example.org,5892 Rodriguez Circles,Oconnortown,Arizona,Tuvalu
5745,Melissa,Diaz,lewiszachary@example.com,354 Nathaniel Brooks,Charleston,California,Cape Verde
5746,Charles,Morales,christopher26@example.com,44290 Felicia Route,South Lisaview,Ohio,Nepal
5747,Valerie,Patterson,ooconnor@example.com,29724 Alisha Parks,East Barryburgh,Delaware,Latvia
5748,Nathan,Johnston,christophercraig@example.com,4172 Gilmore Terrace,Darinton,Montana,Saint Lucia
5749,Michelle,Erickson,mariaharrington@example.com,64001 Alicia Branch Apt. 681,Lake Stevenside,Utah,Sri Lanka
5750,Andrew,Allen,robert44@example.org,6062 Howard Mountains,Wrightland,Tennessee,Chile
5751,Shirley,Garcia,patrickhall@example.com,51302 Jones Knoll,Bowersmouth,Nevada,Mali
5752,Kristy,Garcia,devon64@example.com,1567 Megan Walk Suite 166,New Jessicaville,Washington,Thailand
5753,Brandon,Khan,sgriffin@example.net,9363 Monica Island,West Shawn,North Carolina,Equatorial Guinea
5754,Angelica,Knight,jamesfrazier@example.com,48161 Eric Freeway Suite 744,Josephborough,Illinois,Kiribati
5755,Allen,Alexander,christopher78@example.com,49102 John Stream Apt. 813,Ronaldstad,Maryland,Angola
5756,Cynthia,Ferguson,mejiajesse@example.org,79304 Thompson Cliff Apt. 954,Diazmouth,Florida,Kyrgyz Republic
5757,Tiffany,Clark,bakerruben@example.net,6445 Swanson Inlet Apt. 573,Kellychester,Minnesota,Mexico
5758,Sally,Patterson,grayjohn@example.net,913 Lewis Ports,South Aliciashire,Maine,Tajikistan
5759,Jill,Cline,anthonylopez@example.net,216 Ruiz Isle,Jamesport,Arkansas,Argentina
5760,William,Everett,dperry@example.org,0338 Jackson Grove,North Terri,Tennessee,Oman
5761,Brian,Wilcox,mturner@example.net,33248 Heather Island Suite 537,Hernandezburgh,Alabama,Lesotho
5762,Randall,Gallagher,kimberlyerickson@example.com,031 Charles Shore Suite 263,Josephton,Missouri,Dominican Republic
5763,Matthew,Gonzalez,lijasmine@example.org,4468 Katelyn Circles Apt. 663,Jessicaport,Missouri,Guinea
5764,Ashley,Chavez,cynthia11@example.net,449 Frost Rapid Suite 042,North Dillon,Vermont,New Caledonia
5765,Lisa,Chavez,benderjoseph@example.net,8971 Smith Springs Apt. 604,East Aprilmouth,Indiana,South Georgia and the South Sandwich Islands
5766,Margaret,Todd,teresacurry@example.net,9409 Cook Knoll,Lake Amy,Missouri,Bangladesh
5767,Stephen,Hill,kevinking@example.net,7776 Angela Canyon,Hendersonhaven,Kentucky,Puerto Rico
5768,Shelby,Villegas,williamwalker@example.org,990 Emily Highway,Madisonfurt,Rhode Island,Bhutan
5769,Lindsey,Galvan,evansbrittany@example.org,5482 Hale Fields Apt. 045,Morenoland,South Dakota,Uganda
5770,Nicole,Frost,hayesjustin@example.com,4202 Rebekah Stream,East David,Washington,Northern Mariana Islands
5771,Alexis,Obrien,jeffrey93@example.org,1301 Brown Course Suite 915,Stevenland,Alaska,Andorra
5772,Lynn,Morrison,laura40@example.net,9932 Megan Hill,Romerofort,Massachusetts,Israel
5773,Cassandra,Ford,keylaura@example.net,342 Carrillo Ferry,West Anthony,Arizona,Central African Republic
5774,David,Brown,ruthreyes@example.com,54623 Kayla Tunnel Suite 045,Port Brandonfort,Tennessee,Suriname
5775,Todd,Mitchell,wmarshall@example.net,722 Steven Meadows,East Emily,Mississippi,Bouvet Island (Bouvetoya)
5776,Patricia,Scott,gabrielarmstrong@example.net,89644 Smith Landing,Port Austin,Oklahoma,Mayotte
5777,Martha,Smith,hmartinez@example.org,722 Mason Crossroad,Jamesland,Hawaii,United States Virgin Islands
5778,Melvin,Carroll,veronicajackson@example.net,0811 Angel Harbors,Lake Kathleen,Iowa,Angola
5779,Scott,Johnson,hollypeterson@example.org,9368 Mccall Shores,Andersonside,Arizona,Brazil
5780,Michael,Garcia,mowen@example.net,43341 Norman Lights,East Laura,California,Tajikistan
5781,Bradley,Combs,emoore@example.com,2913 Robinson Mount Apt. 481,Blakefurt,Alabama,Grenada
5782,Joseph,Harris,sean24@example.com,01267 Santos Ranch Suite 069,Miguelmouth,New York,Mongolia
5783,Lauren,Wade,barnettgary@example.org,37100 Anthony Viaduct Suite 751,Josephville,West Virginia,Bahrain
5784,Victor,Acevedo,deckerpeter@example.com,938 John Locks,South Amy,Delaware,Cyprus
5785,Laurie,Peterson,brooke21@example.com,5352 Mary Mountains Apt. 124,New Susan,Alaska,China
5786,Mikayla,Morales,charlesjohnson@example.com,6456 Klein Ranch Apt. 268,Riveraview,Wyoming,Netherlands Antilles
5787,Greg,Ramirez,johnhoffman@example.net,53165 Deborah Fall Apt. 706,Calvinburgh,Arizona,Uganda
5788,Dalton,Acosta,lisajones@example.com,0659 Lisa Landing,East Jennifer,Oregon,Macao
5789,Joel,Hansen,ocalhoun@example.org,4754 Sara Shoal Apt. 229,Brandonview,California,New Zealand
5790,Mitchell,Rice,lynnschmidt@example.org,001 Melissa Meadows Suite 935,North Corey,Wisconsin,China
5791,William,Olsen,kenneth15@example.org,48938 Austin Spurs Apt. 351,Smithberg,Idaho,Israel
5792,Jacqueline,Johnson,tylerblair@example.com,0603 Rodriguez Summit,Davisstad,Vermont,British Virgin Islands
5793,Alexander,Moody,mgonzalez@example.com,45738 William Fork,Kimshire,Pennsylvania,Antarctica (the territory South of 60 deg S)
5794,Jessica,Harvey,xwebster@example.com,9460 Yang Lights Suite 921,Jennifertown,Texas,Uganda
5795,Kari,Mathis,thompsonmichael@example.org,6563 Carr Locks,Port Danielburgh,Florida,Bulgaria
5796,Gregory,Holland,castillovictor@example.net,724 Jack Bridge,West Aliciastad,West Virginia,Cyprus
5797,Kevin,Byrd,umartinez@example.com,9785 Moore Walk Apt. 793,Christinaton,Illinois,Sao Tome and Principe
5798,Jacob,Reyes,flemingchristopher@example.net,920 Ryan Fort,Bethanyport,Kansas,Martinique
5799,Philip,Stanton,garycollins@example.net,418 Victor Run Apt. 752,Lake William,Idaho,Monaco
5800,Jessica,Roy,alexandershelby@example.net,86525 Billy Square,Mooneyside,Washington,Belarus
5801,Kimberly,Thompson,tammymaddox@example.org,7696 Rebecca Bridge Suite 193,South Bruce,North Dakota,Norfolk Island
5802,Katherine,Burton,bowenwesley@example.org,581 Jeremy Knolls,Connorburgh,Delaware,Cook Islands
5803,Kiara,Chapman,mcdanielamy@example.org,81899 Price Pines Apt. 706,South Katrinaberg,Oregon,Palau
5804,Julia,Allen,khuber@example.org,00965 Jackson Fields,Hallshire,Pennsylvania,Belarus
5805,Kevin,Mitchell,conniecarter@example.org,811 Terri Plaza Apt. 681,Leeport,New Mexico,Gabon
5806,Ann,Ramirez,crystalburke@example.org,3390 Thomas Shoals,Hendrixberg,Virginia,Antigua and Barbuda
5807,Diana,Aguilar,nhuynh@example.net,48000 Owen Field,East Lisabury,New Mexico,Turkmenistan
5808,Jane,Kidd,derrick64@example.net,3625 Johnson Throughway,New Jessica,Arkansas,Cameroon
5809,Matthew,Young,lisa44@example.com,90490 Woodward Road Apt. 281,Snyderbury,Texas,Italy
5810,Andrea,White,tammy59@example.com,958 Cohen Bypass,Mitchellhaven,Rhode Island,Singapore
5811,Benjamin,Reed,lindamarshall@example.org,9724 Randolph Ways Suite 411,Port Clairehaven,Oregon,Western Sahara
5812,Thomas,Lin,anthony31@example.net,446 Edwards Mountain,Abigailtown,New Mexico,Cameroon
5813,Linda,Middleton,brandoncarter@example.net,2306 Kayla Mountain Apt. 532,Lake Gregory,North Carolina,Kazakhstan
5814,Christopher,Peterson,nielsenjuan@example.net,58028 Brooks Groves,Davismouth,New Hampshire,Ethiopia
5815,David,Baker,calebcross@example.com,57464 Stephanie Crossroad,South Gerald,Rhode Island,Saint Martin
5816,Amanda,Compton,danieljenkins@example.org,956 Robinson Mills Suite 295,Chavezshire,Maryland,Malawi
5817,Jennifer,Schaefer,shawn90@example.net,33328 Linda Green Apt. 784,Ronaldside,Hawaii,Kiribati
5818,Kristen,Chandler,rachaelcarroll@example.net,0510 Caleb Centers,Williamsmouth,Texas,Grenada
5819,John,Brown,kathleenturner@example.org,1667 Smith Court,Heatherfort,Mississippi,Iraq
5820,Andrew,Hughes,lisa11@example.net,92056 Mike Cliffs Suite 349,North Teresaton,Alaska,Zimbabwe
5821,Cindy,Warner,anthony35@example.com,67317 Ford Point,Ortizbury,New Jersey,Trinidad and Tobago
5822,Erin,Shah,tiffanymartin@example.net,135 Jacqueline Pike Apt. 310,North Amandahaven,California,Ecuador
5823,Kathleen,Powell,sarah79@example.com,5419 Arthur Underpass Apt. 113,Woodton,Texas,Bermuda
5824,Lisa,Vasquez,amydixon@example.org,76030 Stephanie Isle,Lake William,Vermont,Wallis and Futuna
5825,Amanda,Marsh,david91@example.net,811 Debra Trail,Seanhaven,North Carolina,Egypt
5826,Gregory,Lutz,huffdavid@example.net,9993 James Road Suite 396,North Jessicashire,Connecticut,Bouvet Island (Bouvetoya)
5827,John,Jones,sdominguez@example.net,1864 Jones Islands Suite 132,Lake Savannahview,Maryland,Antarctica (the territory South of 60 deg S)
5828,Jennifer,Chambers,smithandrew@example.net,3937 Ashley Rapid Suite 380,Marktown,Oregon,Aruba
5829,Kristin,Reyes,tking@example.com,2907 Lopez Lake,Lanceton,Georgia,Lao People's Democratic Republic
5830,Rebecca,Hernandez,zwatson@example.net,2192 Harmon Vista,Dianaside,Oregon,Nigeria
5831,Jason,Jackson,theresasexton@example.org,7754 Danielle Circles Suite 128,Ryanshire,Nebraska,Burkina Faso
5832,Audrey,Jackson,iwerner@example.net,464 Rivas Mission Apt. 019,South Selena,Alaska,Malaysia
5833,Sheila,Anderson,ashley59@example.com,78927 Rodriguez Street,South David,Minnesota,Andorra
5834,Alexander,Cook,ronald82@example.com,65700 Cuevas Plaza Suite 630,Jefferyport,Minnesota,Kyrgyz Republic
5835,Jasmine,Flores,christopher50@example.com,2079 Lisa Parkway Suite 697,Hollyport,Hawaii,Senegal
5836,Zachary,Robbins,gwilson@example.net,8018 Martinez Oval Suite 535,South Jeremy,Texas,Greenland
5837,Mark,Wilson,stewartnicholas@example.com,18089 Richard Squares,Shahtown,Texas,Indonesia
5838,Christine,Morris,cbowman@example.org,3549 White Roads,Mendozafort,Hawaii,Belgium
5839,David,Nguyen,lhale@example.net,00585 Mccoy Street,Doyletown,Pennsylvania,Turkey
5840,Dylan,Mcgrath,aliciagilbert@example.com,1337 Erin Streets,Sherritown,Mississippi,Bermuda
5841,Russell,Gregory,rickygoodwin@example.net,07473 Scott Springs Apt. 209,North Shaneborough,Pennsylvania,Colombia
5842,Daniel,Mckee,conradwesley@example.com,30647 Vincent Shoal,Lake Lauren,Nebraska,Saint Kitts and Nevis
5843,Robert,Hamilton,loweryan@example.net,9690 Susan Groves Suite 049,East Christopherborough,Minnesota,France
5844,Patricia,Hill,teresa55@example.net,167 Mata Mall Suite 638,Katelynberg,Nevada,Taiwan
5845,Ricardo,Sanchez,nicholasmolina@example.com,60977 Scott Junctions,Jacobstad,Florida,Nicaragua
5846,Cindy,Lee,huntsarah@example.com,059 Marvin View Apt. 216,Bethtown,New Mexico,Croatia
5847,Brian,Williams,shelbyjohnson@example.net,8745 Murphy Square Suite 674,Jordanfurt,New Hampshire,Somalia
5848,Anthony,Black,qschmidt@example.org,39044 Fox Creek Apt. 492,Allisonview,North Carolina,Wallis and Futuna
5849,Miranda,Phelps,laurenmartinez@example.net,92638 Johnson Falls Apt. 562,Scottborough,Tennessee,Greece
5850,Matthew,White,katie19@example.com,0719 Ann Landing,Caseland,Pennsylvania,Colombia
5851,Nicholas,Adams,terryjoel@example.org,2994 Sarah Port,Jamestown,Idaho,Niger
5852,Wanda,Cervantes,karen50@example.com,006 Kendra River,Colemanland,Maine,Slovenia
5853,Kayla,Mason,amanda01@example.org,57761 Jimenez Row,Davisshire,Massachusetts,New Zealand
5854,Douglas,Jones,jcarr@example.com,81161 Brian Freeway,South Tylermouth,Utah,Swaziland
5855,Joshua,Wood,colliershawn@example.net,027 Patrick Dam Suite 919,West Kimville,Iowa,Burundi
5856,David,Johnson,nixonmelissa@example.com,36834 Hernandez Tunnel Apt. 117,Port Robertbury,Kansas,Sudan
5857,Sarah,Mcdaniel,theresa95@example.com,94736 Gavin Plains Suite 461,Joyshire,Idaho,Saudi Arabia
5858,Ashley,Smith,griffithtodd@example.org,4097 Tyler Summit Apt. 824,Thomashaven,Kansas,Niger
5859,Robert,Martin,kylewells@example.org,9275 Martin Junction,North Tylerburgh,Illinois,Indonesia
5860,Joseph,Wallace,qmendez@example.net,725 John Station Suite 741,New Emilyside,Oregon,Montenegro
5861,Kristen,Rice,christinamoore@example.net,72351 Anne Course,Kyleside,California,Norfolk Island
5862,Vincent,Price,nortonmary@example.com,248 Logan Dale,East Brian,Ohio,Papua New Guinea
5863,Gregg,Reyes,bbarr@example.com,16057 Beth Lights,South Kaylaburgh,Wisconsin,French Guiana
5864,Anna,Graham,davidgarcia@example.org,52048 Todd Rapid,Jenkinsshire,Tennessee,Grenada
5865,Christine,Kirk,gaguilar@example.com,198 Williams Common,Lindaview,Virginia,Suriname
5866,Paul,Cox,shanefranklin@example.org,2086 Lisa Flats Suite 246,Brianshire,Montana,Korea
5867,Carol,Bauer,gmiller@example.com,06351 Rollins Centers,West Brandon,Mississippi,Seychelles
5868,Kyle,Ramos,matasusan@example.net,19526 Regina Walk Apt. 148,New Aprilville,Arkansas,Iran
5869,Johnathan,Brown,tanyamckenzie@example.org,20995 Brooke Harbor Suite 291,New Jenniferport,South Dakota,Saint Lucia
5870,Julia,Bradford,xhood@example.org,582 Lowe Mall,Port Christopherfurt,New Mexico,Saint Pierre and Miquelon
5871,Robert,Garrett,garciajennifer@example.org,806 Miller Isle Apt. 127,North Jessica,Kentucky,Switzerland
5872,David,Jackson,amy61@example.net,7847 Jefferson Valleys Suite 312,Lake Albert,Tennessee,Russian Federation
5873,Leonard,Holmes,hessmolly@example.org,22060 Jeremy Cape Suite 378,Reidtown,Connecticut,Gambia
5874,Joy,Rhodes,heathersingleton@example.net,4152 Caitlin Island,Ricebury,New Mexico,Benin
5875,Gloria,Wood,orobbins@example.org,6531 Herrera Fork,North Adrian,Delaware,Costa Rica
5876,Julia,Lewis,jennifer87@example.net,96348 Jessica Stravenue Suite 798,West Vanessamouth,Wyoming,Chile
5877,Teresa,Keith,vhowell@example.org,200 Vasquez Springs,New Tylermouth,New Jersey,Cambodia
5878,Dawn,Hernandez,gonzalezkim@example.org,269 Kevin Isle Suite 624,South Peter,Vermont,Svalbard & Jan Mayen Islands
5879,Mary,Higgins,colemanjacqueline@example.net,0830 Jeremy Dam,East Joshua,Rhode Island,Jersey
5880,Kyle,Young,baileycharles@example.com,55949 Patricia Rue Apt. 673,Mitchellhaven,California,Bahamas
5881,Marilyn,Robertson,pattymarshall@example.net,72042 Olson Passage,South Theresaview,Minnesota,China
5882,Emily,Anderson,djames@example.org,4526 Thomas Corner Apt. 537,Port Amybury,Arkansas,Dominican Republic
5883,Hayley,Jackson,contrerasalexis@example.com,328 Sullivan Locks,Port Beth,Maine,Bhutan
5884,Ashley,Cooper,vdaugherty@example.org,8111 Mary Brook Apt. 346,New Jack,Ohio,Cape Verde
5885,John,Johnson,erik83@example.net,19544 Fletcher Extensions,Houstonton,Hawaii,Bolivia
5886,Brian,Bernard,cruzhayden@example.org,04798 Johnson Key,North Paul,Vermont,Tonga
5887,Henry,Richardson,tyler92@example.org,28356 Susan Extensions Suite 677,Keithfort,Nevada,Montenegro
5888,Alexander,Gardner,pbrown@example.net,280 Sosa Via Apt. 569,Patriciaborough,Virginia,Aruba
5889,Andrew,Perez,denise07@example.com,437 Cunningham Knolls Suite 020,Port Tinafort,Maine,Barbados
5890,Alejandro,Arellano,heathersimmons@example.org,54253 Zachary Keys Suite 114,North Jillmouth,Delaware,United States Virgin Islands
5891,Susan,Davis,sanchezanne@example.com,608 Kevin Village Apt. 087,Michaelland,Mississippi,Zambia
5892,Ashley,Mcdonald,wjimenez@example.org,0352 Pamela Center,West Anthonyville,South Carolina,Greenland
5893,Martin,Melendez,iwallace@example.net,22097 Michael Loop Suite 382,Robertsonshire,Arkansas,Mexico
5894,Scott,Sanders,bettysmith@example.org,817 Wright Fields,West Timothy,Washington,North Macedonia
5895,Scott,White,carmen16@example.com,7659 Richard Plain Suite 116,Gordonton,Connecticut,Heard Island and McDonald Islands
5896,Eric,Gaines,ldavis@example.org,244 Tamara Bypass,Lovemouth,Kansas,Greenland
5897,Michael,Mccann,norma17@example.com,45233 Alvarado Isle Apt. 286,Ericland,Nebraska,Cayman Islands
5898,Monica,Holmes,morganhoward@example.net,7273 Vanessa Trafficway,Lake Juliefurt,Georgia,Cyprus
5899,Robert,Elliott,kwatson@example.org,75526 Jackson Plain,South Rachel,Hawaii,American Samoa
5900,Natasha,Martin,webermelanie@example.org,25413 Robert Field Suite 232,Oliviaberg,Missouri,Syrian Arab Republic
5901,Amber,Wood,robinsonjacob@example.com,9855 Howard Land,Elizabethville,New Mexico,Jersey
5902,Lisa,Bates,rogerskayla@example.org,54242 Joseph Well,East Ruben,South Carolina,Saint Vincent and the Grenadines
5903,Michele,Smith,lbryant@example.com,7329 Butler Lakes,Lake Johnville,California,Chile
5904,Sean,Andrews,margaret61@example.com,5984 Frazier Summit,Nicholsonfort,Minnesota,Cameroon
5905,Ronnie,Reese,bclements@example.org,629 Rebecca Stream,Wardville,Missouri,Eritrea
5906,Elizabeth,Schmidt,kathleenschroeder@example.com,47800 Matthew Place,West Danielle,Idaho,Poland
5907,Ann,Booker,roberthart@example.org,23771 Jordan Ports,Gonzalezview,Alabama,Nauru
5908,Jeffrey,Jenkins,zhamilton@example.org,08914 Sophia Cove Suite 565,Lindabury,Alabama,Zimbabwe
5909,Luis,Torres,clarkmichelle@example.com,21821 Fernandez Ville,South Karen,Indiana,Vietnam
5910,Clinton,Aguilar,eevans@example.com,835 Austin Parkways,Hugheston,Indiana,Togo
5911,Kim,Sutton,florestony@example.net,558 Vang Motorway,East Tina,Kentucky,Macao
5912,Ana,Smith,nfaulkner@example.org,165 Mitchell Falls,North Amanda,Colorado,Costa Rica
5913,Cheryl,Phillips,darryl90@example.net,0027 Frederick Shore,West Michaelmouth,Oklahoma,Svalbard & Jan Mayen Islands
5914,Patrick,Smith,uhart@example.net,0797 Jose Pike,Port Paulside,Iowa,China
5915,Jon,Stevens,fthomas@example.com,9094 Michael Lane,East Allisonville,Colorado,Mauritius
5916,Tracy,Reid,pittsdavid@example.org,81866 Maldonado Ridge Apt. 849,Walterbury,Colorado,France
5917,Kimberly,Roberts,joshua91@example.com,6601 Victor Mount Suite 279,South Michael,Arizona,French Guiana
5918,Adam,Allen,hestes@example.com,92247 Michael Falls,North Loretta,Rhode Island,Chad
5919,Jessica,Martin,lynnhoffman@example.com,36336 Leonard Burgs,East Matthewville,Indiana,Western Sahara
5920,Rhonda,Daniel,isullivan@example.net,6857 Julie Stream Suite 130,East Christopherfurt,Montana,Pakistan
5921,Charlene,Calhoun,khowell@example.org,713 Dennis Highway,Gonzalezmouth,North Dakota,Montserrat
5922,Meghan,Hunt,imccarthy@example.com,06542 David Place Apt. 806,Fitzgeraldhaven,New York,Sierra Leone
5923,Adam,Williams,jmay@example.com,42212 Calderon Squares,South Dalefurt,Massachusetts,Vanuatu
5924,Victoria,Kim,kochkathy@example.com,83016 Wendy Mall,Rayberg,Massachusetts,Somalia
5925,Jeffrey,Guzman,pjackson@example.net,5824 Caldwell Cliff,West Anthonyville,Missouri,Greenland
5926,Barbara,Ramirez,qsmith@example.net,524 Jennifer Isle Suite 091,East Kyleshire,Oregon,Guernsey
5927,Jonathan,Osborn,keith60@example.org,2055 Cheryl Rapids,Baldwintown,Delaware,Macao
5928,Alejandra,Austin,spencerwalsh@example.net,42174 Crystal Village,New Josephville,Montana,Singapore
5929,Rachel,Tucker,jdean@example.com,5213 Pamela Mission,Bendershire,California,Taiwan
5930,Nathaniel,Luna,rhonda16@example.net,2921 Michelle Pass,Stonestad,Minnesota,Sao Tome and Principe
5931,Valerie,Kerr,thompsonjuan@example.org,8257 Alexandra Views Suite 832,Lake Mirandamouth,Kentucky,Nigeria
5932,Theresa,Ray,marygraham@example.com,924 Tonya Springs Suite 616,Charlesstad,Kentucky,Iran
5933,Jennifer,Miller,kaylasmith@example.org,21259 Anne Motorway Apt. 249,South Albertmouth,Massachusetts,Hong Kong
5934,Jacob,Wilson,wendy98@example.net,26302 Hannah Estate Suite 369,Lorimouth,Delaware,Slovakia (Slovak Republic)
5935,April,Thomas,mscott@example.com,575 William Crossing Suite 007,Singletonton,New Jersey,Bangladesh
5936,Alan,Lawson,drakesherry@example.net,110 Price Plains,North Alexandra,Oregon,Guadeloupe
5937,Shawn,Roberts,laurie41@example.org,00858 Hardy Mall Apt. 244,East Jessica,North Carolina,North Macedonia
5938,William,Carr,lisa47@example.com,46285 Williams Fields Apt. 232,Kellybury,Missouri,Croatia
5939,Justin,Martinez,ipeterson@example.org,5161 English Pine,Beckshire,Indiana,Marshall Islands
5940,Frank,Fuller,michael14@example.org,77561 Ramirez Overpass,West Angelahaven,Alabama,Svalbard & Jan Mayen Islands
5941,Madison,Mejia,nelsonglen@example.org,6684 Allison Prairie,Robertberg,Mississippi,United Arab Emirates
5942,Todd,Collins,hartwilliam@example.org,48324 Schneider Glen,Lindaborough,California,Brazil
5943,Daniel,Conner,harrismatthew@example.net,0812 Spears Parkway Apt. 892,Chelseatown,Delaware,Suriname
5944,Melissa,Lang,tscott@example.com,198 Mccarthy Lane Apt. 970,North Johnnychester,Vermont,Uzbekistan
5945,John,Valencia,andrewlevine@example.org,85167 Travis Harbors Apt. 654,East Justinfurt,Maine,Tanzania
5946,Sarah,Davis,ralph05@example.com,8021 Johnston Canyon,Russellstad,Texas,Ireland
5947,Michael,Morgan,jennifer41@example.com,8459 Chen Walks,Gregoryberg,Nebraska,Greece
5948,Rachel,Obrien,lisa80@example.net,272 Garcia Dam,New Michaelborough,Vermont,Saint Barthelemy
5949,Stacy,Jones,bennettrobert@example.net,3917 Figueroa Motorway Apt. 313,South Jeffreymouth,North Dakota,Korea
5950,Melissa,Davis,mayshelley@example.com,0996 Smith Bypass Apt. 236,Amandamouth,Virginia,Egypt
5951,James,Hogan,thomas48@example.com,3459 Miller Courts,Melissaburgh,North Carolina,Ghana
5952,Michael,Brooks,frobinson@example.org,9079 Julie Mountains Apt. 893,New Michael,Mississippi,Swaziland
5953,Melinda,Pacheco,iblackburn@example.com,278 Deanna Crescent,Port Kimberlyborough,Maine,Guadeloupe
5954,Raymond,Brown,kevinwalsh@example.org,1801 Clark Knolls,West Mary,Maryland,Honduras
5955,Megan,Fox,xyoung@example.org,5166 Randy Cliffs,Williamstad,Kansas,Burundi
5956,Richard,Stein,jamesjackson@example.com,021 David Underpass,Bradshawberg,Wyoming,Niue
5957,Barbara,Allen,amy66@example.net,6410 Stephen Falls,Markhaven,New York,Saint Kitts and Nevis
5958,Emily,Ochoa,ccarrillo@example.org,4328 Benjamin Field Suite 262,Williamstown,Nevada,Vietnam
5959,Jason,Boyd,ortizrachael@example.org,549 Myers Port,Elizabethstad,Kansas,Australia
5960,Brian,Gomez,michaelhodges@example.net,0816 Wilson Lodge Suite 444,Lauraton,North Carolina,Egypt
5961,Kelly,Kelley,lmacias@example.com,4363 Harris Well Suite 691,Clarkstad,Idaho,Gabon
5962,Jamie,Lane,jacob55@example.com,452 Frazier Plain,East Gregory,Massachusetts,Faroe Islands
5963,Peter,Clay,rayjoseph@example.com,71977 Henry River,East Joseph,Alaska,Armenia
5964,Peter,Frost,stanner@example.com,179 Jill Highway,Robinport,Colorado,North Macedonia
5965,James,Smith,marywest@example.org,55084 Roger Knoll,Maciasbury,Minnesota,Russian Federation
5966,Stephen,Poole,jvilla@example.com,9791 Michael Ports Suite 596,Port Erica,New York,Grenada
5967,Melinda,Watson,tcampos@example.org,72638 Derek Coves Apt. 462,South David,Illinois,Guernsey
5968,Jessica,Ward,justin54@example.com,08090 Friedman Circles,North Diana,Arkansas,Russian Federation
5969,Jenny,Adams,tholt@example.net,8156 Banks Prairie,Chrisfurt,Virginia,Liechtenstein
5970,Lauren,Schneider,kward@example.org,29538 Richard Wall Suite 292,North Stephaniehaven,North Carolina,Tonga
5971,Michelle,Neal,trandavid@example.com,8394 Alison Trafficway,North Kimberly,Massachusetts,Cameroon
5972,Renee,Roberts,pamelajensen@example.org,74624 Erica Underpass,Mcintoshville,Arkansas,Guernsey
5973,Pamela,Brown,kylie38@example.com,01098 Darrell Dam Apt. 545,Marymouth,Illinois,American Samoa
5974,James,Craig,jasmin12@example.net,15448 Mccullough Lake,East Karen,Maryland,Switzerland
5975,Catherine,Patel,kimherman@example.org,7177 Richard Ramp,Steventown,Minnesota,Zimbabwe
5976,Garrett,Wilson,stephenmoss@example.com,37026 James Terrace Suite 921,Michaelville,Idaho,Dominican Republic
5977,Katrina,Hebert,carolrichardson@example.net,9460 Rachel Crest Suite 967,North Jason,Michigan,Moldova
5978,Thomas,Walls,wperez@example.net,70859 George Plaza,Juanside,Vermont,Christmas Island
5979,Bradley,Poole,johnsoncarl@example.org,5202 Heather Circle Suite 421,East Robert,South Dakota,Hungary
5980,Benjamin,Rice,simmonsjeffrey@example.net,204 Cynthia Stream Apt. 105,East Daniel,Ohio,Eritrea
5981,Ian,Lawson,michael28@example.org,491 Mark Mountains Apt. 646,Alvinmouth,Maine,Brazil
5982,Tammy,Davis,fernandezjohn@example.com,6156 Michael Passage Suite 514,West Cynthiahaven,Illinois,Kazakhstan
5983,Timothy,Martinez,brianfisher@example.org,329 Lang Brook Apt. 736,Christopherberg,Delaware,Cook Islands
5984,Caitlin,Morse,huntsamuel@example.org,98090 Carpenter Square Suite 686,West Erinville,Illinois,Gambia
5985,Victor,Santana,ricky59@example.com,8950 Ricardo Station,Reyesshire,South Carolina,Faroe Islands
5986,Arthur,Camacho,sleon@example.com,0971 Cook Valley,Lake Leslie,Alaska,Macao
5987,Kelly,Miller,rvelasquez@example.com,07497 Nguyen Squares Apt. 505,Sandraport,Michigan,Slovakia (Slovak Republic)
5988,Robert,Park,michelle94@example.org,8918 Nicholas Heights Suite 187,East Susan,Maine,United Kingdom
5989,Priscilla,Hoffman,fischernathan@example.org,176 Michelle Roads,Clarkland,Idaho,Vietnam
5990,Nicholas,Lamb,kbauer@example.org,9271 Dean Inlet,Port Melissa,New York,French Southern Territories
5991,Stephanie,Pace,rivasandrew@example.com,2615 Michele Views Suite 959,Natashaland,Delaware,Australia
5992,Ronald,Thomas,dmcintyre@example.net,97316 Peter Highway Apt. 876,New Andrewmouth,New Mexico,Russian Federation
5993,Kathy,Boyle,munozmary@example.org,1080 Johnson Greens,West Andre,Maine,Dominican Republic
5994,Rachael,Tran,collinsnicholas@example.com,0929 Caitlin Spurs Suite 780,Michelleville,Maryland,Poland
5995,Maria,Johnson,jason81@example.org,618 Stevens Port,Victoriaborough,Arkansas,French Polynesia
5996,Marco,Petersen,davisbryan@example.org,57177 Owen Forks Suite 628,Codyton,Wisconsin,Luxembourg
5997,Carly,Clark,darrell23@example.org,52317 Anthony Shoal Suite 977,North Joseph,Nevada,Netherlands Antilles
5998,Jackie,Wiggins,cardenaskathleen@example.net,617 Carla Crossing,Lake Williamland,Wyoming,Ireland
5999,Carlos,Price,loganstephanie@example.net,2977 Ebony Rapids Apt. 188,Jenniferton,Nevada,Kyrgyz Republic
6000,Nicholas,Hernandez,padillabrian@example.net,9791 Frederick Islands Suite 786,Haynesville,Mississippi,Kyrgyz Republic
6001,Benjamin,Davis,burnsangela@example.com,622 Tommy Stravenue,West Ryan,Delaware,Panama
6002,Gabriella,Green,elizabethclark@example.org,43534 Denise Causeway,New Matthewberg,Colorado,Papua New Guinea
6003,William,Buckley,aaronharrison@example.com,9208 Jonathan Hills,South Jamesport,Rhode Island,Cook Islands
6004,Scott,Rogers,lawsontheresa@example.net,226 Patrick Cove Apt. 621,Smithburgh,Oklahoma,Ethiopia
6005,Ashley,Mcintosh,michael32@example.org,729 Beck Walks Apt. 452,Rhondaview,Delaware,Saint Helena
6006,Tami,Mann,zdowns@example.net,9428 Miranda Courts,Jennifershire,Georgia,Lithuania
6007,Susan,Kelly,marcbaker@example.org,30859 Garza Squares Suite 720,Timothybury,New Hampshire,Dominica
6008,David,Campbell,burkematthew@example.org,075 Atkinson Overpass,Port Anthonymouth,Maine,India
6009,Chad,Pollard,newmanmaurice@example.com,4390 Brandon Extensions Apt. 277,West Josephton,Indiana,Macao
6010,Matthew,Gregory,deniselove@example.net,77162 Michael Square Suite 493,Port Amber,Utah,Aruba
6011,Leslie,Hamilton,jward@example.org,73902 Bryant Island,Trujillostad,Washington,Lao People's Democratic Republic
6012,Janice,Horne,tinamorales@example.com,337 Crawford Turnpike,Chapmanland,Vermont,Congo
6013,Katrina,Wilson,ian55@example.org,1832 Barry Fork Apt. 554,New Jeremy,Maine,Solomon Islands
6014,Brenda,Calderon,johnsonmorgan@example.org,4595 Jones Trail Suite 365,Randallmouth,Alabama,Saint Kitts and Nevis
6015,John,May,todd22@example.com,014 Molina Estate Apt. 142,New John,Wisconsin,Australia
6016,Matthew,Thompson,kimberly90@example.net,8264 Travis Harbor,North Elizabethton,Maine,Switzerland
6017,Charles,Jones,melissajones@example.net,0980 Wilson Parkway Apt. 981,Tonihaven,Georgia,Ireland
6018,Samantha,Cross,rothfaith@example.org,928 Monica Orchard,Raymondshire,North Dakota,Cocos (Keeling) Islands
6019,Joseph,Castillo,tara74@example.com,945 Johnny Fields Apt. 419,Alexisport,Washington,French Southern Territories
6020,Jimmy,Kelly,ydouglas@example.org,2258 Long Courts,South Brooke,Nevada,Palau
6021,Kelly,Evans,vhayes@example.com,669 Flynn Mission Suite 629,Lewisburgh,Nevada,Malaysia
6022,Cathy,Martin,uwilson@example.com,199 Clark Ferry,Deckertown,Mississippi,Russian Federation
6023,Angela,Hutchinson,audreyherrera@example.org,422 Brown Rest,New Davidton,Ohio,Christmas Island
6024,Kimberly,Larson,rothbrett@example.com,8957 Krista Street,Davisshire,Rhode Island,Estonia
6025,Kim,Glenn,mcclurewilliam@example.net,3834 Jackson Trail Apt. 914,East Ryanstad,Mississippi,Russian Federation
6026,Heidi,Joseph,mercedes06@example.net,93748 Stone Rest,Bellport,Arkansas,South Georgia and the South Sandwich Islands
6027,Marc,Lara,ivan89@example.net,98728 Meyer Keys,East Thomas,North Dakota,Canada
6028,Nicholas,Williams,donnawilson@example.org,128 Diaz Springs,Davisport,North Dakota,Niger
6029,Bobby,Nguyen,sandersgary@example.org,04148 Phillips Circles Apt. 119,Thomasview,Florida,Congo
6030,Priscilla,Evans,phylliscole@example.com,1656 Steven Islands,Frankland,Florida,Moldova
6031,Angela,Garcia,wrogers@example.net,152 Meredith Pass,Steeleton,Tennessee,Congo
6032,Nicholas,Wagner,jilliansmith@example.org,336 Flores Plains Apt. 570,Charlesborough,Alabama,Zimbabwe
6033,Gregory,Cowan,richardwheeler@example.com,376 John Shore Suite 188,Kristinland,Colorado,Qatar
6034,Rachel,Flores,tina31@example.com,2590 Vance Rue,Danielchester,Washington,Honduras
6035,Cameron,Martinez,michelle33@example.org,77515 Robin Oval Apt. 004,Lake Stephanie,Georgia,Niger
6036,Brittany,Salas,andersonsarah@example.net,7625 Ortega Meadows Suite 967,Carrollfort,Virginia,India
6037,Rachel,Mullen,silvateresa@example.org,629 Gilbert Unions Apt. 847,West Zachary,Maine,Sweden
6038,Erik,Adams,fcontreras@example.net,0674 Newton Inlet Apt. 830,New Briannafurt,Minnesota,Italy
6039,Monica,Smith,jenna07@example.org,5300 Reilly Meadows Apt. 786,Riveraton,Colorado,Malta
6040,Jonathan,Richard,nathan16@example.org,96617 Monica Mount,East Robinview,Rhode Island,Sudan
6041,Kristin,Hester,goodmanaustin@example.net,3307 Dennis Rapids Suite 222,West Jasmin,Kansas,Timor-Leste
6042,Samantha,King,tammyalvarado@example.net,14411 Guzman Crossing,Port Megan,Louisiana,Yemen
6043,Richard,Salazar,johnsonallen@example.org,2738 Danny Cove,Port Jason,Arizona,Hungary
6044,Beverly,Rios,woodtracy@example.org,4230 Nicholas Cove Suite 846,North Carrieside,North Dakota,Zambia
6045,Jack,Miller,evansstacey@example.com,43884 Nathan Station,North Tiffanyfurt,Ohio,Solomon Islands
6046,Emily,Rich,edwardwalsh@example.com,576 Jeremy Green Suite 635,East Teresa,South Carolina,Indonesia
6047,Michael,Smith,erinochoa@example.com,3602 Stephen Crossroad Apt. 017,Lake Albertville,North Carolina,Bouvet Island (Bouvetoya)
6048,Robert,Gibson,scarter@example.net,56712 Collins Crossing,Smithfurt,Florida,Seychelles
6049,Donald,Barber,xcarrillo@example.com,01407 Larry Island,East Gregory,Oregon,Qatar
6050,Amanda,Davis,jerry04@example.com,0618 Christopher Park,East Elizabeth,Rhode Island,Ghana
6051,Donald,Harris,swillis@example.org,293 Russell Springs Apt. 706,Jessicafort,Alabama,Guinea-Bissau
6052,Brian,Johns,kimberlybecker@example.net,80025 Samantha Harbors Apt. 328,Morganmouth,Illinois,Papua New Guinea
6053,Mary,Schroeder,fergusontiffany@example.org,412 Mike Knolls Suite 794,South Leslie,Connecticut,Austria
6054,Shannon,Ramirez,lunamary@example.net,18490 Daisy Roads Suite 673,Port Scotttown,Maine,Central African Republic
6055,Christina,Christensen,pamelaleon@example.com,2249 King Plaza,Albertchester,West Virginia,Italy
6056,Michelle,Lee,jaredmcfarland@example.net,6981 Elizabeth Spur,Edwardston,Utah,Israel
6057,Cynthia,Kane,acevedomegan@example.net,211 Snyder Forge,South Nicoleberg,Tennessee,Jordan
6058,Amanda,Harris,rileydaniel@example.com,738 Williams Common Apt. 778,Charleschester,Ohio,Kiribati
6059,Tammy,Roberts,yjohnson@example.net,60873 Scott Cape,West Erinland,Maryland,Armenia
6060,Kyle,Montes,phutchinson@example.org,442 John Pine,Lake Cynthia,Rhode Island,Mauritius
6061,Antonio,Bowen,jamie78@example.org,8568 Smith Alley,Port William,Michigan,Macao
6062,Rebecca,Neal,parkscarolyn@example.net,29102 Rowe Court,Lake Kimberlyland,Ohio,Libyan Arab Jamahiriya
6063,Joseph,Mata,catherinethornton@example.com,135 Joy Park Suite 633,Jamesland,Nebraska,Uzbekistan
6064,Juan,Harris,andersonbrianna@example.com,96201 Brian Freeway,Laurenland,Hawaii,Western Sahara
6065,Douglas,Vasquez,frankmatthew@example.net,88644 Warren Springs,East Ericmouth,Colorado,Marshall Islands
6066,Jonathan,Harris,nina17@example.org,900 Paul Via Apt. 975,Lake Oliviashire,Michigan,Netherlands Antilles
6067,Jocelyn,Ali,pnolan@example.com,3094 Andrew Alley,West James,South Carolina,Australia
6068,Stacey,Martinez,mauricesexton@example.org,290 Larson Pine Apt. 305,Wigginsville,Arkansas,Turkey
6069,Michele,Leblanc,awilson@example.net,553 Ashley Fort,New Brian,Wyoming,Djibouti
6070,Jerome,Guerrero,jacksoncarol@example.com,693 Stevens Field Suite 941,Anthonyburgh,Tennessee,Kuwait
6071,Justin,Smith,tfigueroa@example.com,6038 Martin Walk,Smithhaven,Nevada,Comoros
6072,Rachel,Edwards,woodjake@example.org,272 Newman Fall Suite 193,Adamchester,West Virginia,Cocos (Keeling) Islands
6073,Cynthia,Curtis,youngpamela@example.org,230 Melton Extensions Suite 975,East Johnshire,Vermont,Guernsey
6074,Derrick,Clark,johnkim@example.com,1692 Cathy Mission,South Ronnie,Florida,French Guiana
6075,Courtney,Howard,elizabethcampbell@example.org,5408 Christine Plaza Apt. 709,Christopherhaven,Massachusetts,Albania
6076,Alexis,Gonzalez,tlara@example.net,0363 Banks Trafficway Suite 465,Josephview,Maryland,Montenegro
6077,Gregory,Morton,kmiller@example.com,8940 Mills Stravenue,Homouth,Maine,Lesotho
6078,James,Perry,jacqueline39@example.net,9461 Phillip Mount,West Jeffery,Massachusetts,New Zealand
6079,Lauren,Wilson,allisonautumn@example.net,052 Adam Ports Apt. 336,Johnsonchester,Delaware,Cocos (Keeling) Islands
6080,David,Gay,danielsalazar@example.com,9756 Nicole Overpass,New Brenda,Colorado,Grenada
6081,Mary,Michael,michael34@example.org,09154 Hunter Hill Suite 552,Heatherberg,Louisiana,Gambia
6082,Melanie,Combs,landerson@example.org,507 Miller Springs Suite 450,Port Michellemouth,Minnesota,Denmark
6083,Dale,Hall,ryangraves@example.com,1811 Erin Gateway Apt. 669,Jasontown,New York,Netherlands
6084,Jeffery,Taylor,vhale@example.org,116 Barry Plains Apt. 754,Port Rodney,Wyoming,Armenia
6085,Lee,Church,michaelfox@example.net,594 Johnson Prairie,New Josephview,Indiana,Saint Martin
6086,Eileen,Boyer,michellewagner@example.net,9988 Douglas Land Suite 565,Lopezside,West Virginia,Lesotho
6087,Mary,Bishop,morenogregory@example.com,4134 Ashley Fort,Fowlerton,Kansas,Belize
6088,Aaron,Calderon,paulnorman@example.net,57999 Graham Cliffs,Scottfurt,Nevada,Senegal
6089,Gary,James,qstevens@example.net,83406 Ramos Cape Apt. 248,Lake Maria,Nebraska,South Africa
6090,Matthew,Mcdaniel,hkhan@example.org,576 Wendy Creek,East Bobby,Minnesota,Cuba
6091,Katie,Miller,hweber@example.com,115 Price Plains Suite 461,East Raymondhaven,Alaska,Suriname
6092,Bianca,Mcpherson,michaelrogers@example.net,171 Debbie Station Apt. 830,South Ronald,Rhode Island,Congo
6093,William,Smith,jacob00@example.net,264 Eric Meadow Apt. 692,Sarahaven,New Mexico,Italy
6094,Mikayla,Golden,barbarajimenez@example.org,4581 Jones Ramp,Kingfurt,Indiana,New Caledonia
6095,Jessica,Noble,madisonsparks@example.org,1169 Farmer Track Suite 663,South Bradleyburgh,Indiana,Libyan Arab Jamahiriya
6096,Nicole,Allen,abigaillopez@example.net,23541 Trevino Grove,Meadowschester,Idaho,Qatar
6097,Richard,Gross,monica13@example.com,59253 Davis Bridge Apt. 220,North Lauren,Florida,Guadeloupe
6098,Anna,Reeves,michele54@example.com,4302 Hall Trace,Kennethstad,Nebraska,South Georgia and the South Sandwich Islands
6099,Jeremy,Johnson,stephen41@example.net,20494 Parker Plaza,Larsonton,Louisiana,Chad
6100,Ronald,Campbell,boltonjennifer@example.net,6365 Nash Glens,Stevenmouth,Ohio,Isle of Man
6101,Jacob,Gomez,anthony24@example.com,48465 Pace Parkway Apt. 587,West Darrylborough,Iowa,Russian Federation
6102,Mark,Scott,carolynwalker@example.org,8911 Rogers Throughway Suite 125,Rebeccatown,Arizona,Luxembourg
6103,Michael,Potter,yvetterobinson@example.net,0114 Joseph Greens Suite 791,Nortonton,California,Saint Lucia
6104,Brianna,Simmons,cody38@example.net,40690 David Village,East Mark,Michigan,Kazakhstan
6105,Joshua,Liu,xelliott@example.net,018 Walsh Prairie,Huffmanborough,Texas,Montserrat
6106,Eileen,Johnston,shanehiggins@example.net,6124 Kemp Row,Shawnmouth,North Dakota,Tunisia
6107,David,Goodwin,jmoore@example.org,147 Dawn Park,Port Mary,Tennessee,Tuvalu
6108,Thomas,Case,andrew85@example.com,18573 Howard Oval,Hillchester,Nevada,Guinea
6109,Thomas,Powell,johnsondenise@example.com,1804 Mullins Parks,South Nathaniel,Mississippi,Botswana
6110,Christopher,Figueroa,destiny97@example.com,409 Willis Brook Apt. 612,South Jamesberg,New Mexico,Christmas Island
6111,Richard,Sellers,hardingsusan@example.com,866 Nancy Crest Apt. 016,Derekberg,West Virginia,Papua New Guinea
6112,Richard,Proctor,jamie84@example.org,3170 Wood Well Suite 989,New Terrimouth,Mississippi,Ukraine
6113,Deborah,Boyd,mirandathompson@example.org,5208 Anderson Fork,Millerstad,Virginia,Venezuela
6114,Gary,Rodriguez,christopher76@example.net,0783 Kelly Spring Suite 581,Ayalatown,Oregon,New Zealand
6115,Michelle,Dixon,sanchezmarissa@example.org,403 Katherine View,Dawnchester,Minnesota,Armenia
6116,Kathryn,Deleon,icabrera@example.org,017 Michael Shoals,Turnerville,Tennessee,Belgium
6117,Patricia,Miller,kenneth76@example.com,8790 Clark Port Apt. 302,North Yvette,Delaware,Kiribati
6118,Holly,Jimenez,jackstokes@example.com,79214 Park Radial Suite 969,Jeremytown,Michigan,Dominica
6119,Mary,Morgan,donaldchoi@example.net,61020 Allen Mountain Suite 874,Port Jonathan,Illinois,Liechtenstein
6120,Derrick,Henry,evan67@example.com,896 Edward Manors Suite 405,Lake Michael,Colorado,Saint Pierre and Miquelon
6121,Robert,Gamble,cheryl09@example.com,3277 Paula Courts,North Antonioberg,Michigan,France
6122,Brett,Spears,amy60@example.org,6652 Charles Street,East Christine,Arizona,Palestinian Territory
6123,Gina,Cox,mooretracey@example.com,0299 Guerra Spring,Brianchester,North Dakota,Montserrat
6124,Karen,Martinez,joshua58@example.com,84751 Michael Ville,New Shelbyton,Illinois,Argentina
6125,Stephanie,Cole,stacytucker@example.org,9121 Sheena Stravenue Apt. 737,Destinyland,Missouri,Somalia
6126,Phillip,Clark,ashleysaunders@example.com,009 Garcia Isle Suite 726,Mcphersonland,Iowa,Faroe Islands
6127,Amber,West,asmith@example.com,2337 Dawn Ford,Morganport,Nevada,Martinique
6128,Alicia,Johnson,johnathan11@example.net,971 Davis Walks Suite 878,New John,New Hampshire,Sudan
6129,Brian,Avila,dbrown@example.net,52535 Hernandez Curve Suite 971,Olsonberg,New York,Israel
6130,Diane,French,hernandeztoni@example.com,56015 Friedman Crest Suite 390,West Michaelview,Arkansas,American Samoa
6131,Michelle,Mitchell,chadlewis@example.net,442 Barton Well Suite 145,West Stephanie,New Hampshire,Croatia
6132,Matthew,Anderson,marcschultz@example.net,4377 Anthony Tunnel Apt. 153,Turnertown,Nevada,Paraguay
6133,Karen,Sheppard,nolandaniel@example.org,840 Fernandez Brook Suite 794,Kennethport,Oregon,Benin
6134,Leslie,Mendez,briannanorton@example.org,4019 Rodriguez Glen,New William,Kentucky,Netherlands Antilles
6135,Melanie,Dunlap,tina82@example.com,782 Conner Drive Suite 095,New Cindy,New Jersey,Iran
6136,Kimberly,Mcclure,charlesanderson@example.net,20810 Jennifer Isle Suite 125,Nicholasshire,Hawaii,Sudan
6137,Victoria,Berg,roblesmarcus@example.org,22505 Arnold Vista,Sharonhaven,South Dakota,Turkey
6138,Robert,Clark,jacksonlinda@example.net,4725 Cassandra Vista,Kingstad,California,San Marino
6139,Pamela,Nunez,jamesgreen@example.com,79350 Smith Field Apt. 322,Andrewtown,New Mexico,Morocco
6140,Aaron,Smith,coltonwarner@example.com,43731 Cindy Isle Suite 126,East Albertport,Wisconsin,Kenya
6141,Susan,Holmes,vhall@example.com,092 Hannah Spurs,Lake Davidburgh,Illinois,Comoros
6142,Mike,Guerrero,vicki65@example.com,894 Nicole Streets Apt. 817,North Adam,Alaska,Sao Tome and Principe
6143,Teresa,Potts,richardsonjamie@example.com,723 Nichols Views Suite 388,Joelburgh,Pennsylvania,Algeria
6144,Dustin,Mcclure,kevin01@example.org,821 Stacie Park Apt. 835,Brianfort,Virginia,United States Minor Outlying Islands
6145,Jacqueline,Mcpherson,yberry@example.com,5511 Thomas Course Suite 895,South Debrastad,Hawaii,Senegal
6146,Joseph,Chapman,watsonroger@example.net,97988 Patterson Dam,Jamieburgh,Wyoming,Luxembourg
6147,Cathy,Barron,kimberly90@example.net,387 Abbott Inlet,Bartlettmouth,Utah,Cape Verde
6148,Dwayne,Mosley,matthew06@example.com,089 Rogers Gardens,Andersonbury,New Jersey,Ukraine
6149,Elizabeth,Dunn,kelli76@example.org,7227 Rodriguez Center,Lake Jessicaborough,Washington,Dominican Republic
6150,Suzanne,Moore,kscott@example.net,2190 Paige Mountain,East Charles,Kentucky,Italy
6151,Brooke,Price,ghernandez@example.net,21665 Jacob Island Apt. 474,Jacquelinemouth,Massachusetts,Togo
6152,Lisa,Shaw,bturner@example.org,1090 Calvin Plain,North Tashatown,Vermont,El Salvador
6153,Adam,Caldwell,stephenpatel@example.org,1415 Underwood Spur Apt. 610,Port Jennifer,Kentucky,Mali
6154,Adam,Reed,angela47@example.org,544 Hansen Camp,Eduardobury,Ohio,Slovakia (Slovak Republic)
6155,Aaron,Johnson,patrick04@example.net,33459 Taylor Passage Suite 795,North Coltonmouth,Michigan,Antigua and Barbuda
6156,Emma,Butler,anthony07@example.org,7704 Matthew Trail Apt. 316,Lisamouth,Indiana,Somalia
6157,Cody,Cummings,julie41@example.com,68432 Fowler Stravenue Apt. 195,Woodsborough,Montana,Kiribati
6158,Christopher,Thompson,steven87@example.org,53995 Donna Land,Snowside,California,Eritrea
6159,Amanda,Richards,chandaniel@example.com,714 Finley Camp Apt. 672,Port Seanstad,Illinois,Peru
6160,Michael,Thomas,kochemily@example.org,15533 Santiago Cliffs,West Meganfort,Wyoming,India
6161,Dustin,Miller,kevin34@example.net,00596 Black Rest,Patriciaview,New Mexico,Colombia
6162,Charles,Fuller,ofreeman@example.com,322 William Rest Suite 283,Lake Dale,Illinois,Mexico
6163,Nancy,Ramos,iharding@example.com,932 Henry Corner,North Steven,Texas,Italy
6164,Carmen,Valenzuela,zgeorge@example.net,267 Webb Neck Suite 632,Kanemouth,New York,Saint Barthelemy
6165,Joanne,Jones,fkramer@example.com,507 Billy Creek Apt. 297,West Joshua,New Hampshire,Chad
6166,Jennifer,Lopez,hutchinsonandrea@example.org,3780 Tate Wells,South Christopher,Georgia,Albania
6167,Tommy,Chapman,whitney10@example.net,414 Clark Extensions,Port Katherinefort,Connecticut,Moldova
6168,Katelyn,Mckinney,randolphalexander@example.net,377 Cameron Crossroad,Lake Ann,Alaska,Papua New Guinea
6169,Mark,Woods,timothy44@example.com,0996 Thompson Groves,North Joshua,South Carolina,Saint Lucia
6170,Anthony,Mitchell,cynthiawilliams@example.org,301 Williams Parks Suite 265,Smithshire,Hawaii,Maldives
6171,Nichole,Newton,mathewsluke@example.org,512 Carpenter Junctions Apt. 482,Martinezside,South Dakota,Brazil
6172,Kimberly,Ward,tfranklin@example.org,23894 Ramos Plains Apt. 859,Garrisonchester,South Carolina,Libyan Arab Jamahiriya
6173,Melissa,Wallace,david13@example.org,88005 Andrew Plaza Suite 666,East Ronald,Arkansas,Slovakia (Slovak Republic)
6174,Michael,Cole,patrickwatson@example.net,306 Cooper Union,East Christopher,Virginia,Hong Kong
6175,Bryan,Floyd,schneiderjudy@example.com,359 Larson Mill Suite 411,South Alexandriatown,Indiana,Austria
6176,Mark,Mendez,hernandezstephen@example.org,15533 Kayla Creek,South Tiffany,Missouri,Trinidad and Tobago
6177,Brenda,French,barbaralopez@example.org,2731 Kimberly Ranch,Hubbardshire,California,Grenada
6178,Amy,Ford,hjohnson@example.org,1243 Patricia Knoll,Ramirezland,Massachusetts,France
6179,Jeff,Anderson,rrodriguez@example.net,643 Derrick Overpass Apt. 499,Hernandezborough,Colorado,Colombia
6180,Mary,Franklin,gregory44@example.com,499 Lisa Mountains Suite 740,Larryborough,Tennessee,Algeria
6181,Benjamin,Newman,baldwinshannon@example.net,256 Elijah Turnpike Apt. 152,Kelseybury,Nebraska,Bolivia
6182,Daniel,Becker,adamfrank@example.com,60436 Kristin Parkways Apt. 639,Lake Williamside,Iowa,Taiwan
6183,Patricia,Martinez,stevenmarks@example.net,7329 Bobby Gateway,Lake Christopher,New Hampshire,Netherlands
6184,Autumn,Murray,brownmichele@example.org,121 Larry Land Suite 444,Port Jerry,Massachusetts,Mayotte
6185,Janice,Baker,smithwilliam@example.net,381 Pearson Way,Hannahton,Tennessee,Samoa
6186,Sean,Everett,kevinmeyers@example.net,66454 Victoria Falls,North Benjamin,Pennsylvania,Papua New Guinea
6187,Mark,Robertson,nataliealvarado@example.com,8109 James Inlet,North Lisa,Oklahoma,Costa Rica
6188,Justin,Martin,fosterchristopher@example.com,092 Sharon Burg Suite 273,Davisberg,New Hampshire,Panama
6189,Ernest,Holland,brianroberts@example.net,16977 Elizabeth View Apt. 644,Lake Andrewmouth,Wisconsin,French Southern Territories
6190,Jonathan,Cruz,william48@example.org,136 Brown Ferry,East Kristy,Utah,Philippines
6191,Rachel,Kim,andersonsarah@example.net,32012 Jeremy Harbor,Colonmouth,Texas,Philippines
6192,Richard,Mathews,mhardy@example.com,96319 Jesus Cape Suite 951,Romeroberg,Vermont,Gambia
6193,Richard,Moody,dmunoz@example.net,004 Padilla Plaza Suite 555,East Garrettberg,Nebraska,Malaysia
6194,Edward,Allen,kennethdavis@example.com,0890 Brown Meadow,Lake Laurenmouth,Michigan,Western Sahara
6195,Ruben,Smith,patriciaperez@example.net,33323 Edwards Course,Thomashaven,Missouri,Dominica
6196,Jose,Jackson,denise45@example.net,462 Steven Island,Sandersside,Michigan,Central African Republic
6197,Michael,Vazquez,jacob18@example.net,15331 Robinson Extensions Apt. 726,Jennaberg,Alabama,Martinique
6198,Timothy,Greene,stephaniedavis@example.org,326 Laura Roads Apt. 617,North Robinport,Nebraska,Romania
6199,Carl,Jensen,zsims@example.net,32983 Andrea Rue Apt. 408,East Felicia,Illinois,Poland
6200,Natalie,Ramos,suenichols@example.net,446 Joanna Islands Apt. 628,Port Joshua,Michigan,Japan
6201,Ashley,Brooks,tbaker@example.com,219 Michael Rest Suite 788,Sandramouth,Oregon,Guatemala
6202,Randy,Sanders,andrew27@example.net,32596 Peter Oval Apt. 279,South Judithchester,Illinois,Saint Lucia
6203,Bailey,Weaver,owensdarrell@example.net,2617 Chloe Crest Apt. 572,East John,Virginia,Swaziland
6204,Marc,Montoya,brennanaudrey@example.net,893 Mejia Plains Suite 537,East Lauren,Ohio,Guadeloupe
6205,Glen,Reeves,twhite@example.net,7246 Andrew Ranch Suite 207,North Mary,West Virginia,Georgia
6206,Oscar,Houston,ydean@example.org,978 White Place,North Elizabethchester,Oklahoma,Saint Lucia
6207,Jennifer,Higgins,ballardlinda@example.net,3485 Hinton Ranch,West Jessica,Arkansas,Costa Rica
6208,Jessica,Crawford,colleen86@example.com,46369 Miller Crossroad,New Catherine,Kentucky,Hungary
6209,Mary,Brown,kellyhernandez@example.com,44979 Chen Roads Suite 135,Johnnybury,Alaska,Czech Republic
6210,William,Atkins,mfleming@example.net,3276 Andrews Hills,South Kristenstad,Pennsylvania,Afghanistan
6211,Katelyn,Bowman,tamara71@example.com,56269 Glenn Inlet,Michelleton,Colorado,Sudan
6212,Emily,Hall,stephen86@example.net,4058 Barbara Hollow,South Jeffreyview,Tennessee,Bulgaria
6213,Dana,Jimenez,wilkinsonjanet@example.net,9145 Reynolds Pine Apt. 170,Callahanport,California,Latvia
6214,Joseph,Oconnor,vincentlinda@example.net,08178 Thomas Run Apt. 965,New Timothyville,Maryland,Indonesia
6215,Shannon,Avery,millerterry@example.com,674 Lawrence Station Suite 761,Rachelmouth,Utah,Nauru
6216,Yolanda,Nguyen,samantha50@example.com,53852 Emily Vista,Grantberg,Washington,Lesotho
6217,Heather,Fernandez,jeffboyd@example.com,47604 Gilmore Heights,Lake Lindachester,Mississippi,Antigua and Barbuda
6218,Samantha,Schmidt,groberts@example.net,883 Rhodes Plaza Apt. 370,Port Dawnburgh,Arizona,Congo
6219,Amy,Morris,jacquelinehickman@example.org,432 Candace Haven Apt. 143,New Jacquelinechester,Pennsylvania,Ethiopia
6220,Sarah,Cox,mramirez@example.org,3130 Norton Burg Apt. 544,North Scott,California,Namibia
6221,Todd,Kerr,adamsamy@example.net,7837 Allen Valleys,New Tammyburgh,Vermont,Andorra
6222,Brenda,Smith,christiejohnson@example.net,453 Tapia Mills,South Madisonland,Georgia,Antigua and Barbuda
6223,Maurice,Spencer,raymondjohn@example.org,55607 Richard Skyway,Stevenfurt,Kansas,Uganda
6224,Peter,Payne,kimberlyserrano@example.com,2527 Luke View,East Jasonfort,Hawaii,China
6225,Richard,Howe,elizabethsmith@example.org,219 Parks Turnpike Apt. 704,Mackstad,Indiana,United States Virgin Islands
6226,Amanda,Ibarra,diane03@example.com,13402 Conner Groves Suite 893,Port Vickiemouth,Virginia,Armenia
6227,Mary,Munoz,pjefferson@example.net,72985 Parker Union,Port Melanie,Massachusetts,Samoa
6228,Abigail,Donovan,jonathanrodriguez@example.net,96435 Miller Lights,Hoganland,New Mexico,Switzerland
6229,Lindsey,Cohen,cynthiahernandez@example.org,52830 Atkins Union,Kimstad,Massachusetts,Canada
6230,Cynthia,Tapia,kyle99@example.org,59370 Strong Lakes,North Tamaraport,Kansas,Brunei Darussalam
6231,Kimberly,Hughes,eric67@example.net,092 Merritt Parkway,Williamsview,Arkansas,Madagascar
6232,Robert,Lane,ntorres@example.org,655 Kelsey Springs Suite 209,Port Briannaborough,Idaho,Ghana
6233,Nathan,Nichols,theresa61@example.org,78755 Tina Hills,Danielfort,Arizona,Malaysia
6234,Jill,Clark,jacobsanne@example.net,972 Knox Expressway Apt. 418,Lake Laurenstad,Rhode Island,Uganda
6235,David,Clark,stonechristopher@example.org,675 Courtney Corner Apt. 239,Espinozatown,Idaho,Rwanda
6236,Debbie,Griffith,vasquezdawn@example.org,08840 Briggs Manor Suite 112,Lindashire,Arkansas,Thailand
6237,Joseph,Davis,draketoni@example.org,6019 Foster Turnpike,Joseton,Pennsylvania,Latvia
6238,Jeanette,Kramer,davidbarr@example.com,9831 Krystal Plains,West Jerome,Hawaii,Guadeloupe
6239,Melanie,Parker,vodom@example.com,5433 Nancy Flat Apt. 455,Scottborough,Maine,Malawi
6240,Roberto,Jackson,kathrynwise@example.com,3868 Steve Run,South Michaelborough,Tennessee,Malaysia
6241,Susan,Sanchez,juliewilliams@example.org,0148 Edward Parkway Apt. 063,Buckleyfurt,Hawaii,Canada
6242,Jessica,Jenkins,jgreene@example.com,823 Adrienne Harbor Apt. 090,North Shannonport,Vermont,Gabon
6243,Stephen,Pierce,dthomas@example.com,292 Anthony Radial Suite 608,North Isabellamouth,New Jersey,Afghanistan
6244,William,Solis,courtneymayer@example.org,8961 Burgess Springs Apt. 436,Kaylaville,New Mexico,South Georgia and the South Sandwich Islands
6245,Jennifer,Perez,goldenmelissa@example.net,21807 Richard Greens Suite 820,East Kiarachester,North Carolina,Slovenia
6246,Terri,Hernandez,howardvictoria@example.com,111 Michael Mall,Jamesview,Michigan,Guernsey
6247,Michael,Martinez,bayala@example.org,68564 Calvin Neck Apt. 646,Curtisstad,Mississippi,Guinea
6248,Ana,Sloan,hawkinsalicia@example.net,438 Welch Squares Apt. 618,West Amber,New Jersey,Guinea
6249,Monica,Hale,kyliedavid@example.net,51880 Rachel Corners Suite 154,Thomasberg,West Virginia,Liechtenstein
6250,Meredith,Taylor,lambertphillip@example.org,065 John Road,Courtneyview,New Mexico,Andorra
6251,Randy,Bullock,villanuevastacey@example.net,268 Rebecca Park Apt. 123,Christianbury,Mississippi,Germany
6252,Tiffany,Everett,joshuahudson@example.org,216 Garcia Coves,Port Brittany,Connecticut,Thailand
6253,James,Wiggins,pjohnson@example.org,496 Tiffany Fork,New Brittanyhaven,Arkansas,Ethiopia
6254,Jennifer,Collins,osavage@example.com,9730 Kimberly Harbors Suite 138,Lake Jaredhaven,New York,Korea
6255,Kimberly,Atkinson,bgreene@example.org,57071 Jessica Unions,Lake Daniel,Iowa,Gambia
6256,Darren,Kirby,matthew34@example.com,70979 Bowen Fords Apt. 121,Duncanburgh,Louisiana,Sri Lanka
6257,Nathan,Robbins,evanscourtney@example.com,4199 Ford Common,Nielsenborough,Iowa,Barbados
6258,William,Carr,bernardangela@example.com,0284 Meyers Corner Suite 374,East Alexis,West Virginia,Suriname
6259,Tracy,Melton,lpeters@example.com,5460 Campbell Road Apt. 934,Port Lawrence,New Jersey,Gabon
6260,Linda,Cunningham,jessica37@example.com,3450 Gonzalez Corners,South Anthony,Maryland,Brunei Darussalam
6261,Melissa,Martin,kathleen41@example.net,19258 Greene Radial Apt. 595,Port Abigail,Oklahoma,Maldives
6262,Kathleen,Ross,jennifer71@example.org,246 Lopez Knoll Apt. 936,East Shannon,Maryland,Sierra Leone
6263,Lindsay,Huffman,mortonconnie@example.org,2106 Alexandria Pike Apt. 142,Lake Todd,Colorado,Jordan
6264,Joan,Lee,huffmanbrad@example.net,17481 Erin Stravenue,Michaelstad,Oklahoma,Fiji
6265,Aaron,Cunningham,luisnguyen@example.com,784 Nicholas Causeway Apt. 038,Christinemouth,Alaska,Marshall Islands
6266,Brittney,Medina,davisgina@example.org,6484 Chloe Locks,Port Joseshire,Washington,Australia
6267,Sheryl,Hicks,christineenglish@example.com,121 Kayla Path,Elliottbury,North Dakota,Latvia
6268,Melissa,Anderson,blopez@example.org,74121 Brown Mountain Apt. 350,Alecmouth,Wisconsin,Denmark
6269,Michael,Grant,margaret25@example.com,3843 Scott Vista,Port Amandahaven,New York,Burkina Faso
6270,Tina,Green,johnsonjames@example.com,6719 Jeffery Loaf Suite 066,Carlafort,Utah,French Southern Territories
6271,Linda,Powers,villarrealrodney@example.org,748 Griffin Crossroad Apt. 897,South Dylan,Indiana,Syrian Arab Republic
6272,William,Beck,charleneramsey@example.org,78892 Berg Falls Suite 840,Lake Michellefurt,Wyoming,Austria
6273,Tina,Bowers,michael82@example.org,86445 Frank Burgs Apt. 454,Saundersmouth,Oregon,Jersey
6274,Lisa,Price,weissjoseph@example.org,76557 Christopher Avenue Apt. 068,Port Melindaberg,New Jersey,Italy
6275,Ashley,Taylor,sbrown@example.net,7467 Kelly Park,West James,Tennessee,Myanmar
6276,Anthony,Rodriguez,adrian82@example.org,13462 Shah Light,Amandashire,West Virginia,Oman
6277,Jeff,Williamson,autumnsantos@example.net,82735 Miller Mission,Port Robin,Alabama,Spain
6278,Christina,Page,gabriellejensen@example.com,403 Bonilla Wells Apt. 251,Joneston,Hawaii,Greece
6279,Megan,Miller,cardenastamara@example.org,7899 Peterson Parks,Fernandezview,Georgia,Senegal
6280,Richard,Durham,smithsarah@example.net,7923 Michael Parkways,New Robertchester,Texas,Holy See (Vatican City State)
6281,James,Jefferson,brandonmitchell@example.com,63920 Rowe Circle Apt. 328,West Nicholasview,Mississippi,Djibouti
6282,Jamie,Jackson,gknapp@example.com,22655 Robinson Skyway,West Richard,Massachusetts,Northern Mariana Islands
6283,Barbara,Flynn,mary10@example.net,73664 Miller Villages Apt. 217,East Jasonbury,Utah,Timor-Leste
6284,Patricia,Ferguson,lolson@example.net,239 Morris Terrace,Lake Jennifershire,Vermont,Lesotho
6285,Patrick,Ayers,scott28@example.org,752 Jones Springs,West Daniellechester,New Mexico,Austria
6286,Ryan,Dillon,lisa79@example.com,13438 Alice Shores,West Amanda,New York,Malawi
6287,Danielle,Atkins,uwalker@example.org,0388 Tyler Dam,Johnmouth,Utah,Romania
6288,Faith,Thomas,yjohnson@example.com,7541 Powell Pine,Richardsonfurt,Indiana,Libyan Arab Jamahiriya
6289,Juan,King,gonzalesthomas@example.org,94074 Garcia Club Apt. 741,Lake Jennifershire,Nevada,Slovenia
6290,Samantha,Hall,gregory37@example.net,32996 Guerra Pines,Janiceport,Nebraska,Micronesia
6291,Kelsey,Martinez,browntroy@example.org,98483 Harper Orchard,Hollandchester,West Virginia,Azerbaijan
6292,Justin,Bright,austin25@example.org,94392 Cortez Rapid Suite 971,Port Jasmineside,Pennsylvania,Cape Verde
6293,Billy,Pittman,bryanmoore@example.net,1259 Robert Expressway,Mosleyfort,Oklahoma,Qatar
6294,Lori,Marquez,joshuamccarty@example.net,365 Jack Villages Suite 030,Ericside,Illinois,Italy
6295,Steven,Campbell,savannahsutton@example.org,19454 Lisa Trafficway Apt. 396,Caroltown,North Dakota,Somalia
6296,Heather,Miller,tina53@example.com,613 Martin Gardens Suite 527,Amymouth,Georgia,Congo
6297,Katie,Perez,combsnicholas@example.org,6147 Brady Port,Moralesview,Pennsylvania,Northern Mariana Islands
6298,David,Hunter,tannerrebecca@example.com,952 John Brooks Suite 107,Lorishire,Montana,Kenya
6299,Ricardo,Roy,rodriguezalexis@example.com,65137 Jessica Freeway Apt. 529,South Megan,Maine,Bhutan
6300,Jeffery,Thomas,taylorwilliams@example.com,49555 Flores Route,South Amanda,Illinois,Micronesia
6301,Sean,Davis,dlowery@example.net,026 Jeffrey Walk Apt. 479,New Christinaland,Massachusetts,Haiti
6302,Robert,Baker,thomas51@example.net,8372 Erica Key Suite 340,East Leonard,Montana,Montserrat
6303,Danielle,Chapman,peterellis@example.org,63368 Stokes Lodge,Garystad,California,Sierra Leone
6304,Andrew,Reed,wdelacruz@example.org,290 Andrew Drives Apt. 623,Lake Dawnchester,Indiana,Norfolk Island
6305,Erik,Johnson,tberry@example.com,58123 Veronica Mount Suite 390,Woodton,Arkansas,Mexico
6306,Jasmine,Lane,elizabeth25@example.org,1495 Tara Isle,Tomborough,Oregon,Brunei Darussalam
6307,Craig,Long,acostajanice@example.org,825 Nicholas Extension Apt. 682,Lake Jonathan,Hawaii,Bermuda
6308,Juan,House,wtate@example.org,4775 Adam Orchard,North Kellyview,Indiana,Congo
6309,Sheila,Bartlett,dcampbell@example.org,733 David Crest,Edgarmouth,North Carolina,Jersey
6310,Justin,Howard,wendysimpson@example.net,948 Stewart Haven Suite 841,Douglaston,South Dakota,Turkmenistan
6311,Melissa,Maxwell,rball@example.net,48069 Robert Isle Apt. 092,West Erin,West Virginia,Maldives
6312,Joshua,Ortiz,hollygomez@example.net,296 Frazier Lights,New Dennistown,Delaware,Grenada
6313,Sarah,Floyd,shirley03@example.net,9783 Christopher Station Suite 022,Nicolefurt,South Carolina,Tanzania
6314,Darius,Floyd,enewton@example.net,4096 Peter Motorway,Johnsonmouth,New Mexico,Burundi
6315,Roy,Keller,pattersonhector@example.net,42871 West Freeway,Alyssahaven,Florida,Western Sahara
6316,Christine,Harrell,zdunn@example.com,199 Smith Drive Apt. 905,Theresaville,New Hampshire,Chile
6317,Brandy,Matthews,bdixon@example.org,412 Hunt Greens Suite 707,Tiffanyfurt,Kentucky,Montserrat
6318,Scott,Adams,twright@example.org,139 Cook Squares Apt. 341,Kristenside,Nevada,Tajikistan
6319,Courtney,Noble,tfinley@example.org,81150 King Radial Suite 794,East Wendy,Hawaii,Guinea
6320,Mike,Osborn,justin64@example.net,5269 Clarke Junction Apt. 338,North Stephenburgh,South Carolina,Vanuatu
6321,Jacob,Taylor,anthonycarr@example.com,4810 Carmen Rue Apt. 005,Chrismouth,Iowa,Saint Vincent and the Grenadines
6322,Sean,Chang,bgarza@example.org,63733 Brian Heights Apt. 405,North Adam,Georgia,Austria
6323,Michael,Rivera,cody35@example.net,89773 James Ways,Port Nicolemouth,Connecticut,Somalia
6324,Lynn,Hernandez,marissakelley@example.net,8257 Lane Trail,Porterport,Tennessee,French Polynesia
6325,Kimberly,Rodriguez,michaela52@example.net,5910 Harper River,Millerton,Tennessee,Guadeloupe
6326,Makayla,Herring,floresdavid@example.net,831 Roth Neck Suite 326,Hernandezville,Delaware,Georgia
6327,Kaitlyn,Pham,andrea18@example.org,750 Angela Cape Apt. 247,East Jenniferton,Texas,Colombia
6328,Joshua,Robles,lisatate@example.org,7836 Alicia Ways,North John,North Dakota,Reunion
6329,Brandon,Williams,nsantos@example.net,5775 Cindy Burg Suite 859,Whitefort,Maine,Falkland Islands (Malvinas)
6330,Ashlee,Brewer,hodgeamy@example.org,0993 Stokes Island,Port Elizabeth,Tennessee,Palestinian Territory
6331,Kayla,Green,sstokes@example.com,5866 Raven Field,West Cameron,Wyoming,Thailand
6332,Amanda,Williams,devon71@example.net,5092 Debra Manors Suite 980,East Shelley,Louisiana,Saint Martin
6333,Krista,Ball,joseph89@example.net,48120 Brown Village,West Malikmouth,Texas,Japan
6334,Ashley,Campbell,juliahernandez@example.com,880 Alexis Gateway Suite 343,East Philipmouth,Louisiana,Montserrat
6335,Robert,Smith,mcguirealexis@example.net,8215 Nathan Points Apt. 666,Loritown,Virginia,Kiribati
6336,Chad,Neal,tonywallace@example.net,3953 Vincent Walk,Michaelhaven,Idaho,Cameroon
6337,Mitchell,Vasquez,obailey@example.org,81157 Carmen Manor Suite 120,Taylorchester,Illinois,Svalbard & Jan Mayen Islands
6338,Samantha,Davis,pricejohn@example.org,8546 King Roads Apt. 584,Lyonsville,West Virginia,Bahrain
6339,Jesse,Bauer,khanandrea@example.com,3880 Laura Way Apt. 941,Brownhaven,North Dakota,Romania
6340,Larry,Rose,millsdorothy@example.net,1284 Denise Inlet Apt. 982,Port Kellyhaven,Kentucky,Dominica
6341,Ronnie,Bentley,owhite@example.com,741 Gabriel Radial,West Andrewshire,North Dakota,Fiji
6342,Deanna,Barnett,kimhawkins@example.net,7610 Bryan Turnpike,West Michelle,Vermont,San Marino
6343,Benjamin,Leonard,russellcarolyn@example.org,4555 Elliott Circle,Melissaville,Michigan,Bermuda
6344,Donald,Williams,galvarado@example.net,2074 Allen Mews,East Katherine,Rhode Island,Serbia
6345,Jennifer,Burch,craigkatherine@example.net,701 Martin Ferry Apt. 490,Aliciamouth,Vermont,Martinique
6346,Dale,Hall,williamwilkinson@example.com,0293 Lindsay Avenue,East Shannonton,Vermont,Mayotte
6347,Thomas,Escobar,xhill@example.net,215 James Shores Suite 825,South Gwendolynberg,Oklahoma,Bouvet Island (Bouvetoya)
6348,Theresa,Anderson,mario10@example.com,3141 Sharon Loop Suite 394,North Crystal,Rhode Island,Bermuda
6349,Karina,Duran,anthonytaylor@example.com,0877 Charlotte View Suite 785,Michelleland,Idaho,Cuba
6350,Teresa,Conley,john31@example.net,831 Baker Cove Apt. 886,Amandafort,Vermont,Slovakia (Slovak Republic)
6351,Tara,Hughes,usuarez@example.org,456 Erickson Track,New Brianborough,Wyoming,Hungary
6352,Carlos,Munoz,rkoch@example.com,4091 Mann Cliffs Suite 537,New Matthew,Louisiana,Chad
6353,Michael,Buckley,payneheather@example.com,12241 Lara Burgs,Christianside,Ohio,Cocos (Keeling) Islands
6354,Keith,Morales,whitedennis@example.org,245 Frank Forges Apt. 191,Lake Kaitlyn,Nebraska,Taiwan
6355,Vicki,Ruiz,kevin42@example.net,149 Jay Causeway Suite 310,Port Andrew,North Dakota,Bhutan
6356,Cory,Simmons,jamesnielsen@example.org,9021 Amber Roads Apt. 118,Port Kurt,Wyoming,Turkey
6357,Thomas,Compton,andreayork@example.com,46224 Flores Crest,Port Elizabethchester,Montana,Niue
6358,Audrey,Adams,kjackson@example.com,342 Summer Place Suite 176,Grayberg,North Carolina,Vanuatu
6359,Julian,Miller,cherylmiller@example.com,8991 Lewis Circles,Rodriguezhaven,Florida,Guyana
6360,Lauren,Wilson,turnernancy@example.org,7463 Amy Throughway,Lewisport,Arkansas,Czech Republic
6361,Albert,Richardson,eric86@example.com,215 Zachary Ways,Sarahstad,Hawaii,Lebanon
6362,Douglas,Miller,courtneychambers@example.com,3291 Bullock Club,Jamesland,Indiana,Croatia
6363,Edward,Collins,kevin06@example.com,38307 Kevin Wall Apt. 059,Lake Maryview,California,Swaziland
6364,Ana,Mccarthy,steven06@example.net,081 Sara Pass,Lake Emilyport,Massachusetts,Moldova
6365,Austin,Tanner,cgutierrez@example.com,036 Lisa Cove Apt. 784,West Kellyfurt,Rhode Island,New Caledonia
6366,Vincent,Hebert,dianaross@example.org,415 Williams Field,Jamiehaven,Pennsylvania,Qatar
6367,Sandy,Jones,kiara16@example.net,6973 Sullivan Garden,Beckland,Arizona,Gabon
6368,Robert,Smith,anna55@example.com,6144 Mclean Ways Suite 197,Edwardsville,Iowa,Kenya
6369,Kevin,Castro,burnsdavid@example.org,240 Isaac Valleys Apt. 169,Port Victoria,South Carolina,Senegal
6370,Joanne,Johnson,kerry38@example.org,8216 Kimberly Locks,West James,Nevada,French Polynesia
6371,Brian,Turner,wgregory@example.net,794 Sims Mountain Apt. 770,Brandtton,Utah,North Macedonia
6372,Daniel,Peterson,morgan85@example.org,782 Blanchard Drive Suite 240,North Brianton,Nevada,Iraq
6373,Melissa,Davies,pricechristina@example.net,28808 Joseph Hill Apt. 303,South Lisa,Rhode Island,Jersey
6374,Judy,White,ijones@example.org,1409 Robinson Islands Suite 298,Normanborough,Illinois,Malawi
6375,Sandra,Taylor,hollywalters@example.com,890 Salinas Flat,New Bethanyton,Minnesota,Saint Barthelemy
6376,Barbara,Floyd,sandra50@example.com,105 Susan Ford,Port Williammouth,Delaware,South Africa
6377,Danielle,Sheppard,martinwhite@example.org,9526 Tara Fork Suite 535,Mauricestad,Arizona,France
6378,Joseph,Sanders,wilsonrobert@example.org,9101 Garcia Summit Apt. 898,Jasonhaven,Wyoming,Korea
6379,Stephanie,Velez,josephbarber@example.com,91921 Dunn Union,Westtown,Kansas,Saint Kitts and Nevis
6380,Nicole,Harding,alicepeterson@example.com,883 Clark Greens,Pamelahaven,Louisiana,Singapore
6381,Michele,Collins,juliewilliams@example.net,43253 John Club Suite 348,Jeffreyport,Oklahoma,Saudi Arabia
6382,Chelsea,Russell,jose35@example.net,159 Anthony Loop,East Kristen,Tennessee,Costa Rica
6383,Timothy,Thompson,mikayla71@example.org,3476 Jones Ville Apt. 610,Jessicaland,California,Reunion
6384,Rebecca,Elliott,hawkinscristina@example.com,0302 Jimmy Trail Apt. 718,Millsstad,New Hampshire,Uruguay
6385,Breanna,Morrison,matthew56@example.net,649 Stephen Hill,Farrellstad,Georgia,Singapore
6386,Cheryl,Turner,carriesingh@example.org,403 Herrera Rapids Suite 033,East Dwayne,Rhode Island,Macao
6387,Steven,Ramsey,qsanchez@example.org,3100 Williams Loaf Apt. 613,Hendersonstad,Connecticut,Cape Verde
6388,Crystal,Dunn,mpennington@example.org,680 Anthony Squares,Burgessport,Montana,Moldova
6389,Daniel,Henderson,frogers@example.org,886 Nicole Via Apt. 691,Chelseafurt,Arkansas,Libyan Arab Jamahiriya
6390,Melissa,Collins,bgreen@example.org,46215 Jordan Stravenue,New Jennifer,Wisconsin,Tanzania
6391,Andrea,Romero,harveykara@example.net,19876 Thomas Forge Apt. 231,New John,Florida,Georgia
6392,Elizabeth,Kelly,nathanielphillips@example.net,283 Peterson Ports Apt. 579,Lake Shari,Arizona,United States Minor Outlying Islands
6393,Dwayne,Ryan,davidhayes@example.org,178 Nguyen Creek Apt. 739,Port Randyshire,Missouri,Cape Verde
6394,Patricia,Richards,richardballard@example.net,5897 Ivan Plain Apt. 157,North Nicholasshire,Idaho,Tokelau
6395,Janice,King,kathleen31@example.net,56801 Stephen Lake Suite 286,New Sandrabury,Oregon,Turks and Caicos Islands
6396,Jessica,Roberts,diazemily@example.org,044 April Loop Suite 539,Lake Brandonfort,Wisconsin,Ecuador
6397,Stephanie,Pace,bacosta@example.org,7618 Harry Keys Apt. 155,Port Courtneyburgh,New Mexico,Isle of Man
6398,Hector,Robinson,douglas55@example.org,719 Smith Garden Apt. 375,New Davidton,Georgia,Mongolia
6399,Calvin,Simpson,cperry@example.com,0556 Anderson Island,North Sergio,Minnesota,Korea
6400,Alex,Rice,nicolecervantes@example.com,1745 Jacqueline Turnpike Suite 187,Jamesside,New Hampshire,Wallis and Futuna
6401,Alicia,Hall,maria73@example.net,2648 Smith Vista Apt. 748,Shafferborough,Tennessee,Netherlands Antilles
6402,Robert,Hooper,paul20@example.net,98187 Garcia Drives,West Bill,Arkansas,Grenada
6403,Heather,Browning,ehill@example.net,528 Maria Shoal Suite 872,Millerfort,Utah,Hungary
6404,Michael,Rogers,woodcristian@example.com,63974 Rhodes Square,Thomasside,Maine,Bahrain
6405,Erin,Richardson,michael83@example.net,433 Anthony Ville,South Haley,Massachusetts,Russian Federation
6406,Patricia,Davis,stacey80@example.org,412 Kimberly Ville Suite 177,South Susan,Colorado,Djibouti
6407,Heather,Young,kgarcia@example.org,533 Ayala Lodge,New Richard,New Mexico,Anguilla
6408,Suzanne,Heath,riosdawn@example.org,2254 Kevin Isle Suite 454,Riddlefort,Kansas,Pakistan
6409,Natalie,Valencia,christophermccoy@example.net,0554 Barbara Mill Apt. 177,Heatherstad,New Hampshire,Germany
6410,Todd,Payne,sheila96@example.com,59201 Douglas Flats,Perezton,Hawaii,India
6411,Keith,Vargas,pmartinez@example.org,36886 Sandra Loop,North Davidfort,West Virginia,Libyan Arab Jamahiriya
6412,Jacob,Huber,kimangela@example.com,4276 Erika Track Suite 664,Erictown,Ohio,Martinique
6413,Denise,Martinez,tiffanycarlson@example.net,428 Christopher Harbors,Rachelfort,South Carolina,Comoros
6414,Jennifer,Morales,wyattadams@example.com,6872 Brown Tunnel,Amyport,Wyoming,Madagascar
6415,Rebecca,Davis,andrewray@example.net,43007 Barnett Shores,Lake Kevin,Nevada,Ghana
6416,Lauren,Hunt,allenrichard@example.net,7304 Stephanie Freeway Apt. 384,Lake Robertmouth,Texas,Mayotte
6417,David,Thomas,alanmaxwell@example.net,72759 Nicole Inlet,Lake Cheryl,Nebraska,Suriname
6418,Dawn,Velazquez,zromero@example.com,0591 Colleen Plaza,Davidland,Connecticut,United States Virgin Islands
6419,Larry,Bradshaw,yhicks@example.org,567 Bryce Vista Apt. 675,Grayport,Arizona,Isle of Man
6420,Katherine,Bryant,james13@example.com,35265 King Mountain,North Elizabeth,Vermont,Aruba
6421,Christopher,Lopez,lopezshannon@example.net,41623 Calvin Dale Suite 667,Lake Jeromebury,Texas,Croatia
6422,John,Green,nicholas48@example.net,950 Jennifer Cove,Wagnershire,Texas,Andorra
6423,Jill,Farmer,ssims@example.org,492 Aguirre Roads,Russellstad,Massachusetts,Cameroon
6424,Kirk,Mitchell,lewisjoshua@example.org,662 Porter Keys Apt. 302,New Mark,Alaska,Antarctica (the territory South of 60 deg S)
6425,Edward,Crosby,randallrose@example.com,146 James Mission,Karlahaven,Pennsylvania,Saint Pierre and Miquelon
6426,Michael,Baldwin,donald12@example.com,6573 Butler Divide,Wattshaven,Idaho,Guernsey
6427,Jordan,Garza,troysmith@example.com,37200 Justin Rapid Apt. 905,Nicholasbury,Alabama,Iceland
6428,Janice,Hall,coxdalton@example.com,7562 Hayes Prairie,Turnershire,South Carolina,Iceland
6429,Jerry,Mcclure,jacksonantonio@example.net,46310 Powell Summit Suite 104,Smithland,Arizona,Kiribati
6430,Keith,Jimenez,nguyengail@example.net,4311 Lopez Estates,Lake Thomas,Hawaii,Pakistan
6431,Valerie,Robinson,albert61@example.net,14581 Sean Well Suite 153,Parrishfurt,Michigan,Germany
6432,Emma,Luna,eric40@example.com,36609 James View,West Matthew,Mississippi,Mozambique
6433,Jessica,Jensen,bryan75@example.com,6239 Moore Parkways,Romerobury,New Mexico,El Salvador
6434,Ernest,Taylor,greenecarolyn@example.com,36507 Ortiz Camp,Lake Marvinport,South Carolina,Tanzania
6435,Bridget,Clayton,tanyareid@example.net,4188 Anderson Shoals Suite 506,Petersontown,New Mexico,Macao
6436,Jeanne,Byrd,woodfrank@example.com,740 Patel Burgs Suite 635,Davisshire,Indiana,Bangladesh
6437,Ryan,Becker,qpadilla@example.org,405 Bauer Extension,West Arthur,Colorado,Palau
6438,Lisa,Steele,wbarnes@example.org,47164 Moore Shores Apt. 690,New Brandonport,New Jersey,Nicaragua
6439,Carly,Reid,lisa04@example.net,464 David Corner,Maldonadomouth,Maryland,Ukraine
6440,Heather,Williams,nathan75@example.net,728 Anderson Oval Suite 098,East William,Georgia,Kuwait
6441,Michael,Gibson,jarvisbrenda@example.com,256 Franklin Terrace Suite 122,Jeffreyton,Minnesota,Palau
6442,Alice,Santos,gregorywhite@example.net,61265 Derrick Vista,Stevenland,Maryland,Senegal
6443,Kimberly,Taylor,jonesashley@example.net,888 Glover Junctions Apt. 001,West Joseph,Maine,Congo
6444,Michael,Webb,jhart@example.net,87430 Bates Point,Coryfort,Montana,Brazil
6445,Suzanne,Guerra,kelly17@example.org,9089 Parsons Lake,Jillberg,Utah,Maldives
6446,Christopher,Medina,tanyabuchanan@example.com,6561 Gray Landing Apt. 722,Lake Lauren,Michigan,United Arab Emirates
6447,Kiara,Williams,hilljonathan@example.com,811 Michael Ramp,Lake Kristen,Georgia,Israel
6448,Johnny,Owen,amber55@example.net,359 Kristin Parkway Apt. 518,Bakerside,Wyoming,Dominican Republic
6449,Glenda,Hall,kellyjohnson@example.org,789 Sullivan Course Apt. 877,Adamstad,Kansas,Austria
6450,Collin,Ross,dominic42@example.com,0004 Smith Drives Suite 321,New Arianaton,Oregon,Bermuda
6451,Adam,Wilkins,burgesssarah@example.com,669 Wallace Pines Apt. 340,East Vanessaport,Utah,Bulgaria
6452,Jesse,Brown,butlerkatherine@example.net,11634 Warren Pines Suite 652,Joshuaport,Montana,Serbia
6453,Bill,Holmes,brittney46@example.net,36245 Weaver Plain Apt. 732,Port Eric,Mississippi,Tonga
6454,Thomas,White,shawnsimmons@example.net,7816 Kayla Crest Apt. 739,Heberthaven,Virginia,Austria
6455,Darlene,Williams,gregory70@example.org,48740 Tristan Ways,Lake Brandon,Louisiana,Bouvet Island (Bouvetoya)
6456,Tara,Escobar,mario28@example.org,935 Shelly Mountains,West Tylerfurt,North Carolina,Colombia
6457,Allison,Jones,tara51@example.net,3990 Jared Meadow,North Robertmouth,Massachusetts,Iran
6458,Taylor,Sullivan,louisbaldwin@example.net,61244 Andrea Spurs,Baldwinshire,Oklahoma,Maldives
6459,Robert,Phillips,oduncan@example.com,36981 Smith Lock Apt. 169,Travismouth,Rhode Island,Uzbekistan
6460,Todd,Whitney,tgarrett@example.com,2903 Christine Radial Suite 090,Joanmouth,Rhode Island,American Samoa
6461,Kyle,Franklin,annrodriguez@example.net,905 Douglas Neck,Port Michelle,Washington,Mexico
6462,Scott,Joseph,npace@example.org,152 Jason Flat Apt. 103,New Austinport,Iowa,Uruguay
6463,Eric,Ponce,gpena@example.com,3387 Moore Glen Suite 711,Danielsport,California,Indonesia
6464,Sarah,Pineda,natashawoods@example.org,80645 Jose Drive Apt. 888,Joelmouth,Maryland,Norway
6465,Sylvia,Hinton,brownrobert@example.net,934 Butler Parkways Apt. 780,Port Andreachester,Arizona,Saint Martin
6466,Andrew,Wright,william89@example.org,24669 Donaldson Meadows,North Joanna,Montana,Anguilla
6467,Rebecca,Miles,casey29@example.net,37754 Diane Springs Apt. 068,West Samanthaville,Virginia,Pitcairn Islands
6468,Jeffrey,Jones,mirandajackson@example.net,6828 Cantrell Roads,West Paul,North Carolina,Madagascar
6469,John,Hill,johnsonmargaret@example.net,8430 Chapman Parkway Apt. 007,Coxfurt,Michigan,Zambia
6470,Michael,Bennett,jonesashley@example.org,900 Duane Island,Mariaville,Michigan,Hungary
6471,Pamela,Bennett,rasmussenmelissa@example.net,4871 Miller Camp,Davidsonfurt,Ohio,Libyan Arab Jamahiriya
6472,Mikayla,Scott,kathleenestes@example.org,3760 Maxwell Centers,Hartmouth,Delaware,Qatar
6473,Richard,Riley,monica28@example.com,5604 Oscar Brooks Suite 137,Frederickfurt,Alaska,Czech Republic
6474,Sheila,Torres,elizabeth43@example.com,78346 Tammy Fort,Bestview,Iowa,British Virgin Islands
6475,Jose,Lucas,lisa86@example.net,67876 Melissa Springs Suite 535,Bakerborough,North Dakota,Norway
6476,Jessica,Rodriguez,ukeller@example.net,26465 Jessica Orchard Apt. 144,East Sarah,Massachusetts,Sao Tome and Principe
6477,Wesley,Owens,jonesjill@example.net,44921 Gay Orchard,South Ryan,Mississippi,Uganda
6478,Jill,Gibbs,ewatson@example.com,834 Shawn Brooks Apt. 019,Sarahland,Vermont,Saint Lucia
6479,Tracy,Kerr,allengrant@example.com,41826 Benson Glen,East Scottborough,Massachusetts,Costa Rica
6480,Brent,Williams,bmcintosh@example.net,6952 Huber Port Apt. 572,Port Oliviaville,Virginia,Netherlands
6481,Jennifer,Zamora,deborahmorgan@example.com,2493 Clark Forest,West Anthony,South Carolina,Bouvet Island (Bouvetoya)
6482,Tim,Dunn,broberts@example.org,86828 Jared Stream Apt. 008,Sarashire,Iowa,Central African Republic
6483,Rodney,Sanchez,andreastone@example.org,9911 Timothy Run Apt. 601,Santosland,Kansas,Gibraltar
6484,Melissa,Kemp,tina51@example.com,0650 Jones Spurs Suite 287,Robertville,Alabama,Argentina
6485,Lisa,White,smithevan@example.net,30744 Brent Isle,Smithberg,Alabama,Montserrat
6486,Charles,Carroll,oconnorsarah@example.com,3323 Smith Valley,South Pamelaport,Mississippi,Antigua and Barbuda
6487,Danielle,Rogers,carrgary@example.org,24723 Ross Avenue,Lake Kevinhaven,Illinois,Samoa
6488,Ryan,Pennington,rodriguezjohn@example.com,51361 Thomas Falls Suite 691,Lake Lisa,Maine,Pakistan
6489,Lisa,Gonzalez,davidsimmons@example.com,261 Compton Circles Suite 303,Lake Troyport,South Dakota,Qatar
6490,Kimberly,Smith,fhooper@example.com,3817 Johnson Ridges Apt. 061,North Kenneth,Oklahoma,Papua New Guinea
6491,Fred,Stewart,ghernandez@example.com,817 Arthur Lake Suite 648,North Raymondfurt,Indiana,Rwanda
6492,Jennifer,Gordon,joyscott@example.com,124 David Tunnel Suite 834,Pierceton,West Virginia,Aruba
6493,Kelsey,Nelson,katrinarichardson@example.net,4770 Clayton Estates Apt. 565,Albertview,Nevada,Uganda
6494,Jessica,Walker,katherinebutler@example.net,9097 Cooper Parkways Apt. 930,New Katherine,North Carolina,Turkmenistan
6495,Christian,Martin,robertserrano@example.net,6362 Cook Viaduct Suite 066,Vasquezland,Virginia,Rwanda
6496,Timothy,Moore,scott99@example.com,369 Lloyd Rest Apt. 657,Fordfurt,Alaska,Congo
6497,Robert,Carney,kyle92@example.com,1716 Wilson Wall,Hartbury,Rhode Island,Indonesia
6498,Adam,Webster,samanthajohnson@example.org,01350 Turner Mills,Lisaborough,Utah,Anguilla
6499,Joshua,Ryan,lauren94@example.net,91697 Tran Vista Suite 701,Lake Janetburgh,Colorado,Tajikistan
6500,Adrian,James,amber79@example.net,511 Robertson Landing Apt. 894,Robertborough,Oklahoma,Togo
6501,Robin,Vazquez,nolson@example.com,3279 Nicolas Turnpike Apt. 023,New Markfurt,Kentucky,British Indian Ocean Territory (Chagos Archipelago)
6502,John,Olson,johnsontiffany@example.com,2878 Brittany Island Apt. 821,New Tamaraside,New Mexico,Turkey
6503,Ashley,Carey,vargasmichele@example.org,61837 Shannon Crescent Apt. 012,East Josephberg,Arkansas,Taiwan
6504,Jeffrey,Davis,fuentesmark@example.net,91122 Knox Avenue Apt. 234,Vasquezberg,Montana,Kuwait
6505,Michael,Diaz,russellvaldez@example.org,3478 Lonnie Meadows,Nguyenside,Nevada,Spain
6506,Nathan,Moody,holtdavid@example.com,534 Leroy Canyon Suite 730,Millerhaven,Missouri,Swaziland
6507,Gabriel,Williams,nclark@example.org,372 Lewis Ports Apt. 638,East John,Ohio,Belarus
6508,Regina,Bray,clinton26@example.net,3748 Jonathan Via Apt. 405,Josehaven,Massachusetts,Bermuda
6509,Cynthia,Graves,basskristin@example.net,2288 Douglas Locks Suite 148,Barronfort,Arizona,Svalbard & Jan Mayen Islands
6510,Angelica,Miller,stewartmichelle@example.org,70742 Davis Camp Apt. 471,Christopherborough,Ohio,Uzbekistan
6511,Jerry,Wilcox,jknight@example.net,8920 Drake Parkways,Lake Anthony,Kentucky,Qatar
6512,Brittany,Carroll,wsmith@example.net,50406 Goodman Extensions Apt. 773,East Amanda,Nebraska,Guam
6513,Jacob,Martin,deanna21@example.net,73741 Scott Place Suite 396,Wesleyview,Virginia,Poland
6514,Tina,Lopez,medinasusan@example.org,4110 Christine Valley,East Michaelport,New Jersey,Turks and Caicos Islands
6515,Julia,Wolfe,mjohnson@example.com,317 Ray Landing,Wallerland,Tennessee,Cocos (Keeling) Islands
6516,Jacob,Owens,eric59@example.com,03390 Juan Mills Suite 878,East Monica,Wisconsin,India
6517,Amanda,Walsh,jsanders@example.com,281 Maria Highway,Johnsonview,Arkansas,Cocos (Keeling) Islands
6518,Kenneth,Norris,wallacedavid@example.net,0897 Mercedes Stravenue,Karaside,Washington,Portugal
6519,Joe,Walker,jamie62@example.net,952 Ortega Center,New Adrianshire,Oregon,Vanuatu
6520,Roberto,Smith,jillian72@example.org,927 Larson Hill,East Jonathan,Oklahoma,Hong Kong
6521,Mary,Kane,zanderson@example.net,965 Ashley Courts,Michealville,Colorado,India
6522,Stacy,Leon,amanda94@example.org,410 Berger Locks,North Amanda,Ohio,Bosnia and Herzegovina
6523,Tracey,Hubbard,alejandrohart@example.org,2341 Samuel Squares Suite 552,Ginashire,Florida,Panama
6524,Kerri,Bishop,josephmartinez@example.net,681 Timothy Plains,Port Yvette,Arizona,Kuwait
6525,Stacy,Ortega,colleenpacheco@example.net,10134 Brittany Route,South Susanton,North Dakota,Mongolia
6526,Jared,Mack,shelia84@example.com,180 Carolyn Forge,Larryberg,Oklahoma,Morocco
6527,Gary,Harding,trevor37@example.com,13293 Sanchez River Apt. 581,North Deborahburgh,Connecticut,Sri Lanka
6528,James,Mills,branchmichele@example.org,17911 Gonzales Rue,West Lindsay,South Dakota,Micronesia
6529,Connie,Perry,warrenstephanie@example.org,418 Fox Haven Suite 751,South Robert,Arkansas,North Macedonia
6530,Ralph,Ray,raydarren@example.com,91821 Butler Roads,Christianborough,Massachusetts,Nicaragua
6531,Raymond,Pierce,gkirk@example.com,476 Steven Spur,East Carolyn,Vermont,Faroe Islands
6532,Timothy,Fitzpatrick,ywatson@example.org,8530 Dawn Summit,Garzaville,Virginia,Montserrat
6533,John,Michael,nicolassims@example.org,9278 Barbara Isle Apt. 543,Christopherchester,Florida,Tajikistan
6534,Dwayne,Jones,frostshawn@example.net,349 Franklin Court Apt. 654,Port Thomaston,California,Korea
6535,Paul,Coleman,kelly94@example.org,975 Kristy Drive Apt. 779,Lake Ericshire,Utah,Ethiopia
6536,David,Tate,marilynadams@example.net,9401 Chloe Islands,East Wendyville,Oregon,Madagascar
6537,Jordan,Pearson,walkerdonna@example.net,6940 Monica Bridge,Lake Oliviaborough,Colorado,Peru
6538,James,Hernandez,deannawerner@example.org,075 Perez Locks Suite 117,Victoriashire,Arkansas,Guyana
6539,Brooke,Craig,allenshaun@example.net,8183 Jared Flat,New Nathaniel,Michigan,Romania
6540,Cameron,Ali,gwallace@example.org,807 Morrison Pike Apt. 523,Grantmouth,Arkansas,Bahrain
6541,Samuel,Anderson,greenarthur@example.org,7686 Page Vista Apt. 541,Hickshaven,New Hampshire,Sudan
6542,Aaron,Sellers,brent74@example.net,8520 Christopher Causeway,Bowenburgh,Hawaii,Nigeria
6543,Benjamin,Bass,jrodriguez@example.com,615 Damon Shoal Apt. 928,New Jill,New Jersey,Syrian Arab Republic
6544,Robert,Henderson,thomasmcclure@example.org,5499 Nichols Well Suite 475,New Paula,Pennsylvania,Norway
6545,Cameron,Campbell,laurie22@example.com,23589 Zachary Cliff Apt. 663,West Lorihaven,Arizona,Papua New Guinea
6546,Gregory,Wilson,grobertson@example.com,839 Frances Turnpike Apt. 965,Jasonbury,Idaho,Botswana
6547,Wanda,Sanders,ashlee21@example.org,271 Perkins Unions Suite 719,North Kevin,Michigan,Cayman Islands
6548,Charles,Walker,nicoleowens@example.org,36689 Lee Park Apt. 800,Washingtonberg,Georgia,Guernsey
6549,Brandon,Parsons,julie80@example.com,9208 Jay Park Suite 094,Lake Mackenzie,Connecticut,Iceland
6550,John,Ramos,jennifer32@example.com,92809 Lynch Centers Suite 419,Jacksonbury,Pennsylvania,Lao People's Democratic Republic
6551,Kelli,Cooper,briggsamanda@example.org,783 Judith Mews,East Cody,New Mexico,Albania
6552,Patrick,Walker,lmcdaniel@example.com,444 Shaun Shoal,New Dylan,New Hampshire,Guinea-Bissau
6553,Kevin,Herrera,zstein@example.net,41259 Tammy Crossing Apt. 737,Alexismouth,West Virginia,Ukraine
6554,Ashley,Long,delgadoevelyn@example.org,713 Ryan Walks,Cabrerafurt,New Jersey,Korea
6555,David,Young,amandalewis@example.net,148 Nelson Spurs Apt. 227,Catherineland,Arizona,Netherlands Antilles
6556,Amanda,Torres,matthew97@example.com,733 Malone Trail Apt. 702,Jennifertown,Washington,Turkey
6557,Eric,Hicks,sabrinazhang@example.net,9638 Joseph Port Suite 659,West Janetfort,Kentucky,Norway
6558,Jennifer,Logan,frederick20@example.net,4064 Martinez Roads Apt. 913,New Jimmy,Wisconsin,Antigua and Barbuda
6559,Joshua,Johnson,paul85@example.com,9389 Andrews Course Suite 172,North Ryanton,Missouri,Saint Pierre and Miquelon
6560,Karen,Hendricks,william45@example.com,278 Boyd Isle Apt. 705,Dawnhaven,Florida,Switzerland
6561,Katrina,Thomas,thomasamy@example.org,7017 James Tunnel Suite 932,South Emilymouth,Texas,Northern Mariana Islands
6562,Michael,Clark,matthewnelson@example.com,6500 Wolfe Branch,Kempstad,North Dakota,Japan
6563,William,Woods,jeanball@example.com,295 Glover Estate,Robinsonberg,Maine,Jamaica
6564,Christopher,Banks,phenderson@example.org,61989 Sherry Well,Shawside,Minnesota,Sweden
6565,Kristen,Benson,alexander93@example.org,9929 Price Ridge Suite 730,Port Ginastad,Delaware,Norfolk Island
6566,Tyler,Harvey,thatfield@example.org,82413 Shaw Plaza Apt. 887,South Kevinfurt,Pennsylvania,Turks and Caicos Islands
6567,Julie,Allen,omejia@example.com,05191 Sandra Summit,Lake Sheri,West Virginia,Burkina Faso
6568,Jaclyn,Hancock,cantuteresa@example.com,5318 Martin Highway,Arthurshire,Ohio,Guernsey
6569,Shawn,Hayes,currykimberly@example.com,217 Pollard Lodge Suite 159,Lanefort,New York,Albania
6570,Joshua,Bowen,baileyemily@example.net,783 Ward Garden Suite 065,North Lindsaybury,Kansas,Tajikistan
6571,Andrea,Escobar,michael94@example.org,596 Andrew Meadows Apt. 273,Lake Pamelaport,Tennessee,Mayotte
6572,Aaron,Robinson,youngmonica@example.net,484 Jason Vista,Smithberg,Minnesota,Slovakia (Slovak Republic)
6573,Kristy,Flores,matthewmonroe@example.net,68027 Morrison Tunnel,Hernandezberg,Pennsylvania,Bermuda
6574,Terrance,Thompson,jamesli@example.net,5248 Brock Bypass,Brandonside,New Hampshire,Jordan
6575,Jennifer,Roberts,tyrone00@example.com,33073 Hill Extensions Suite 890,Matthewborough,South Dakota,Togo
6576,Megan,Jarvis,qsmith@example.net,65678 Anthony Forks Suite 721,Colleentown,Hawaii,Mauritania
6577,Katherine,Pena,christopher39@example.org,632 Salas Point,New Gabriella,New Hampshire,Burkina Faso
6578,Patrick,Valdez,vnash@example.org,86595 Lopez Walk Suite 644,Lake Allisonside,Texas,Colombia
6579,Kristopher,Moore,kcook@example.net,635 Hicks Vista Apt. 226,West Christopher,Wyoming,Tajikistan
6580,Stephen,Flores,jeffsnyder@example.net,089 Caleb Plaza Suite 025,Philipstad,Utah,Aruba
6581,Elizabeth,Brock,ycalderon@example.net,306 Arthur Parkway,North Sharonstad,Alaska,Venezuela
6582,James,Sweeney,andersenxavier@example.com,84113 Simpson Street,South David,Alabama,Comoros
6583,Christina,Keller,gbarber@example.com,6292 Joseph Alley,East Mariahburgh,Tennessee,Indonesia
6584,Jennifer,Figueroa,linda20@example.com,77026 Larson Port Apt. 844,East Donnamouth,Texas,Ghana
6585,Julia,West,gcain@example.net,204 Fred Crest Suite 040,Mcneiltown,Texas,Kyrgyz Republic
6586,Christopher,Smith,jennifer12@example.com,7345 Ford Branch,South Eric,Wyoming,Cocos (Keeling) Islands
6587,Alexis,Crawford,umoore@example.com,3931 Ortega Loaf Suite 666,Williammouth,Minnesota,Bouvet Island (Bouvetoya)
6588,Jessica,Ramirez,huberfrank@example.net,9273 Cathy Falls,Leonardmouth,Missouri,Cote d'Ivoire
6589,Samantha,Gaines,greenmichael@example.net,34220 Mercer Meadow,Bakerburgh,Wyoming,Haiti
6590,Albert,Allen,schroederjodi@example.com,28963 Anne Orchard,Johnsonstad,Louisiana,Canada
6591,Timothy,Pineda,andrew07@example.com,997 Gonzalez Green Suite 316,Donnatown,Florida,Germany
6592,Eric,Bush,tracimejia@example.org,609 Maria Radial,Pottsport,Rhode Island,Uruguay
6593,Kathleen,Phillips,scottwebster@example.com,002 Katelyn Cape,Danielport,Alaska,French Polynesia
6594,Amber,Moore,kinglindsey@example.com,4528 Larsen Causeway,New Rebecca,Kansas,Armenia
6595,Christina,Mcguire,millerdavid@example.org,85920 Wall Squares Apt. 201,Tammymouth,New Mexico,Comoros
6596,Jason,Contreras,lanejose@example.org,139 Jordan Street Suite 416,Graymouth,North Dakota,Aruba
6597,Brianna,Richardson,tgrant@example.com,49274 Stevenson River,Virginiafurt,Missouri,Lebanon
6598,Mary,Barry,simpsonmelinda@example.net,877 Welch Center,Lake Davidport,Indiana,El Salvador
6599,Stephanie,Davis,raymond27@example.com,18661 Jones Street,Lake Christopherville,California,Central African Republic
6600,Andrew,Oneill,charlesjohnson@example.net,927 Zachary Mills,New Michaelview,Virginia,Tanzania
6601,Joseph,Jones,gonzalezthomas@example.com,518 Carlos Village,Lake Holly,North Dakota,Iraq
6602,Mary,Frazier,oevans@example.com,99853 Sarah Station,Margaretside,Michigan,Cyprus
6603,Wayne,Walker,jennifer01@example.net,475 Jake Mountains Apt. 620,Smallville,Minnesota,Montserrat
6604,Madison,Booth,ewalker@example.org,32933 Nielsen Glens,Michaelfurt,Kentucky,South Georgia and the South Sandwich Islands
6605,Cheryl,Mayer,kimberlyfarmer@example.org,3235 Gonzalez Burg Apt. 157,Samanthafort,New York,Chile
6606,James,Johnson,vmccarty@example.com,67991 Nathan Expressway,Langmouth,New Hampshire,Russian Federation
6607,Corey,Phillips,martinkevin@example.net,7366 Carroll Circles,Davishaven,West Virginia,Vietnam
6608,Daniel,Jordan,derek88@example.net,813 Harris Station,Kiddhaven,Alabama,Macao
6609,Annette,Edwards,millerkayla@example.com,999 Dennis Land,South Sarahport,Hawaii,Belgium
6610,Rebecca,Oneal,dawnwright@example.org,252 Kenneth View Suite 181,West Danielburgh,Connecticut,Zambia
6611,Rachel,Wheeler,melissa69@example.net,182 Diane Locks,Port Alicia,New Mexico,Malta
6612,Alfred,Berry,michelleprice@example.com,4021 Jordan Coves,Tammyfurt,Hawaii,Sudan
6613,Jeffery,Dean,uwilliams@example.org,58599 Barbara Center,Colinside,West Virginia,Moldova
6614,Nancy,Mcconnell,elizabeth95@example.net,31326 Latasha Valleys Apt. 675,East Edwardfort,Connecticut,Taiwan
6615,Sarah,Larsen,erodriguez@example.org,0910 Olsen Knoll Suite 660,Yodershire,Ohio,Denmark
6616,David,Murillo,christensentrevor@example.com,06388 Ashley Turnpike,New Danielchester,Pennsylvania,Gibraltar
6617,Nancy,Roberson,ricealex@example.net,632 Adam Mission Apt. 336,South Bruceborough,Tennessee,Christmas Island
6618,Erica,Bates,iholmes@example.org,0010 Fleming Port Apt. 718,Fletcherside,Maine,Gambia
6619,Justin,Pitts,lindalynch@example.net,969 Wallace Union Apt. 879,Lake Brandyfort,Nevada,Barbados
6620,Willie,Houston,wmoreno@example.com,3353 Moore Walks,Port Rachelborough,Florida,Iceland
6621,Anna,Hamilton,mitchellyvonne@example.net,6477 Clark Glen Suite 011,Tabithachester,West Virginia,Guyana
6622,Mark,Matthews,kirbyroger@example.net,888 Michelle Hill Suite 067,East Kimberlyside,Arizona,Kuwait
6623,Katherine,Mercado,carpentermichael@example.com,5604 William Lakes Apt. 216,Allenhaven,Wyoming,Madagascar
6624,Alfred,Walker,christopher52@example.net,757 Carter Shores,Robertberg,Tennessee,Timor-Leste
6625,Ashley,Tanner,murraydanielle@example.com,00411 Anderson Bypass,New Brianstad,Iowa,Cote d'Ivoire
6626,Katelyn,Williams,xdaniel@example.net,6852 Adams Station,Martinmouth,Illinois,Azerbaijan
6627,Brittney,Riggs,jasonherrera@example.net,8619 Miller Shoals,Vanessaborough,Maine,Western Sahara
6628,Stacey,Sims,romerojeremy@example.org,05705 Mcdowell Route Apt. 563,Lake Jonathan,Florida,Guam
6629,Thomas,Wallace,ngrant@example.net,1449 Turner Ford,Johnsborough,Iowa,Yemen
6630,Nicole,Simpson,lloydpriscilla@example.net,17184 Barron Freeway Apt. 652,New Michelle,Connecticut,United Kingdom
6631,Terrence,Lee,marcusgarrett@example.com,672 Matthew Canyon,Lake Anita,Oklahoma,Djibouti
6632,Julie,Phillips,zzuniga@example.org,0435 Elizabeth Points Suite 247,North Pamelabury,Illinois,Chile
6633,Lisa,Morales,myersjason@example.com,7381 William Drives Suite 632,Isaiahborough,Kentucky,Jamaica
6634,Nancy,Roberts,stevenschris@example.org,10791 Matthew Land Apt. 875,North Cherylmouth,Pennsylvania,Falkland Islands (Malvinas)
6635,Brittany,Webb,bradleyhopkins@example.com,957 Jamie Rest Apt. 585,West Jamesport,Tennessee,Saint Barthelemy
6636,Riley,Johnson,mdiaz@example.net,58995 Booker Viaduct,North Kenneth,Hawaii,Cook Islands
6637,Kimberly,Robinson,bondandrea@example.com,8294 Flores Neck,North Cindyville,Utah,Norfolk Island
6638,Michael,Bennett,hsimpson@example.org,444 Ellis Plain Suite 569,South Loriview,Indiana,Gibraltar
6639,Kurt,Mays,barbaracastro@example.org,768 Jessica Club Suite 913,West Monicaport,North Dakota,Guatemala
6640,Sarah,Lopez,wcarson@example.net,8996 Phelps Ridges,Patrickfurt,Tennessee,France
6641,Andrew,Roberts,alisonjones@example.net,572 Smith Mountain,Johnside,New Hampshire,Niger
6642,Nicholas,Ruiz,wilsonroberta@example.net,707 Jessica Shores Suite 074,West Petershire,Utah,French Polynesia
6643,Becky,Gordon,michaelsmith@example.net,5016 Sarah Mountains Apt. 079,Williamshaven,North Dakota,Costa Rica
6644,Joseph,Greene,ofreeman@example.com,22244 Montgomery Avenue,Jamesfort,South Carolina,Congo
6645,Heather,Friedman,barkerjessica@example.net,198 Romero Port,Malloryborough,Missouri,Belgium
6646,Erica,Phelps,christopheracosta@example.net,512 Richard Radial,Fisherborough,Massachusetts,Liechtenstein
6647,Michael,Brown,spena@example.com,8631 Monroe Isle,Melissaton,Colorado,Singapore
6648,Lynn,Collins,danielle38@example.com,5023 Yolanda Mills Apt. 250,Christopherburgh,Ohio,Armenia
6649,Steven,Davis,brandon75@example.com,712 Heather Meadows Apt. 416,South Jeffrey,Nevada,Hungary
6650,April,Pope,taracarter@example.net,548 Gordon Drive Apt. 011,New Russell,Kansas,Singapore
6651,Susan,Valenzuela,tcamacho@example.com,45193 Donovan Manor,Tranland,New York,Tonga
6652,Gregory,Bonilla,roger35@example.net,576 Brown Bridge Suite 295,Michellebury,Texas,Montserrat
6653,Richard,Washington,qpope@example.net,8021 Keith Fork Apt. 746,Lake Davidtown,Michigan,Western Sahara
6654,Kevin,Russell,edwardsjamie@example.net,2674 Graham Orchard Suite 398,Danielborough,Hawaii,Spain
6655,Kevin,Thomas,washingtonamber@example.org,34629 Moore Stravenue,West Michaelburgh,California,Cayman Islands
6656,David,Garcia,igibson@example.org,177 Lisa Expressway,New Lisa,Wyoming,South Africa
6657,James,Lee,davisryan@example.org,96163 Thompson Views Apt. 228,Port Cameronbury,Pennsylvania,Saint Helena
6658,Stephen,Thompson,lawrence25@example.net,2717 Catherine Mission,Kylehaven,Nebraska,Bermuda
6659,Gregory,Thornton,fcrawford@example.org,7027 Deborah Island Suite 584,North Anthony,Indiana,Mexico
6660,Courtney,Peters,louis57@example.net,6193 John Extensions,Jackieview,Nevada,Central African Republic
6661,Sandra,Galvan,timothy60@example.org,21586 Kelly Loop,Deannatown,Kentucky,Bahrain
6662,Erica,Wilson,etaylor@example.net,59541 Alexandra Meadows Apt. 421,Lake Ashleyfurt,Georgia,British Virgin Islands
6663,Andrew,Jacobs,joshua53@example.org,8374 Michael Harbor,East Krista,Missouri,Mauritania
6664,Christine,Wilson,brookedavis@example.org,660 Crystal Manors Apt. 586,Drewside,Washington,Afghanistan
6665,Tracey,Valdez,whiteheadmichael@example.org,39265 Thomas Lodge,New Linda,Tennessee,New Caledonia
6666,Alexander,Bennett,zclark@example.net,41249 Christopher Loaf,Dickersonburgh,Colorado,Syrian Arab Republic
6667,Jennifer,Lawson,kingtammy@example.org,007 Mitchell Coves Apt. 744,South Richard,Nebraska,Jordan
6668,Joe,Nguyen,nsmith@example.net,64896 Hayes Via,North Howardmouth,South Carolina,Kuwait
6669,Brian,Sullivan,jenniferbooth@example.net,0455 Wyatt Causeway,Nealbury,Georgia,Papua New Guinea
6670,Andrew,Dean,jerrybradley@example.org,532 Troy Extension Suite 745,Jenniferview,Delaware,Taiwan
6671,Courtney,Blackburn,carrie51@example.net,101 Blackwell Tunnel,Port Brady,North Carolina,Spain
6672,Debra,Cummings,vhowe@example.org,1671 Tamara Locks Suite 747,Lake Tristanchester,Arkansas,Slovenia
6673,Edward,James,howardgregory@example.org,2651 Theresa Row Suite 448,Simmonsborough,Oregon,Jordan
6674,Ryan,Graves,stevenhayes@example.net,370 Diane Mountains Suite 044,Martinezfurt,Maryland,India
6675,Jason,Henry,hblack@example.org,01762 Parks Glens Apt. 502,Taylorborough,Arizona,South Georgia and the South Sandwich Islands
6676,Justin,Cooke,gamblealexander@example.org,922 Larsen Meadows,West Jenniferburgh,Missouri,Namibia
6677,Mike,Kelly,olewis@example.org,31368 Sean Port Apt. 568,Lake Jamie,Montana,Egypt
6678,Christopher,Gould,anne90@example.net,674 Judith Route,Robertland,Minnesota,Malaysia
6679,Alexandra,Moore,trivers@example.net,0478 Price Road Suite 867,North Katrinaside,Alaska,Tonga
6680,Jessica,Griffin,brianevans@example.com,17289 Anthony Dale,Mendozashire,Utah,Israel
6681,Haley,Jensen,fritzgina@example.net,4186 Megan Roads,Port Jennifer,West Virginia,Tokelau
6682,Matthew,Mckay,jbutler@example.org,87291 Jackson Pines,Tracyton,Hawaii,Vanuatu
6683,Heather,Green,ernest21@example.net,446 William Stravenue Suite 264,Josephfort,Idaho,Canada
6684,Michelle,Knight,ybennett@example.net,41547 Benjamin Square Apt. 987,Port Amy,Alabama,Lesotho
6685,Francisco,Mayo,john41@example.com,4893 Jones Summit Apt. 567,Smithshire,Hawaii,Palestinian Territory
6686,John,Campbell,scott91@example.org,25776 Alvarado Parkways,Robertschester,Utah,Iran
6687,Catherine,Mills,joelwilliams@example.org,710 Perkins Brook,Barbaramouth,Maine,Denmark
6688,Todd,Williamson,glenn33@example.net,1231 Jennifer Square Apt. 204,East Stephenfort,Pennsylvania,Cote d'Ivoire
6689,Gregg,Rodriguez,carolberg@example.org,4124 Taylor Stravenue Apt. 480,Andrealand,Tennessee,Liechtenstein
6690,Curtis,Ford,jacobmills@example.com,0545 Rachael Neck,Gibsonstad,Michigan,Canada
6691,Michael,Elliott,josephhall@example.com,11597 Everett Throughway,Stephensfort,Montana,Saint Lucia
6692,Amber,Wells,jennifer74@example.net,46632 Tate Highway,East Rhonda,Indiana,Morocco
6693,Renee,Williams,mendezjennifer@example.net,834 Lauren Divide Apt. 386,West Paulmouth,South Dakota,French Polynesia
6694,Michelle,Shaffer,fcooper@example.com,225 Ethan Inlet,New Sarah,Nevada,Angola
6695,Cody,Gonzalez,katherinecole@example.com,842 Townsend Pine Suite 520,Toddfurt,Nebraska,Turkey
6696,April,Garcia,allengregory@example.net,417 George Spurs,Mcleanfort,Louisiana,Belize
6697,Jacqueline,Perez,brittanyjohnson@example.net,7840 Howard Islands Apt. 224,North Christopherchester,Maryland,Libyan Arab Jamahiriya
6698,Joel,Cochran,davenportsamuel@example.org,56750 Crystal Skyway Apt. 917,Kaitlinville,Montana,Chad
6699,Chelsey,Hanna,brandon13@example.com,32834 Vaughan Ranch,Amberborough,Vermont,Kenya
6700,Paul,Ballard,samanthamoore@example.net,06376 Vaughn Terrace,West Timothyburgh,Colorado,Suriname
6701,Stephanie,Williams,theresa38@example.org,3794 Michael Island,Lake Taylor,Georgia,Congo
6702,Leroy,Mays,davidanderson@example.com,021 Gray Rest Suite 911,Derekland,Georgia,Cook Islands
6703,Sandra,Frazier,stephanie58@example.net,537 Darryl Vista Suite 320,Jasonshire,South Dakota,Slovakia (Slovak Republic)
6704,Gregory,Duran,phutchinson@example.net,15391 William Fork,Rollinsburgh,Virginia,Kenya
6705,Eric,Booker,castrokenneth@example.org,82278 Schneider Port Suite 436,New Danielview,California,Hong Kong
6706,Susan,Williams,abryant@example.org,77903 Stacey Island,New Paul,Kentucky,Benin
6707,Steven,Dunlap,zjohnson@example.net,538 Shannon Ford,Seanbury,Florida,Pakistan
6708,Paige,Serrano,qstevens@example.org,7957 James Stream Apt. 351,Amandachester,Maryland,Antigua and Barbuda
6709,Jessica,Martinez,marcjones@example.com,0006 Scott Avenue Apt. 838,Melindaland,Maine,Algeria
6710,Erin,Dean,hvega@example.net,74034 Patrick Knoll Suite 834,Port Jamesville,Colorado,American Samoa
6711,Derrick,Mccullough,kingmarco@example.com,720 Lance Cliffs Suite 761,Lauraborough,Connecticut,Niger
6712,Carrie,West,tmarsh@example.org,336 Connor Views,Collinsberg,Pennsylvania,San Marino
6713,Jeffrey,Schmidt,donna40@example.net,016 Kylie Village Suite 680,Smithfurt,Tennessee,Saint Martin
6714,James,Gordon,eedwards@example.net,905 Cooper Harbor Suite 941,Allisonborough,Maine,British Virgin Islands
6715,Mark,Wyatt,brittany30@example.com,281 Mcmahon Fords Suite 385,New Michellefort,Arkansas,Romania
6716,Lauren,Hall,brandi37@example.com,74426 Solomon Streets Suite 777,Shafferville,Georgia,Russian Federation
6717,Thomas,Mckay,paul88@example.com,4637 Aaron Dam Suite 038,Lake Hannah,New York,Montserrat
6718,Joshua,Rice,bryantmichael@example.org,50293 Anthony Roads,Catherineburgh,Washington,Burkina Faso
6719,Dale,Conway,caroline50@example.com,56837 Jaime Stream,Edwardsland,California,Haiti
6720,Victoria,Jones,floresjackson@example.org,91322 Williams Via,Alexanderchester,South Carolina,Nauru
6721,Cynthia,Smith,knightbonnie@example.com,845 Claudia Lake,Lake Davidtown,Idaho,Guernsey
6722,Angela,Newton,james10@example.com,274 Ricardo Road,Spencerside,West Virginia,Honduras
6723,Anthony,Gibson,patelvincent@example.net,508 Santiago Cove Suite 045,New Stephaniebury,Utah,Northern Mariana Islands
6724,Jeremy,Carey,jasonwalker@example.com,107 Janice Shoal Apt. 627,South Christinaburgh,Oregon,Hungary
6725,Lori,Archer,pamela22@example.net,80405 Yesenia Green Suite 812,Zacharyland,Alabama,Lithuania
6726,Stephanie,Jenkins,mholmes@example.com,82798 Shelton Avenue,North Deborah,Massachusetts,Northern Mariana Islands
6727,Jennifer,Bennett,johnsoncurtis@example.net,3684 Blanchard Ferry Apt. 219,Port Alex,North Carolina,Malawi
6728,Mark,Vasquez,imccall@example.net,549 Kristin Ferry Suite 535,Port Saramouth,Georgia,Bahamas
6729,Aaron,Simon,kellyferguson@example.com,585 Sherri Crossing Apt. 341,West Laura,Oklahoma,Spain
6730,Donna,Davis,oaguilar@example.com,66822 Terrance Terrace,Dixonfort,South Carolina,Trinidad and Tobago
6731,Michelle,West,robertsleslie@example.com,7045 Francis Drives,North Lindsey,Idaho,Ukraine
6732,Jonathan,Hill,angelathomas@example.com,1969 Carroll Shoal,West Williamport,South Carolina,Falkland Islands (Malvinas)
6733,Jennifer,Ray,erika08@example.com,7373 Thomas Inlet Apt. 742,Port Michaelchester,New Mexico,Cape Verde
6734,Eric,Henry,jessica70@example.com,4858 Donald Summit,West Sarah,Nebraska,Yemen
6735,Samantha,Wright,bradharper@example.com,92625 Lindsey Drive,South Jonathan,South Carolina,Turkey
6736,Kristin,Tucker,baileyjeffrey@example.com,74016 Catherine Ridges,Roweview,Utah,San Marino
6737,Michael,Butler,pruittrebecca@example.net,1058 Chris Shoal,Lake Michael,Vermont,Canada
6738,Kayla,Martinez,lori94@example.com,559 Lisa Branch Apt. 781,Port Jennifertown,Idaho,Botswana
6739,Amanda,Cochran,amy55@example.org,26603 Davis Walks Suite 723,North Juliaview,Washington,Brunei Darussalam
6740,Susan,Brown,sheenasullivan@example.org,68121 Sandra Locks Suite 508,Ashleychester,Idaho,Swaziland
6741,Oscar,Smith,omcconnell@example.org,049 Vasquez Falls,New Gabrielleton,South Carolina,Cote d'Ivoire
6742,Melissa,Moore,lunalaura@example.net,12605 Alex Motorway,Jenniferbury,Kansas,North Macedonia
6743,Mercedes,Cisneros,christophermckee@example.net,5684 Sherman Well Suite 234,Port Diane,California,United Arab Emirates
6744,Megan,Rogers,williammorris@example.net,60640 Kennedy Flat Suite 435,Aguilarburgh,Mississippi,Ukraine
6745,Debra,Lewis,jonathanrodriguez@example.net,82708 Kathryn Views Suite 154,East Kathleenmouth,Maine,Monaco
6746,Benjamin,Baker,meganjohnson@example.net,619 Carr Lights Suite 930,Mcmahonport,Iowa,Panama
6747,Steven,Newman,baileyisaiah@example.com,0280 Burch Underpass,North Gregory,Nebraska,Algeria
6748,Daniel,Benson,xyoung@example.net,986 Walker Station Apt. 966,Hernandezfort,Kansas,Cambodia
6749,Denise,Clark,lopezchelsea@example.com,73463 Park Ranch,North Heatherstad,Kansas,Togo
6750,Mark,Colon,wangkevin@example.com,651 Alexis Route,East Natalie,Louisiana,Isle of Man
6751,Dawn,Porter,kimberly85@example.com,947 Davis Knolls,Lake Ericburgh,Pennsylvania,Sweden
6752,Lauren,Davis,gardnerheather@example.org,1984 Michelle Tunnel Suite 275,Moraleston,Vermont,Venezuela
6753,Zachary,Richardson,lloydaustin@example.net,9095 Payne Causeway Apt. 686,East Brian,Vermont,Sri Lanka
6754,Jason,Hughes,sean53@example.net,455 Audrey Common Apt. 537,New Danielle,Oklahoma,Nicaragua
6755,Mark,Morrison,christinacunningham@example.org,8418 Kennedy Turnpike,East Josephstad,Oklahoma,Antarctica (the territory South of 60 deg S)
6756,Molly,Perkins,willisselena@example.com,486 Olsen Mount Apt. 785,West Gregoryville,New York,Nigeria
6757,Carmen,Bowen,jameshodge@example.org,17453 James Shores Apt. 276,Melissatown,Oklahoma,Andorra
6758,Barbara,Perry,danagreen@example.org,5373 Blake Ways,Lake Jennifer,New York,Guadeloupe
6759,Bethany,Serrano,ecole@example.net,11907 Jennifer Run,West Bailey,Missouri,Poland
6760,Scott,Duke,josephpratt@example.org,29166 Rachel Island Apt. 455,Robinhaven,Mississippi,Eritrea
6761,Eric,Shaw,ambersharp@example.com,758 Browning Drive Apt. 465,New Brookestad,Idaho,Grenada
6762,Meredith,Day,neil80@example.org,665 Ryan Flat,Lake Stefanie,California,Isle of Man
6763,Edward,Carter,onguyen@example.net,8097 Bryant Loop Apt. 477,Hintonborough,Wisconsin,Jamaica
6764,Theodore,Diaz,ramireztimothy@example.net,788 Paul Divide,Katherinefurt,North Carolina,Albania
6765,James,Mcgee,sheilaweber@example.net,8741 Simpson Creek Suite 786,East Cassandra,New Jersey,Saint Pierre and Miquelon
6766,Emily,Garcia,lkidd@example.com,5870 Wilcox Views,Franklinhaven,Connecticut,Kuwait
6767,Wesley,Baxter,carla53@example.org,89625 Jason Meadow Apt. 891,Port Matthew,South Carolina,Spain
6768,Sabrina,Rangel,lisaroberts@example.com,15726 Ponce Gateway,Troyburgh,Ohio,Georgia
6769,Alexandra,Marsh,esullivan@example.org,69248 Anthony Unions,East Christopher,New York,Saint Vincent and the Grenadines
6770,Thomas,Werner,marcus62@example.org,11222 Jones Meadow,Stricklandton,Nebraska,Russian Federation
6771,Laura,Fisher,johnsonbonnie@example.com,6294 White Crossroad,East Edward,Massachusetts,Tuvalu
6772,Aaron,Nguyen,amyryan@example.com,6591 Reynolds Viaduct Suite 331,North Frank,Maryland,Tonga
6773,Tara,Francis,donnabailey@example.net,673 Joshua Fork Suite 995,New Christopher,Louisiana,Oman
6774,David,Myers,michaelwright@example.com,5602 Foley Port,Port Melissa,Indiana,Brazil
6775,Kathryn,Williams,craigpamela@example.com,9099 Betty Park,North Mariobury,Connecticut,New Zealand
6776,Alejandro,Moore,dhuber@example.com,915 Elliott Shore,North Bradley,New Hampshire,Angola
6777,Michael,Barnes,longlee@example.org,263 Knox Turnpike,Davidberg,Ohio,Monaco
6778,Tyler,Nixon,amy51@example.com,61806 Newton Harbors Apt. 093,Lisaview,North Dakota,Uruguay
6779,Wendy,Woods,ysanchez@example.net,25441 Burnett Square Apt. 733,Rhodesmouth,Rhode Island,Kenya
6780,Aaron,Shaffer,jillstevens@example.net,78411 Gray Lake,East Saraland,Virginia,Andorra
6781,Aaron,Gallagher,shenry@example.com,753 Marie Cove,North Rebecca,Texas,Brunei Darussalam
6782,Lisa,Sullivan,wrogers@example.com,112 Kimberly Fords Apt. 293,Warrenville,Arizona,Svalbard & Jan Mayen Islands
6783,Craig,Cole,rosswilliam@example.net,0443 Brown Grove Apt. 802,Parkermouth,West Virginia,Myanmar
6784,Jamie,Shields,nelsonbianca@example.com,2623 Maldonado Freeway Suite 224,Kimberlyhaven,Nebraska,Portugal
6785,Mitchell,Romero,williamsonnathaniel@example.net,795 Douglas Mount,Lake Amandahaven,South Dakota,Antarctica (the territory South of 60 deg S)
6786,Megan,Smith,wrighttracy@example.com,54955 Todd Points Suite 794,Melissaland,Virginia,Burkina Faso
6787,Steven,Odonnell,penakristine@example.org,542 Melissa Gardens,New Joseph,Ohio,Mongolia
6788,Blake,Dixon,johnsonheather@example.org,015 Franklin Inlet Apt. 403,Devinshire,North Dakota,Malta
6789,Zachary,Williams,cooperbrenda@example.com,24756 Tara Key,East Kenneth,Rhode Island,Benin
6790,Jeremiah,Johnson,murrayjacqueline@example.com,4631 Perez Views,East Debbieport,Virginia,Algeria
6791,Cynthia,Mclaughlin,carlrose@example.net,58210 Reed Island Suite 143,East Brittany,Wyoming,Chad
6792,Melissa,Watkins,smithoscar@example.com,6678 Crawford Mountains Apt. 707,Sharonberg,Utah,Japan
6793,Samantha,Dixon,robert35@example.org,52245 Olson Spur,West Susanfort,South Carolina,Micronesia
6794,Jared,Nunez,cliffordramirez@example.net,2814 Kim Roads,North Wanda,New Hampshire,Anguilla
6795,Pamela,Church,donald75@example.com,0517 Isaiah Mountains,East Georgeside,New Jersey,Djibouti
6796,Jennifer,Rogers,nicholasjones@example.org,080 Ashley Way Suite 123,Deniseport,New Jersey,Switzerland
6797,Ralph,Pena,ibuck@example.com,616 Terri Roads,New Michelleville,Rhode Island,Sudan
6798,Natasha,Hancock,jacksonanthony@example.com,3371 Kristina Cliff,Flemingfurt,Rhode Island,Cocos (Keeling) Islands
6799,Jackson,Chambers,imack@example.org,617 Murphy Harbor Apt. 315,Port Ianmouth,Rhode Island,Equatorial Guinea
6800,Patricia,Walker,morrissean@example.org,269 Mark Trace,Port Edwardbury,North Dakota,Slovenia
6801,Paul,Brown,amber11@example.com,9232 Thompson Locks,New Gerald,Wisconsin,Moldova
6802,Scott,Combs,simpsonstephanie@example.net,79091 Bush Skyway,Lake Jeremy,Montana,Cook Islands
6803,Erik,Harris,zacharyrichmond@example.net,1180 Williams Corners Apt. 258,Adrienneport,West Virginia,Kenya
6804,Sandra,Kelly,austinlopez@example.org,7988 Anthony Valley,Hurleyland,Connecticut,Northern Mariana Islands
6805,Theodore,Lee,smithlaura@example.net,869 Mcneil Tunnel,Travistown,Maryland,Lithuania
6806,Aaron,Shelton,kimberly44@example.org,365 Wagner Run Suite 698,Lake Richard,Texas,Turkmenistan
6807,Holly,Jacobs,ythomas@example.net,95245 Kim Cliffs Apt. 695,Munozstad,North Carolina,Burkina Faso
6808,Melissa,Ross,ambergarrison@example.net,348 Michael Highway,Reidview,South Dakota,Eritrea
6809,Robin,Robbins,vincentjulie@example.org,392 Anthony Summit,Collinshaven,North Carolina,Heard Island and McDonald Islands
6810,Joshua,Mullins,crogers@example.com,303 Rogers Dam,Lake Joseph,South Dakota,Italy
6811,Thomas,Adams,leonangela@example.org,8370 Pamela Viaduct,Walkerburgh,Montana,Western Sahara
6812,Logan,Vargas,galvarez@example.net,491 Jeffrey Freeway,Ronaldbury,New York,Faroe Islands
6813,Robert,Hunter,laurenhernandez@example.net,9978 Lozano Corners,Kevinmouth,Florida,Ireland
6814,Kelly,Edwards,kevincoleman@example.com,61096 Zamora Isle,Josechester,Hawaii,Spain
6815,Jon,Gregory,thomasramirez@example.net,5588 Preston Corners Suite 690,Kelseyberg,Indiana,Ethiopia
6816,Robin,Silva,robertadams@example.com,2614 Patrick Burgs,Lake Kellyside,Louisiana,Northern Mariana Islands
6817,Micheal,Montoya,thompsonjoseph@example.net,267 Frazier Forks,Michaelland,North Carolina,Libyan Arab Jamahiriya
6818,Dylan,Peterson,jconley@example.org,036 Barnes Stream Suite 426,Williamstad,Ohio,North Macedonia
6819,Brittany,Baker,iperez@example.net,278 Black Throughway Suite 837,Port Donald,Arkansas,Panama
6820,Sean,May,catherine46@example.com,6811 Steven Villages,New Michelle,Maine,Tajikistan
6821,Brittany,Gonzalez,jill61@example.com,91632 Jennifer Manors Apt. 518,East Darleneshire,Connecticut,French Southern Territories
6822,Gina,Martinez,alexispaul@example.net,58451 Bethany Lights,Brewerfort,North Carolina,Serbia
6823,John,Reyes,nchapman@example.org,42617 Davis Centers,South Matthewburgh,New Jersey,Montenegro
6824,Donald,Scott,keith33@example.net,901 Craig Alley Suite 117,Garciaview,Texas,Turks and Caicos Islands
6825,David,May,bakertodd@example.net,027 Andre Point,New Jeffland,Michigan,North Macedonia
6826,Emily,Lara,spencerhall@example.net,74580 Salazar Throughway Suite 852,South Suzanneton,Arkansas,Burundi
6827,Zachary,Gonzales,agarcia@example.com,878 Baker Summit Apt. 995,Youngland,Florida,Mongolia
6828,Patrick,Woodward,grhodes@example.org,3902 Stephen Glens,Port Tiffanyview,Iowa,Sudan
6829,Angel,Copeland,ianpatel@example.org,692 Lynch Ranch,Brianfort,Wisconsin,Belarus
6830,Danielle,Gonzalez,rachelmclean@example.org,5572 Christina Plains,West Cassidy,Florida,Tokelau
6831,Matthew,Gilbert,linda70@example.com,243 Matthew Ports Apt. 644,Coryville,Minnesota,Liberia
6832,Dawn,Lamb,aholland@example.org,87587 Anthony Parks,New Natasha,New York,Jamaica
6833,Debra,Holder,hmooney@example.net,38704 Wells Views Suite 053,North John,California,Western Sahara
6834,Heather,Martin,ipark@example.org,05226 Allison Trafficway Apt. 632,Gregorymouth,Minnesota,Western Sahara
6835,Laura,Anderson,sandovalkrista@example.net,18183 Paul Dale,North Andrew,Delaware,Bahrain
6836,Veronica,Lester,kyleingram@example.com,60958 Davis Forges,Medinastad,North Carolina,Gambia
6837,April,Bennett,heather32@example.net,3964 Caleb Squares,Rodriguezfurt,Nevada,Bolivia
6838,Megan,Pineda,duranshawn@example.org,17308 Mark Fort,Cainville,Louisiana,Pakistan
6839,Cassie,Hendricks,steventrujillo@example.com,7418 Terrell Spur Suite 553,North Christopher,Virginia,Peru
6840,Mallory,Davis,sarah04@example.org,9393 Alvarado Viaduct,Colleenside,Connecticut,Papua New Guinea
6841,Zachary,Ferguson,michele61@example.org,5383 Diana Keys Apt. 688,Stevenport,Texas,Taiwan
6842,Jose,Abbott,lboyer@example.org,870 Jensen Walk,Johnnyton,New Mexico,Bouvet Island (Bouvetoya)
6843,Dawn,Thompson,joe38@example.com,96275 Jack Mountains,Swansonmouth,Kentucky,Singapore
6844,Jenny,Sandoval,phillip65@example.org,228 Anne Plains Suite 841,Michelleview,North Carolina,Montenegro
6845,Ashley,Archer,mirandaroach@example.net,3778 Makayla Mill Apt. 155,West Aaron,Michigan,Oman
6846,Nancy,Parker,jyoung@example.org,87417 Kathleen Motorway,Angelton,Oregon,Vanuatu
6847,Thomas,Giles,phelpsaudrey@example.net,48150 Bryant Mountain,New Josephfurt,Maryland,Austria
6848,Jason,Smith,robertlam@example.org,6670 David Forges,Kathrynhaven,Illinois,Martinique
6849,Tyler,Lucas,rpierce@example.com,05005 Lewis Mills Suite 549,New Cory,Idaho,Libyan Arab Jamahiriya
6850,Mary,Wheeler,christopher54@example.org,87999 Gonzalez Underpass,South Jason,Ohio,Poland
6851,Ashley,Morrow,cball@example.net,39785 Sullivan Tunnel,New Joshua,Pennsylvania,Comoros
6852,Timothy,Morales,clarkjames@example.com,2400 Joshua Throughway Apt. 578,Mcfarlandview,Montana,Cuba
6853,Nathan,Shaw,kimberlypatterson@example.org,52208 Willis Burg,Lake Erikton,Pennsylvania,Jersey
6854,Kristen,Rhodes,uwashington@example.com,502 Katherine Park Apt. 177,Dickersonmouth,Washington,Kyrgyz Republic
6855,Kristi,Alvarez,williamrichardson@example.com,84094 Parker Fords,Kempfort,Kentucky,Tanzania
6856,Karl,Kennedy,wesley05@example.net,843 Davenport Expressway,West Josephfort,Minnesota,Saint Lucia
6857,Ann,Price,barrettgeorge@example.org,82847 Michelle Fields,Lake Emilyside,Indiana,Ethiopia
6858,Jose,Nielsen,ymaddox@example.com,198 Katherine Extensions,Jasonhaven,Arkansas,Iraq
6859,Austin,Arnold,philip22@example.com,03801 Eric Radial,Taylorton,Wyoming,Samoa
6860,Donald,Fuller,nicholas41@example.org,7787 Brandon Manors Suite 592,New Nicole,Indiana,Monaco
6861,Robert,Swanson,tamara57@example.com,20758 Phyllis Greens,South Amanda,Wyoming,Puerto Rico
6862,Steven,Fields,carrollnicholas@example.org,15715 Wells Keys Suite 020,Brittanyport,West Virginia,Suriname
6863,Selena,Bautista,vaughnwendy@example.org,006 Marc Corner,Newtonmouth,Nebraska,Trinidad and Tobago
6864,Ricardo,Rollins,megan06@example.org,872 Robert Groves Suite 396,North Jacquelinefurt,Minnesota,Christmas Island
6865,Samantha,Williams,conniebaker@example.org,0423 Laurie Corners Apt. 305,Jamesstad,Texas,Jordan
6866,Brian,Leonard,teresa13@example.net,57537 Jason Trail Apt. 381,Jenniferborough,Oklahoma,United Kingdom
6867,Ashley,Chen,ljackson@example.org,7040 Gary Trail Suite 443,North Jessicaside,Maryland,France
6868,William,Hudson,fgreen@example.net,840 Carpenter Parks Apt. 264,Trevinoville,Washington,Argentina
6869,William,Lawson,ebishop@example.com,499 Ariel Prairie Apt. 410,North Hannah,Ohio,Turkmenistan
6870,Megan,Sullivan,andersonlori@example.net,5368 Roman Island Suite 799,Mitchellberg,Connecticut,Ukraine
6871,William,Davis,cookcynthia@example.net,5276 Daniel Manor,Liberg,Massachusetts,Puerto Rico
6872,David,Hernandez,cooperjose@example.com,66230 Villegas Mills Suite 815,Jacksonville,Virginia,United Kingdom
6873,Robert,Meyers,carrillocharles@example.org,3999 Heidi Extensions Suite 295,Amandaside,Hawaii,Georgia
6874,Karen,Porter,qmyers@example.org,9426 Parker Vista,Port Jessicabury,Oklahoma,Bhutan
6875,Barbara,Smith,olara@example.net,739 Walker Villages,East Lisaburgh,Delaware,Malta
6876,Joshua,Benjamin,bakermichael@example.org,6360 Jimenez Summit,Jasonmouth,Mississippi,Lao People's Democratic Republic
6877,Nancy,Foster,drichardson@example.org,2717 Jason Estate,Chavezborough,New York,United Arab Emirates
6878,Ryan,Cook,thomas64@example.org,1553 Le Bypass,Meganshire,Minnesota,Cape Verde
6879,David,Adams,ogarcia@example.org,639 Katherine Square Suite 301,Port Kim,Wisconsin,Cape Verde
6880,Pamela,Cannon,benjamin21@example.net,10587 Mathew Tunnel,Lake Christinebury,New Mexico,Reunion
6881,Frank,Gonzales,vward@example.com,117 Lopez Track Suite 693,North Kaylaport,Washington,Slovenia
6882,Joshua,Jordan,xingram@example.org,48916 Rebekah Isle Apt. 010,Davidchester,Rhode Island,Maldives
6883,Rebecca,Shields,mannvictor@example.org,12311 Lane Tunnel Apt. 269,South Tammy,Oregon,Bahamas
6884,Mary,Brown,pgibson@example.org,460 Trevino Mountains,Joshuafurt,Hawaii,United Arab Emirates
6885,Kevin,Wilson,robert66@example.org,71209 Allen Way,East Sharonfort,Louisiana,Mexico
6886,Leslie,Quinn,fmacias@example.org,6884 Karen Loop Suite 824,Lake Dustinmouth,Oregon,Mexico
6887,Brian,Nolan,josephbailey@example.com,9271 Pham Extension,North Williammouth,Oklahoma,United Kingdom
6888,Janet,Jackson,teresa79@example.com,8108 Lopez Fields,West Kimberlybury,Oregon,Maldives
6889,Jeffrey,Jones,george59@example.net,707 Martinez Locks,South Lisa,West Virginia,Pitcairn Islands
6890,Rebecca,Bishop,linda83@example.org,473 Steve Parkway,South Destiny,Florida,Russian Federation
6891,Kelsey,Bailey,rlewis@example.com,23398 Davis Branch Suite 723,Wileyborough,West Virginia,Cook Islands
6892,Zachary,Castillo,cgoodman@example.net,73529 Sherry Flats,Lake Austin,New Mexico,Spain
6893,Margaret,Moreno,ronaldavila@example.org,4486 Jaclyn Points,Lake Paul,Alabama,Maldives
6894,Ethan,Waller,paul66@example.com,0251 Anna Square Suite 198,New Andrew,Nevada,Andorra
6895,James,Ashley,durandiane@example.com,700 Marks Summit,North Eric,Wisconsin,Armenia
6896,Robin,Walker,ncarter@example.com,835 Fischer Parkways Suite 954,Lake Wendy,Pennsylvania,Somalia
6897,Jason,Atkinson,scottadam@example.com,119 Douglas Via Apt. 490,South Kristystad,Idaho,Mali
6898,David,Clark,danderson@example.net,77306 Theresa Rapids,Port Tammyberg,Arkansas,Slovenia
6899,Connor,Jones,xyoung@example.com,101 Roy Plains,Fowlerside,Colorado,Wallis and Futuna
6900,Ryan,Bailey,wsmith@example.org,77157 Briana Rue,East Tracyshire,South Carolina,Sao Tome and Principe
6901,Nicole,Frazier,emilysharp@example.com,01596 Sarah Neck Apt. 861,Lake Jeffrey,Alabama,Paraguay
6902,Andrew,Washington,tsnyder@example.com,7677 Craig Trafficway Suite 281,Velasqueztown,Minnesota,Norfolk Island
6903,Kelly,Weaver,crystal76@example.org,340 Russell Road,Port Christinafort,Oregon,Bouvet Island (Bouvetoya)
6904,Jessica,Allen,richard36@example.net,3225 Bonnie Prairie Apt. 265,Lake Paige,Arizona,Kuwait
6905,Angela,Massey,jamesedwards@example.com,99727 Peter Cape,South Amandachester,Hawaii,Estonia
6906,Mary,Thomas,ibrown@example.org,9472 Michael Brook Suite 803,East Janetland,Vermont,Luxembourg
6907,Lauren,Thompson,pearsonelizabeth@example.org,1957 Jennifer Orchard Apt. 124,Jacksonhaven,Montana,Nepal
6908,Zachary,James,erika56@example.net,5419 Anthony Alley Suite 411,Smithfort,Georgia,Niger
6909,Douglas,Romero,isabel62@example.net,23224 Howard Pike Apt. 314,Angelaton,Mississippi,Bangladesh
6910,Miranda,Ferguson,lmurray@example.net,61589 Wilson Island Suite 002,East Jennifer,Montana,Niue
6911,Wendy,Aguirre,khart@example.org,153 Rios Via,Landryborough,Utah,Aruba
6912,Angela,Mills,davidperez@example.com,648 Garcia Place,Port Hollyville,Idaho,Cambodia
6913,Hunter,Wheeler,campbelljeffery@example.net,0934 Diane Inlet,Joannfurt,New Jersey,Kenya
6914,Calvin,Lawrence,qjenkins@example.org,17784 Phillips Shoals,Kingland,Indiana,Saint Martin
6915,Shelia,Wheeler,adam38@example.com,1594 Mark Centers Suite 317,Port Jacquelinemouth,Nebraska,Iceland
6916,Chad,Simmons,marisamoore@example.org,843 Pena Fords,Lake Austinberg,Wisconsin,Slovenia
6917,Benjamin,Russell,judyknight@example.org,1145 Vickie Plains Apt. 475,Lake Taylorland,Illinois,Maldives
6918,Kim,Kane,danieljoann@example.org,79797 Morgan Canyon,Bradshawton,Kansas,Svalbard & Jan Mayen Islands
6919,Sheila,Mejia,brittany87@example.org,25399 John Hill Suite 523,North Andrew,Louisiana,France
6920,James,Pratt,matthewgraham@example.com,569 Robert Viaduct Apt. 189,Hutchinsontown,Massachusetts,Faroe Islands
6921,James,Valentine,annaharris@example.com,744 Powell Island,Denisehaven,Alaska,Svalbard & Jan Mayen Islands
6922,Rachel,Parker,laurenrodriguez@example.net,0034 Williams Lights Apt. 661,Gibsonland,New Mexico,Costa Rica
6923,Michelle,Thomas,huertadebra@example.net,585 White Bypass,Lake Courtneyville,Alabama,Central African Republic
6924,Taylor,Phelps,anna10@example.net,82569 Amber Mountains Suite 298,Lake Jimmy,Virginia,Eritrea
6925,Jason,Sexton,gregory61@example.com,966 Martinez Fall Apt. 296,Lake Joshua,Kansas,Norway
6926,Briana,Strickland,carrolljohn@example.net,62418 Jimmy Heights Suite 957,Lake David,South Dakota,Hungary
6927,Jacqueline,Meyers,gregorybrewer@example.net,6215 Dominguez Park Suite 305,Rodriguezhaven,Virginia,Moldova
6928,Gavin,Smith,dickersonsarah@example.net,44414 Sutton Fords,West Joshuahaven,Connecticut,Yemen
6929,Donald,Davis,sandramitchell@example.org,168 Ellis Forge Apt. 218,New Jacob,Minnesota,Burkina Faso
6930,Caitlin,Griffith,vthompson@example.org,1873 Reyes Crest Suite 922,Amberchester,Kansas,Albania
6931,James,Evans,kristenhall@example.net,737 Brown Landing Apt. 431,Lake Rachelburgh,Colorado,Tonga
6932,Joshua,Gay,wthornton@example.com,3806 Blake Track Apt. 312,Port Duane,Massachusetts,Bhutan
6933,Dustin,Ingram,angelalopez@example.net,637 Porter Burgs,South Jose,Nebraska,Kazakhstan
6934,Michael,Petersen,mroberts@example.org,1675 Johnson Vista Apt. 531,Rodneyfurt,Missouri,Central African Republic
6935,Jim,James,xreed@example.org,5904 Linda Estates,Elizabethfort,New Hampshire,Belarus
6936,Kathleen,Barnes,melissacole@example.net,5252 Williams Plains,Kingstad,Wisconsin,Kuwait
6937,Valerie,Matthews,kimberlymiller@example.org,60545 Hernandez Village Suite 248,Johnberg,South Dakota,Armenia
6938,Kimberly,Stephens,kirbyjames@example.net,218 Mcdonald Ford Suite 665,Toddhaven,Ohio,Bangladesh
6939,Shane,Alvarado,petersellen@example.org,976 Mason Alley,Jameshaven,Pennsylvania,Chad
6940,Andrew,Kim,cynthia43@example.org,36613 Fox Coves,Andrewsmouth,Arkansas,Kazakhstan
6941,Andrea,Hudson,lewisgeorge@example.net,657 Cody Oval Apt. 855,New Nicolehaven,Alaska,Montserrat
6942,Craig,Farrell,zpena@example.com,39001 Stone Cove Suite 150,Gibsonshire,Mississippi,Netherlands
6943,Michele,Lee,heatherskinner@example.net,69300 Smith Expressway Apt. 277,North Matthew,Nebraska,Ethiopia
6944,Travis,Campbell,walter53@example.net,59619 Charles Fork,Robertsonburgh,Alabama,Equatorial Guinea
6945,Debbie,Hoover,janet94@example.net,822 John Lane Suite 707,Rebeccaborough,Georgia,Egypt
6946,Ricardo,Lane,xbuckley@example.com,11230 Perkins Centers,New Sarahfurt,Indiana,Heard Island and McDonald Islands
6947,Ashley,Turner,mary11@example.com,2837 Thomas Springs,Kimberlyton,Kentucky,Paraguay
6948,Wanda,Hammond,maryfox@example.org,2315 Dale Turnpike,Port Thomas,Louisiana,Central African Republic
6949,Cory,Cabrera,george99@example.com,27037 Selena Shores Apt. 423,Stephanieborough,Illinois,Congo
6950,Andrew,Vargas,cynthia16@example.net,93915 Burke Loop,West Kerri,Colorado,Antarctica (the territory South of 60 deg S)
6951,Cynthia,King,smitherin@example.net,9745 Robert Mountain Apt. 794,East Amber,South Dakota,Timor-Leste
6952,Christine,Harrington,owenshannah@example.com,320 Howard Cliff,New Ianfurt,Vermont,Zambia
6953,Christopher,Myers,matthewramos@example.net,208 Coffey Pines,Port Christopher,Ohio,Saudi Arabia
6954,Lisa,Thompson,howardmiguel@example.net,4286 Adams Inlet,North Debra,Nebraska,Falkland Islands (Malvinas)
6955,Jason,Savage,cchen@example.net,1841 Washington Trafficway,Hayesmouth,South Dakota,Malaysia
6956,Melissa,Murphy,peter95@example.com,8153 Charles Ramp Apt. 875,Wendymouth,Indiana,Portugal
6957,Jacob,Martinez,allenamanda@example.org,1519 Michelle Ways Apt. 397,Kyleville,Mississippi,Colombia
6958,Elizabeth,Long,tonygilmore@example.net,99561 Scott Lock,East Ericatown,Delaware,Christmas Island
6959,Laura,Martin,anthonybanks@example.com,167 Danielle Terrace,South Patrickhaven,Arkansas,Georgia
6960,Kevin,Davis,andrew88@example.com,72564 Lee View Apt. 320,Ryanburgh,Maine,Greenland
6961,Brittany,Le,schmidtvictoria@example.net,795 Michael Valley,Lake Bobbyland,Vermont,Spain
6962,Terry,White,austinsmith@example.net,7832 Anthony Hills Apt. 334,East Nicoletown,North Dakota,Mali
6963,Alejandra,Thompson,ostanley@example.org,65329 Richardson Stream Suite 208,North Antoniochester,Virginia,Slovenia
6964,Karina,Williams,esanchez@example.net,2957 Phillip Lane Apt. 700,South Jamie,Wyoming,Cocos (Keeling) Islands
6965,Robin,Reyes,barry78@example.org,37273 Miller Port Apt. 855,North Alison,Illinois,Iraq
6966,Kathy,Frye,gabrielrogers@example.com,9584 Madeline Meadow,Whitehaven,Maryland,Vanuatu
6967,Carl,Brown,davisangela@example.net,96497 Christy Place Apt. 257,North Michael,Montana,Haiti
6968,Jacob,Freeman,dylanmendez@example.net,383 Aaron Common Apt. 325,Wolfehaven,Washington,Argentina
6969,Anthony,Murphy,mitchelladriana@example.net,42964 Karen Tunnel,Kristinamouth,Florida,New Zealand
6970,Justin,Jackson,steven85@example.com,699 Oconnor Valley Apt. 402,Alexishaven,South Carolina,Bulgaria
6971,Kaitlin,Chang,downsmichael@example.net,40511 Andrea Spurs,New Nicole,Illinois,Sao Tome and Principe
6972,Michelle,Rosales,smithmark@example.org,701 Barnes Locks,North Keithchester,Alaska,Rwanda
6973,Margaret,Smith,kendrasmith@example.org,866 Wilson Rue Apt. 992,Garciastad,New Jersey,Fiji
6974,John,Solomon,williamhall@example.org,234 Dickson River Apt. 796,Port Kristen,Missouri,Heard Island and McDonald Islands
6975,Timothy,Goodwin,padillajodi@example.org,2866 Brown Forks,West Anthonyview,Illinois,Comoros
6976,Gail,Juarez,josephmay@example.org,4184 Emily Manors,East Debramouth,Virginia,Saint Kitts and Nevis
6977,Amanda,Perkins,sandra18@example.org,35373 Holmes Plain,East Alexanderland,Louisiana,Sao Tome and Principe
6978,Nicole,Miller,wilsonlisa@example.org,349 Griffith Manors Apt. 027,Lake Patricia,Wisconsin,Cook Islands
6979,Sarah,Hudson,larry10@example.net,603 Michelle Knoll Apt. 026,Debrafurt,Vermont,Angola
6980,Cheryl,Odom,timothygates@example.net,012 Tracy Pass Apt. 930,North Charles,California,Tokelau
6981,Gregory,Harris,nicholasadams@example.net,53560 Ellis Drive,Port Annette,Nevada,Micronesia
6982,Lawrence,Russell,kimberly20@example.com,446 Kimberly Lakes Suite 840,Lake Matthew,Iowa,Nicaragua
6983,Ryan,Bernard,andrewmartin@example.net,2855 Michael Row Suite 950,Williamsburgh,Arkansas,Portugal
6984,Amanda,Martin,cohenrichard@example.net,0675 Palmer Stravenue Apt. 106,Mooreville,Utah,Ireland
6985,Brenda,Mitchell,tknox@example.net,7432 Flowers Gardens Suite 746,Garciashire,Minnesota,Peru
6986,Nicole,Lopez,adamdiaz@example.net,95905 Michael Crossroad Apt. 983,Randymouth,Nevada,North Macedonia
6987,Kelly,Freeman,uclark@example.com,97793 Angela Villages,North Heather,Rhode Island,Slovakia (Slovak Republic)
6988,Edward,White,osbornemark@example.com,393 Kyle Flat Apt. 451,New Stephenborough,South Dakota,Senegal
6989,Katie,Bailey,gregory81@example.net,69807 Foley Station Suite 592,West Heather,Nebraska,Denmark
6990,Peter,Sawyer,ythompson@example.net,1564 Smith Garden,Bradleyburgh,Nebraska,Jamaica
6991,Kyle,Stein,angela47@example.net,228 Mcneil Inlet,Paulland,New Mexico,Qatar
6992,Kristen,Smith,tamaraperkins@example.com,067 Samantha Locks,Lake Theresahaven,Wisconsin,North Macedonia
6993,Victoria,Huang,joneseric@example.net,77353 Jennifer Track,South Kristishire,Oklahoma,Papua New Guinea
6994,Amanda,Parker,jennifer31@example.com,721 Mata Motorway Suite 452,Leehaven,New Hampshire,Nigeria
6995,Daniel,Clark,hoffmanbrian@example.net,5412 Davis Alley,Lake Erin,California,Antigua and Barbuda
6996,Andrew,Pacheco,joseph29@example.com,011 Mitchell Row Apt. 413,Port Seanport,Hawaii,Pitcairn Islands
6997,Jessica,Jones,jessicayoung@example.org,660 Farley Parkway,New Pamela,North Dakota,United States Minor Outlying Islands
6998,Jacob,Gibson,mcculloughmelinda@example.org,74137 Beth Loop Apt. 444,Taylormouth,Idaho,Turkmenistan
6999,Isaiah,Moore,andre39@example.com,93234 Cunningham Forges,East Robert,Tennessee,Dominica
7000,Erica,Wallace,christensenkristine@example.com,1370 Tina Field,Rachelview,Ohio,Indonesia
7001,Erika,White,brandon03@example.org,06219 Silva Villages,South Megan,North Carolina,Kyrgyz Republic
7002,Renee,Williams,deanna01@example.net,325 Christina Corners Apt. 873,North Angelberg,Texas,Bahrain
7003,Nina,Meyers,amanda14@example.org,39331 Maria Points Apt. 063,Jenkinschester,Montana,Palestinian Territory
7004,Matthew,Wilson,emily09@example.net,749 Conley Crest Suite 654,Bonnieburgh,New Mexico,Barbados
7005,Allison,Hutchinson,kalvarado@example.com,49475 Davis Neck,East John,North Carolina,Trinidad and Tobago
7006,James,Williams,brittany35@example.com,669 Michelle Circles Suite 219,Fischerville,Kansas,Montserrat
7007,Jason,Baker,rmay@example.net,82701 Potts Isle,East Nicholas,Montana,Sudan
7008,Austin,Cortez,sbrooks@example.net,9175 Christine Crescent Suite 632,South Austinstad,Illinois,Switzerland
7009,Diane,Barrett,nathan57@example.net,0541 Wong Common,West Gabriellefort,Iowa,Mauritius
7010,Briana,Bright,ritterjasmine@example.org,77141 Smith Club,North John,Idaho,Comoros
7011,Darren,Wall,frogers@example.net,428 Tate Tunnel Suite 965,Lake Lauren,Arizona,Guatemala
7012,Deborah,Walker,fmurphy@example.com,20556 Dwayne Terrace,Courtneyside,California,Singapore
7013,Haley,Porter,jilllove@example.com,21923 Marquez Islands,New Jacqueline,North Carolina,Guernsey
7014,Lindsay,Stewart,allenchristine@example.com,3919 Lee Divide Apt. 474,East Danielleborough,Delaware,Latvia
7015,Luis,Osborne,bennettsarah@example.com,19110 Henson Club,Amyland,Indiana,Zimbabwe
7016,Christine,King,vmiller@example.com,2924 Brittany Overpass,Justinside,Oklahoma,Guernsey
7017,Summer,Baker,powellwillie@example.org,2446 Perry Mountains,West Joelfort,Connecticut,Marshall Islands
7018,Jessica,Singh,fcooper@example.com,9796 Page Centers Apt. 187,Port Robertfort,Kentucky,Congo
7019,Tim,Chapman,vsanford@example.net,92409 Foster Estates,South Keithchester,Alaska,British Indian Ocean Territory (Chagos Archipelago)
7020,Brian,Garcia,andersenlorraine@example.net,207 Mary Skyway,Pearsonberg,Rhode Island,Brunei Darussalam
7021,Warren,Hall,leeeric@example.com,35063 Jeremy Overpass,West Justin,Oklahoma,Tonga
7022,Walter,Mills,leslie55@example.com,773 Turner Lane,Garciashire,West Virginia,Egypt
7023,Kyle,Foster,gbryant@example.com,021 Patrick Hollow,Hunterbury,New Hampshire,Cambodia
7024,Meagan,Richardson,william28@example.org,766 Thomas Crescent Apt. 213,Tranbury,Maryland,Macao
7025,Lucas,Colon,fpierce@example.net,998 Michael Center Apt. 833,West Stephenfurt,Alabama,Libyan Arab Jamahiriya
7026,Steven,Harrison,sherryboyd@example.net,5244 Page Summit Suite 455,Port Juan,South Dakota,Gabon
7027,Lisa,Prince,valentinejoyce@example.com,30569 Shane Estates,Fergusonmouth,Florida,Tanzania
7028,Ann,Vaughan,smithdeanna@example.org,93649 Karen Station Apt. 048,Port Julie,Utah,Cayman Islands
7029,Jennifer,Johnston,ugoodwin@example.net,9040 Angela Street Apt. 549,Jeffreyfort,Mississippi,Russian Federation
7030,Gary,Morrow,deniseadams@example.org,37005 Sarah Spur,Sanchezville,New York,Congo
7031,Jason,Sanchez,johndrake@example.com,55427 Boone Lakes,Cynthiaview,Maine,Central African Republic
7032,Andrea,Andrews,hlopez@example.com,84437 Jones Views Apt. 346,North Patriciamouth,Texas,Kuwait
7033,Michael,Bush,qhernandez@example.com,150 John Shoals,West Sherry,Nevada,Mali
7034,Jonathan,Mcintosh,mark39@example.org,389 Johnson Stravenue Suite 258,West Jeanettetown,Maryland,Zimbabwe
7035,Lindsay,Haley,nicholsdavid@example.com,133 Rodriguez Flats,Guzmanland,Minnesota,Jamaica
7036,Paul,Spears,jaredreynolds@example.net,80865 Olson Streets,South Lisa,Colorado,Zimbabwe
7037,Ricardo,White,williamsdouglas@example.org,9809 Peter Stream Suite 067,East Christopherview,Kansas,Cayman Islands
7038,Jennifer,Henson,nathan77@example.com,29374 Sheila Oval,Elizabethtown,Massachusetts,Tonga
7039,Christopher,Green,mscott@example.com,282 Berg Center Suite 321,New Bethanyhaven,Connecticut,Equatorial Guinea
7040,Kayla,Braun,dennis17@example.com,8654 Dudley Walks,Annaland,South Dakota,Bermuda
7041,Melissa,Finley,kelseybrown@example.net,305 Edward Way Apt. 044,Port Heatherton,Nebraska,Greece
7042,Rodney,Mcdonald,carrie63@example.com,1020 Reyes Forest Apt. 775,Matthewmouth,New Hampshire,Wallis and Futuna
7043,Angel,Hawkins,sarahtaylor@example.net,210 Middleton Mall Apt. 427,Lake Christianside,Illinois,Seychelles
7044,Dominic,Webb,ghayes@example.net,7784 Nancy Radial,West Theresashire,Colorado,Uganda
7045,Philip,Martin,kevingibson@example.org,09455 Ronald Harbors,Mcculloughbury,Virginia,Cuba
7046,Andrew,Gomez,robertbrown@example.org,70798 Rodriguez Hills,Lake Lisaside,Alaska,Lithuania
7047,Robert,Buckley,jennifer82@example.org,527 Anderson Underpass,East Jenniferton,Arkansas,Chile
7048,Michelle,Knox,diana49@example.org,760 Williams Keys Suite 875,Estesville,New Hampshire,Lao People's Democratic Republic
7049,Laurie,Martinez,stewartbenjamin@example.net,9707 Craig Spurs,South Jessica,Idaho,Mali
7050,Thomas,Palmer,crystalharris@example.com,456 Pamela Fall,Marcusview,Massachusetts,Lesotho
7051,Travis,Cline,clopez@example.com,512 Webb Lakes,East Stacy,New Jersey,Nigeria
7052,Julie,Wilson,johnwilkinson@example.org,598 Chandler Estates Apt. 382,Kevintown,Alabama,Nigeria
7053,Nicholas,Campbell,christystone@example.net,3804 Melanie Brooks Apt. 031,Vincentborough,Nebraska,Turkey
7054,Andrea,Dunn,drew18@example.org,210 Parker Green Apt. 663,Lake Beth,Washington,Cuba
7055,Pamela,Harrison,corey58@example.com,56900 Barrett Vista Apt. 979,Williamsberg,Utah,Tanzania
7056,Barry,Melton,nriley@example.com,7655 Thompson Dale Suite 276,North Victoria,Oregon,Turkey
7057,Kathleen,Alvarez,wedwards@example.org,371 Cole Isle Suite 909,Frankfurt,Utah,Mexico
7058,Robert,Stewart,robert16@example.net,55614 Stephanie Trail,North Kelseyberg,California,Lebanon
7059,Stacey,Levine,jamesgonzalez@example.org,0573 Potts Plaza Apt. 665,Sethburgh,Minnesota,Belarus
7060,Denise,Pearson,ruben47@example.net,0288 Thomas Island,Port Robert,Montana,Belize
7061,Michael,James,sabrina77@example.com,960 Todd Row Apt. 373,Joseborough,Virginia,Bermuda
7062,Lawrence,Williams,cjones@example.net,141 Gonzales Ramp,North Erika,New York,North Macedonia
7063,Jonathan,Hunt,jamie32@example.org,17174 Chris Mills,Melissatown,Georgia,Brunei Darussalam
7064,Mario,Anderson,mandyblake@example.org,304 Nielsen Street Suite 939,Lake Jeremyborough,Colorado,Antarctica (the territory South of 60 deg S)
7065,Jason,Sanchez,ryan12@example.net,86206 Tim Plaza,Evansbury,Maine,Kenya
7066,Kevin,Vargas,wilsoncathy@example.net,1436 Anna Loaf Suite 540,Natalieport,Tennessee,Togo
7067,Andre,Herrera,tammy63@example.net,1559 Linda Ports Suite 478,Lloydbury,Montana,Norfolk Island
7068,Eric,Washington,michelehughes@example.net,158 Penny Throughway,East Sean,Texas,Cambodia
7069,Thomas,Mcclure,uhines@example.net,144 William Crossroad,West Marymouth,Texas,China
7070,Katherine,Miller,logan98@example.net,0103 Brooke Roads Suite 843,North Jill,Illinois,Haiti
7071,Wesley,Moss,ncole@example.org,556 Chad Trail Suite 492,West Sarahborough,Colorado,Barbados
7072,Molly,Parks,josephjoseph@example.net,19619 Aaron Falls Apt. 193,Jamesburgh,Louisiana,Peru
7073,Kimberly,Newton,isantana@example.com,5328 John Harbor Suite 278,Yvetteton,Arizona,Brunei Darussalam
7074,Glenn,Love,chaveztheresa@example.com,1873 Wesley Vista Suite 998,Port Kathyfurt,North Dakota,Christmas Island
7075,Ryan,Heath,kingholly@example.org,600 Armstrong Mall,Ashleyshire,Maine,Dominica
7076,Barbara,Branch,rodneyhanson@example.net,11219 Wilkins Mountain,West Seanside,Massachusetts,Papua New Guinea
7077,Jennifer,Lee,reynoldslauren@example.net,93239 Goodman Squares,North Thomasfort,Tennessee,Macao
7078,Regina,Fields,stricklandbrittney@example.org,01876 Williams Valleys,Justinbury,Minnesota,Panama
7079,Kelly,Bass,stevenhill@example.com,5785 Jason Place,Maryshire,Alabama,Croatia
7080,Meagan,Harris,plewis@example.org,669 Julie Spur Suite 578,Allenhaven,Arkansas,Syrian Arab Republic
7081,Christopher,Rios,ikelley@example.com,761 Lisa Road Suite 541,Smithmouth,New Jersey,Mayotte
7082,George,Anderson,aliciayates@example.com,23874 Emily Knolls Suite 437,Jacksonborough,Colorado,Guatemala
7083,Mitchell,Carney,xhernandez@example.net,2860 Meredith Springs,Cameronville,Rhode Island,Tajikistan
7084,Jessica,Martinez,kingdenise@example.net,77162 Warner Drives,Port Lauren,Vermont,Bulgaria
7085,Christopher,Owens,sanchezjoshua@example.net,13419 Michele Lock Apt. 802,Lake Rogerburgh,Massachusetts,Nigeria
7086,Melissa,Scott,fishermelinda@example.org,74980 Rose Village Apt. 343,Taylortown,Hawaii,Kiribati
7087,Ashley,Craig,kpitts@example.com,42602 Mason Estate,East Vincent,Wisconsin,Palestinian Territory
7088,Marcus,Jenkins,joseph82@example.com,15306 Lauren Green Apt. 561,Fosterview,Tennessee,Mali
7089,James,Ashley,hesschristy@example.com,680 Mark Loop,Ellisbury,Texas,Iran
7090,Brandon,Hart,hayers@example.net,9023 Debra Parks,West Bianca,Oklahoma,Turkmenistan
7091,Jeremy,Blankenship,mbautista@example.org,532 Dean Manors,Mariachester,Alaska,Austria
7092,Frank,Johnson,garciadavid@example.com,23108 Boone Course Apt. 133,Port Stephanieview,Wyoming,American Samoa
7093,John,Reed,heathedward@example.org,967 Roberts Haven Apt. 965,New Eric,Minnesota,Lebanon
7094,Joshua,Harris,arielandrews@example.org,03660 Ruiz Viaduct,North Brian,Michigan,Belgium
7095,James,Graham,walter27@example.net,220 Taylor Alley Suite 903,Caitlyntown,Indiana,Mozambique
7096,Samantha,Martinez,lgarcia@example.net,62247 Mark Rapids Suite 483,South Danielfurt,Kansas,Barbados
7097,Kim,Lawrence,victoriabeasley@example.net,5886 Marvin Village Apt. 900,North Davidtown,Illinois,French Southern Territories
7098,Nicholas,Cook,thomasgary@example.com,6728 Dawn Mews Apt. 057,Brittanyborough,Michigan,Marshall Islands
7099,Robert,Parker,lewisangela@example.com,79249 Horne Wells,Romanchester,Hawaii,Christmas Island
7100,Alan,Morgan,connieward@example.net,5319 Teresa Cape,Christopherhaven,Wisconsin,Palestinian Territory
7101,Donna,Green,aimee55@example.net,249 Hancock Spur Apt. 384,Adkinshaven,Georgia,Indonesia
7102,Angela,Taylor,crossjames@example.com,10265 Amber Cliffs,Keithton,Delaware,New Zealand
7103,Misty,Evans,jasongillespie@example.org,91368 Terry Garden,Jesseside,Utah,Bolivia
7104,Julie,Mitchell,csimmons@example.org,51568 Miranda Coves,Kristineport,Hawaii,Bosnia and Herzegovina
7105,Marc,Weaver,christinetaylor@example.net,18739 Thomas Meadows Suite 535,Port Nicholas,California,Czech Republic
7106,Bradley,Hernandez,sullivankimberly@example.org,8543 Acosta Stream,Graymouth,Tennessee,Kenya
7107,Samuel,West,nperry@example.com,040 Michelle Extension Apt. 933,Lake Johnland,Virginia,Uruguay
7108,Denise,Herman,alexandra49@example.com,4950 Brittany Flat Apt. 885,New Lauratown,Missouri,Georgia
7109,David,Wilson,scott37@example.com,501 Jacqueline Port Apt. 523,West Mathew,Mississippi,Cambodia
7110,Isaac,Watson,jennifer70@example.org,58043 Anderson Square,Katherinemouth,Colorado,Western Sahara
7111,Zachary,Lopez,iharmon@example.com,3375 Walker Summit Suite 592,Karenberg,Washington,Armenia
7112,Brian,Robinson,thomashunter@example.org,0989 Shelby Bypass Suite 373,New Chelseatown,Kentucky,Myanmar
7113,Sarah,Padilla,kurtkemp@example.com,230 Gonzalez Meadows,Reneeton,Texas,Bosnia and Herzegovina
7114,Joanne,Johnson,kimberlyrogers@example.net,6707 Odonnell Locks Suite 885,Port John,Arkansas,Western Sahara
7115,Denise,Hess,shelby43@example.net,085 Jennifer Lane,Jeffreyhaven,Utah,Nicaragua
7116,Paula,Hammond,hthompson@example.org,925 Anthony Underpass,North Timothy,Oklahoma,Cambodia
7117,Jesse,Villanueva,hlane@example.org,953 Kevin Drives,East Renee,Virginia,Greenland
7118,Lisa,Wood,lopezcody@example.net,412 Diaz Knolls,Port Derrick,Delaware,Northern Mariana Islands
7119,Brad,Lawson,marisa78@example.net,32157 Sharon Falls,Taylorfurt,Iowa,Gabon
7120,Traci,Morrison,paula64@example.org,22603 Smith Mount,Timothyville,Nevada,Cameroon
7121,Natalie,Gomez,troymoore@example.org,9026 Swanson Ranch Suite 309,Rodriguezborough,Maine,Vietnam
7122,Abigail,Shepard,harnold@example.net,683 Wilson Corner,Sarahshire,Hawaii,Austria
7123,Stacey,Martinez,rgentry@example.com,72378 Lawrence Estate,Frenchhaven,Nevada,South Georgia and the South Sandwich Islands
7124,Michael,Williams,julie46@example.com,55858 Robert Spurs Apt. 328,Lindastad,Connecticut,Madagascar
7125,Patricia,Williams,victoria33@example.net,599 Zachary Cove,Melissachester,Minnesota,Swaziland
7126,Francisco,Ortiz,kayla10@example.net,88568 Wells Stream,Tylerborough,Tennessee,Slovenia
7127,Rebecca,Morton,alexiscarter@example.com,3349 Mason Parks,Maddenbury,Iowa,Pitcairn Islands
7128,Natalie,Long,kerry01@example.net,0224 Katelyn Skyway Apt. 229,Lake Brianfurt,Missouri,United Kingdom
7129,Carolyn,Lee,leahbanks@example.com,075 Benjamin Coves,Maryton,Oregon,Bolivia
7130,Jennifer,White,nicole85@example.net,2979 Larsen Gateway,South Monica,Indiana,Gibraltar
7131,James,Turner,omar14@example.com,599 Julian Spur Apt. 257,Rodriguezbury,Nebraska,Comoros
7132,Felicia,Kelly,holly91@example.com,084 Harrison Valleys,Lake Edward,Oregon,Saint Barthelemy
7133,Jordan,Wagner,duffygeorge@example.org,5700 Brandi Squares Suite 904,New Kevin,Arkansas,Algeria
7134,David,Bailey,jessicarodriguez@example.net,25417 Galvan Key,Mariaside,Alabama,Equatorial Guinea
7135,Michael,Chan,morganelizabeth@example.org,788 Owens Freeway Suite 860,Harrychester,Delaware,Seychelles
7136,Patricia,Cole,hudsonanita@example.net,6422 Gentry Glen,South Ryantown,Michigan,Belarus
7137,Michael,Miller,ismith@example.com,820 Ramirez Forges Suite 363,Andrewsbury,Texas,Cuba
7138,Robert,Boone,charrington@example.org,3128 Misty Villages,Smithberg,Virginia,Faroe Islands
7139,Teresa,White,jonathan73@example.net,55661 Rebecca Freeway,Tracyhaven,Alaska,Japan
7140,Ralph,James,clopez@example.net,8370 Leah Forge,Savannahville,Colorado,Albania
7141,Joshua,Walker,nhopkins@example.com,37807 Espinoza Circles,Amymouth,Indiana,Jamaica
7142,Michael,Johnson,yscott@example.com,05612 Lopez Fall,South Wendy,Kansas,Syrian Arab Republic
7143,Joshua,English,richardwalsh@example.com,646 Newton Parkway,New Lindsay,New Mexico,Trinidad and Tobago
7144,Jennifer,Rogers,paulakelly@example.org,466 Huerta Extension,Alexaville,Delaware,Aruba
7145,Megan,Davis,stewartzachary@example.org,0317 Smith Meadow Apt. 454,Anthonymouth,Alabama,El Salvador
7146,Michael,Kim,crice@example.com,70368 Earl Spurs,Johnsonchester,Georgia,Saint Barthelemy
7147,Jordan,Higgins,denise28@example.org,3153 Stark Stream Apt. 886,East Dylanmouth,Nevada,Trinidad and Tobago
7148,Alexander,Robertson,psanders@example.org,267 Theresa Ridges,Jamesmouth,Mississippi,Myanmar
7149,Jay,Stone,darrellvillanueva@example.com,068 Wheeler Extension Suite 484,Thomashaven,Massachusetts,Belarus
7150,Scott,Cole,lindaday@example.org,249 Blair Mountain,Russellbury,Connecticut,Kuwait
7151,Arthur,Mckinney,kyle01@example.org,69348 Mitchell Estate,West Brittanytown,Idaho,Dominican Republic
7152,Charles,Pittman,petersonamy@example.com,36159 Schneider Valleys Suite 152,Juliehaven,Georgia,Chad
7153,Kim,Torres,brettgarcia@example.com,4031 Irwin Corners Apt. 296,Cynthiamouth,South Dakota,Sudan
7154,Daniel,Harris,agibson@example.net,16320 Amy Skyway Apt. 124,Port Caseyland,Kentucky,Malta
7155,Tina,Barker,taylor19@example.net,043 Wilson Curve,New Thomas,Mississippi,Qatar
7156,Hailey,George,kyle99@example.com,595 Barker Greens,Salazarbury,Minnesota,Angola
7157,Scott,Nelson,palmerdavid@example.net,7054 Sara Shoals Apt. 930,West Lauren,California,Reunion
7158,Jennifer,Parker,wendy59@example.org,1020 Kaylee Pass Apt. 595,Reyeston,North Dakota,Solomon Islands
7159,Linda,Nolan,ashleyellis@example.org,491 Larson Burgs,North Vanessaberg,New Jersey,Lebanon
7160,Michele,Martinez,traci17@example.org,55337 Rachel Island,Campbellmouth,Pennsylvania,Greece
7161,Taylor,Ramsey,barbara97@example.net,28891 Simmons Shore,West Sarah,South Dakota,Senegal
7162,Antonio,Reynolds,kimberlywilson@example.net,30800 Garcia Cove,Laurenbury,Virginia,Iraq
7163,Heather,Schmitt,icampbell@example.net,30080 Mcdonald Extension,Leestad,Ohio,Andorra
7164,William,Schultz,osbornmegan@example.net,68344 Evans Mount Suite 331,Thompsonburgh,Alabama,Montenegro
7165,Brandy,Paul,yjennings@example.com,3460 Christine Forge,Jessicaberg,New Jersey,Fiji
7166,Nathan,Roman,logan37@example.org,3883 Barbara Viaduct,Port Jenniferville,Tennessee,Honduras
7167,Jeremy,Hughes,dawnmendoza@example.net,00746 Lam Keys Suite 446,Robertport,Iowa,Trinidad and Tobago
7168,Melissa,Rogers,kellymitchell@example.com,17472 Sierra Ford Apt. 256,North William,Georgia,Trinidad and Tobago
7169,Shane,Hodges,cody47@example.org,87299 Rivers Vista Apt. 482,Jaredton,Alabama,Brunei Darussalam
7170,Erin,Jensen,sanderschristian@example.com,6292 Tara Squares,Millerport,Idaho,Burkina Faso
7171,Alexandra,White,justin51@example.org,0143 Jason Track,Port Kathy,Delaware,San Marino
7172,Connie,Guzman,stephanie47@example.org,4382 Sarah Locks Apt. 122,Harrischester,Alaska,United States Virgin Islands
7173,Matthew,Kelley,tinaclark@example.org,889 Michael Canyon,Taylorshire,Hawaii,Heard Island and McDonald Islands
7174,Kelly,Evans,millerlaura@example.com,5029 Smith Gateway Suite 673,Robyntown,Arkansas,Guinea-Bissau
7175,Courtney,Gomez,ophillips@example.com,9920 John Spring Apt. 855,Nathanton,Louisiana,Heard Island and McDonald Islands
7176,Amy,Porter,houstonmark@example.org,838 Michelle Extensions,South Michele,Utah,Congo
7177,Diana,Stanley,morrisonamber@example.com,521 Sampson Trafficway Apt. 635,Lucasstad,Massachusetts,Cayman Islands
7178,Arthur,Martin,mcmahonchris@example.com,2638 Wall Curve Suite 981,Cindymouth,Tennessee,Myanmar
7179,Christian,Garcia,cassandraowen@example.net,6885 Franco Summit,Joneston,South Dakota,Czech Republic
7180,Kristen,Sullivan,durhammary@example.org,8165 Valdez Glen,Churchmouth,Rhode Island,Singapore
7181,Teresa,Perez,gjohnson@example.org,764 Rebecca Shoals,Myershaven,Washington,Benin
7182,Alison,Wright,jwallace@example.com,469 Jessica Alley,Lake Brandon,West Virginia,Portugal
7183,Lindsey,Wong,sbailey@example.org,37217 Scott Point Suite 972,East Jonathan,North Dakota,Mexico
7184,Jeremy,Cole,candice85@example.net,19212 Samuel Rest Suite 491,Williamsfort,South Dakota,Puerto Rico
7185,Timothy,Joseph,ucook@example.com,27447 Robles Meadow Suite 356,Port Devinside,South Dakota,San Marino
7186,Samantha,Reeves,wilsonthomas@example.org,03478 Andrea Heights,Port Leslie,Maryland,Northern Mariana Islands
7187,Jennifer,Wallace,lwest@example.org,1845 Lori Throughway Suite 280,New Carl,North Carolina,Belarus
7188,Denise,Yoder,brownteresa@example.net,93595 James Ferry Suite 273,Farmershire,Connecticut,Belgium
7189,Kelsey,Austin,clewis@example.net,121 Parker Road,Loganshire,South Dakota,Anguilla
7190,Henry,Leonard,patrickgamble@example.com,494 Paul Stravenue,Port Andrea,Pennsylvania,Macao
7191,Jennifer,Henderson,williamskelsey@example.com,210 Pitts Stravenue,New Tammy,Hawaii,Palau
7192,Diane,Perry,jeffersonwilliam@example.net,47763 Myers Prairie Suite 554,Hoffmanfort,West Virginia,Swaziland
7193,Stanley,Lane,richard73@example.com,7352 Melanie Tunnel Apt. 433,South Charles,Alabama,Gambia
7194,Sue,Chen,sreed@example.net,864 Rachael Branch,Deannaland,Alabama,United Kingdom
7195,Jasmine,Santana,fpierce@example.net,45474 Amy Square,Johnnyton,California,Pakistan
7196,Robert,Berg,vhawkins@example.org,53473 Elizabeth Stravenue Apt. 510,North Marioburgh,New Hampshire,Puerto Rico
7197,Ricardo,Allen,molly50@example.org,729 Jessica Ports Apt. 418,Lake Courtneyburgh,Nevada,British Virgin Islands
7198,Jake,Gray,samuelalvarez@example.com,31131 Cameron Locks,Rogerberg,Wisconsin,Tonga
7199,Mike,Medina,cruzmonica@example.com,35622 Dixon Forge,Haleshire,Pennsylvania,South Georgia and the South Sandwich Islands
7200,Ronald,Jones,nguyenteresa@example.net,3482 Bobby Glens,New Madeline,New Hampshire,Algeria
7201,Benjamin,Jones,molly62@example.com,73380 Kevin Garden,Finleyfort,Washington,Mozambique
7202,Jessica,Farrell,kmartinez@example.org,37188 Pamela Neck,North Michael,California,Liechtenstein
7203,Bonnie,Foster,john36@example.net,084 Gonzalez Road Suite 794,West Kathleenborough,Georgia,Portugal
7204,Courtney,Osborn,rnicholson@example.com,8881 Marks Mountain,Meganside,North Dakota,Gabon
7205,Todd,French,clee@example.org,178 Brian Overpass Suite 564,Mullinsview,New Mexico,Indonesia
7206,Haley,Jackson,david36@example.org,0839 Gomez Mission,Joelhaven,New York,Saint Kitts and Nevis
7207,Helen,Edwards,travis17@example.org,43927 Karl Islands,Lake Davidland,Kentucky,United Kingdom
7208,Matthew,Walters,ebartlett@example.org,5365 Jeffrey Bridge Apt. 626,Robertsonstad,Illinois,Bouvet Island (Bouvetoya)
7209,Kimberly,Jones,thompsonlance@example.net,3785 Williams Garden Apt. 501,Lake Angela,Georgia,Hungary
7210,Donna,Cohen,wgarcia@example.org,407 Joseph Ports,Lewisview,Indiana,Isle of Man
7211,Dustin,King,fpratt@example.org,660 Sampson Circles Apt. 624,New Nicholebury,Maryland,Slovakia (Slovak Republic)
7212,Jessica,Todd,uburton@example.org,463 David Isle Suite 842,Bethville,Pennsylvania,Papua New Guinea
7213,Jennifer,Moran,gregory45@example.com,349 Tracy Brooks,New Amanda,Idaho,United States Minor Outlying Islands
7214,Debra,Pollard,villarrealwillie@example.org,72265 Robert Gateway,North Jeanneborough,Florida,Maldives
7215,Carol,Hunt,ogray@example.net,868 Cunningham Passage,New Mckenzie,Missouri,Mozambique
7216,Amber,Arnold,frankcrystal@example.org,58881 Edwards Keys,Port Kevinmouth,Massachusetts,Mexico
7217,Julie,Austin,wharmon@example.org,897 Kelly Crest Apt. 759,East Dontown,Illinois,Falkland Islands (Malvinas)
7218,Patrick,Vasquez,melissa78@example.org,2647 Alexandra Well Apt. 757,Allisonchester,Minnesota,Montenegro
7219,Sandra,Mejia,veronicadavis@example.com,5050 Weiss Rapids Apt. 207,South Joseton,Oregon,Macao
7220,Heather,Bennett,rebecca86@example.com,163 White Branch Suite 679,Bakerside,New Jersey,Philippines
7221,Dorothy,Smith,burkelauren@example.org,1574 David Wells,West Jenniferport,West Virginia,Georgia
7222,Jennifer,Cruz,taylorryan@example.net,97501 Edward Camp,North Tinaland,Nevada,Cape Verde
7223,Tiffany,Walton,aliciajackson@example.com,96963 Barron Trafficway Suite 891,Youngtown,Iowa,Cameroon
7224,Jennifer,Gaines,brandy27@example.net,119 Murillo Canyon,New Emilymouth,Oregon,Sao Tome and Principe
7225,Sonya,Patton,rhanna@example.net,5774 Caroline Trail,South Brian,Michigan,Bermuda
7226,Lori,Gates,wstanley@example.net,48220 Thompson Rapid,New Richardland,Washington,Albania
7227,Randy,Hooper,mkane@example.com,260 Stephanie Via,Hoffmanland,Maryland,Sri Lanka
7228,Paul,Thomas,hbaker@example.com,2078 Wallace Viaduct Apt. 459,Lake Emilyside,Texas,Tanzania
7229,Robert,Jones,mark95@example.net,722 Jones Wells Apt. 112,West Laurashire,Indiana,Bahrain
7230,Tiffany,Thompson,vjackson@example.net,1253 James Radial Suite 039,Williamsmouth,Nevada,Ghana
7231,April,Long,lberger@example.com,367 Christine Union,West Adam,Nebraska,Nigeria
7232,Brenda,Bishop,bharding@example.net,56920 Hooper Mews Apt. 875,Davidshire,Vermont,Trinidad and Tobago
7233,Kimberly,Shaw,huntryan@example.com,43842 Oneill Camp Apt. 009,South Danielton,Georgia,Palestinian Territory
7234,Ian,Davis,stephen56@example.org,0016 Benjamin Underpass Apt. 636,Markberg,Nebraska,Gibraltar
7235,Katherine,Ruiz,destiny69@example.org,283 Smith Cape Suite 661,North Lauraside,Oklahoma,Greenland
7236,Christina,Williams,adriana47@example.com,45332 Jill Oval,West Anthony,Alabama,Kenya
7237,Ashley,Hill,danielle44@example.org,2741 Nicholas Court,East Jamestown,North Dakota,Netherlands
7238,William,Morgan,martinezjohn@example.net,67658 Troy Springs Suite 761,New Latoyaville,Oklahoma,Ukraine
7239,Christopher,Delgado,alee@example.org,8985 Bailey Prairie,Watsonburgh,New Jersey,Hungary
7240,Heather,Perez,michelle90@example.net,829 Gonzales Key,Gutierrezstad,Arizona,Tajikistan
7241,Erin,Harrington,dorseynicole@example.org,84921 Maurice Point Suite 726,Cannonview,New York,Singapore
7242,Eric,Bell,wesley56@example.com,45793 Jessica Inlet,Jasonmouth,Massachusetts,Barbados
7243,Howard,Beck,adamthomas@example.com,28971 Christopher Hollow Apt. 057,North Angel,South Dakota,Madagascar
7244,Christina,Blanchard,griffinmelissa@example.com,55382 Michele Via Apt. 911,Danaborough,Oklahoma,Ethiopia
7245,James,Riley,ttucker@example.net,008 Chandler Corner,North Joseshire,North Carolina,Indonesia
7246,Eric,Alexander,montgomerymichelle@example.com,672 Frazier Meadow Suite 137,Contrerasview,South Carolina,Israel
7247,Kathy,Green,psmith@example.org,550 Patricia Summit Apt. 236,South Jennifer,North Dakota,Oman
7248,Patrick,Miller,heidimejia@example.org,576 Lutz Avenue Suite 707,Josemouth,Washington,Angola
7249,Cassandra,Harris,mariopierce@example.net,42430 Lindsey Courts Apt. 610,Port Pamela,Alaska,Cook Islands
7250,Matthew,Crawford,williamsmichael@example.org,04627 Torres Unions,Lesliebury,Arizona,Namibia
7251,Luis,Goodwin,matthewbrown@example.net,2037 Benjamin Lane Suite 556,Lake Maryburgh,New York,Malawi
7252,Patricia,Lee,michaelthomas@example.net,4878 Tami Fields Suite 003,Port Linda,Pennsylvania,Cyprus
7253,Kelly,Roach,tray@example.com,58425 Berry Orchard Apt. 518,Walkermouth,California,Iraq
7254,Felicia,Contreras,cody69@example.org,255 Young Green,West Julie,Iowa,Cote d'Ivoire
7255,Terri,Jackson,gbrown@example.net,795 Mercado Squares Suite 564,South Megan,Minnesota,Saint Pierre and Miquelon
7256,Lisa,Brooks,stephaniedavenport@example.net,31999 David Vista,North Barrystad,Vermont,Uzbekistan
7257,Richard,Howard,marilyn78@example.com,7288 Susan Harbors,South Teresaville,Colorado,Martinique
7258,Charles,Mueller,elizabeth70@example.com,701 Haney Square Suite 743,Evanshaven,Texas,Morocco
7259,Michael,Singh,franklinmichael@example.com,129 Mark Wall,Johnville,Louisiana,Lebanon
7260,Karen,Stevenson,kellybishop@example.net,32769 Fox Canyon,Debbiechester,West Virginia,Nicaragua
7261,Spencer,Powers,cassidy30@example.org,3664 Renee Port Suite 761,North Jillburgh,Wyoming,Cocos (Keeling) Islands
7262,Pamela,Tucker,martinjackson@example.net,406 Griffith Manors Apt. 212,Francisville,Tennessee,Central African Republic
7263,Paul,Bell,michaelchang@example.net,769 Danny Glen,West Cynthiamouth,Vermont,Greenland
7264,Anthony,Jenkins,jenniferbooth@example.net,5976 Linda Village,North Judy,Massachusetts,Colombia
7265,Richard,Gallagher,tbrown@example.com,940 Marc Burgs Apt. 405,East Kevin,Oklahoma,Serbia
7266,James,French,lallison@example.net,096 Orozco Creek,South Lisaville,Vermont,Antarctica (the territory South of 60 deg S)
7267,Kristi,Lyons,emiranda@example.org,9527 Kelsey Ville Suite 627,Blankenshipview,Virginia,Togo
7268,Sarah,Norris,jacqueline92@example.net,0903 Allison Rapids Suite 477,Johnsonborough,Missouri,Lao People's Democratic Republic
7269,Alexa,Ramos,alexandermarshall@example.com,70883 Natasha Isle,Michaelborough,Alaska,Azerbaijan
7270,Patrick,Hammond,nathan76@example.net,02693 Mason Alley,Smithport,Oklahoma,Malta
7271,Kimberly,Johnson,julie00@example.net,44595 James Haven,West Edward,South Carolina,Northern Mariana Islands
7272,Amy,Rodriguez,tami95@example.com,21809 Bond Skyway Apt. 890,Port Diana,Rhode Island,Poland
7273,Nicole,Harris,jill92@example.com,077 Autumn Vista,Port Kevinburgh,North Carolina,Cyprus
7274,Sarah,Brown,kennethbrown@example.org,93013 Kevin Drive Suite 549,Clarkfurt,Georgia,Bahamas
7275,Thomas,Alvarez,richard83@example.net,2489 Rice Trafficway,Goodmanmouth,Minnesota,El Salvador
7276,Madison,Munoz,spencer94@example.org,6958 Lee Prairie,New Mathew,Washington,Guatemala
7277,Tiffany,Moore,carolli@example.net,1022 Richards Fords Apt. 223,Richardview,Missouri,Cameroon
7278,David,Poole,jgarcia@example.org,62530 Preston Burgs Apt. 324,Tiffanyburgh,West Virginia,Cocos (Keeling) Islands
7279,Melissa,Anderson,castillonancy@example.org,36522 Briggs Loaf Suite 715,Farmerborough,Georgia,Micronesia
7280,Robert,Ruiz,eric89@example.com,6042 Villanueva Orchard,Port Derrickview,Vermont,Austria
7281,Regina,Mitchell,monicalove@example.net,64434 Elizabeth Square,Leonardmouth,Nevada,Martinique
7282,Jason,Clark,pbrown@example.net,23804 John Row Apt. 266,Port Ashley,Mississippi,Tunisia
7283,Brian,James,monroechristine@example.com,05825 Coleman Summit,East Alvin,Nebraska,Malta
7284,Michael,Wheeler,ronniemiller@example.net,358 Smith Forge,Nancyland,Connecticut,United Kingdom
7285,Laura,Dawson,lydiagreen@example.net,76089 Charles Trail Apt. 344,North Brett,Kentucky,Argentina
7286,Timothy,Greene,jessicadecker@example.com,45292 Kristen Station,West Kirktown,New Jersey,Indonesia
7287,Stacey,Harrell,masonrachel@example.org,6054 Walter Station,Evansshire,Illinois,Barbados
7288,Taylor,Baker,spittman@example.net,7455 Sean Court Apt. 929,New Nancyshire,Washington,Russian Federation
7289,Anna,Patterson,anita14@example.net,068 Roman Mount Suite 776,Port Emilyshire,Iowa,Guinea-Bissau
7290,John,Holloway,ylang@example.net,657 Lowery Plaza Apt. 267,Port Mauriceport,Utah,Myanmar
7291,Christopher,Vasquez,jenniferwilliams@example.net,67789 Compton Landing,South Jasmine,Utah,Denmark
7292,Candace,Hartman,wbarron@example.org,3670 Kelley Green,Brookestad,Kansas,Venezuela
7293,Belinda,Sexton,garciapatricia@example.org,970 Fuentes Inlet Apt. 041,Anthonyfurt,Connecticut,Zimbabwe
7294,Ashley,Ruiz,amanda59@example.org,46305 Fry Lights Suite 578,Laurabury,Arkansas,Micronesia
7295,Amy,Coleman,danacoleman@example.org,93333 Cisneros Wells,Ericaborough,Illinois,Dominican Republic
7296,Lauren,Black,kevin30@example.com,68739 Davidson Lodge,Gabriellebury,Hawaii,Bulgaria
7297,Denise,Jones,twalls@example.org,4562 Sandy Walk,South Brandi,Montana,Cambodia
7298,Linda,Kemp,clarkjonathan@example.org,744 Richards Summit,Wrightchester,Washington,Serbia
7299,Penny,Guerrero,ugarcia@example.net,084 Jennings Oval Apt. 237,Michaelshire,Indiana,Argentina
7300,David,Long,tblair@example.org,49657 Edward Key Suite 129,South Erica,Iowa,Suriname
7301,Isaac,Short,cainshelley@example.org,81918 Berry Ferry Apt. 134,South Nicholasborough,Wisconsin,Montenegro
7302,Katherine,Jones,kcortez@example.org,99379 Maria Inlet,Williamsbury,Texas,Malta
7303,Courtney,Ray,christinejohnson@example.net,89576 Kevin Neck Suite 271,Port Davidshire,North Dakota,Grenada
7304,Angela,Perkins,laurierodriguez@example.com,80618 Michelle Lake Suite 354,Westfurt,Delaware,Syrian Arab Republic
7305,Anna,Wilkinson,johnwarren@example.net,6552 Ross Dale Apt. 087,East Vanessa,New Jersey,Serbia
7306,Dylan,Chandler,btaylor@example.net,0291 Dennis Parkways,Sarahhaven,Vermont,Bouvet Island (Bouvetoya)
7307,Taylor,Torres,melissapowell@example.net,2753 Kevin Run,Timothyhaven,New Jersey,Jersey
7308,Julie,Fischer,dwilliams@example.net,4561 Jenkins Streets,Margaretbury,Wyoming,Guadeloupe
7309,Alexis,Bullock,valerie19@example.org,13867 Jodi Highway Apt. 602,Brianbury,New Jersey,Christmas Island
7310,David,Thompson,zrobinson@example.net,41797 Farmer Bypass Suite 763,New Michaelshire,Maryland,Vanuatu
7311,Robert,Smith,asimmons@example.org,8921 Coleman Estate,Tranmouth,Kentucky,Greece
7312,Joseph,Martin,anthony47@example.net,638 Montes Fields Apt. 129,Dariusport,North Carolina,Indonesia
7313,Nathan,Ward,shannon39@example.net,454 Espinoza Cove,Reedview,Virginia,Christmas Island
7314,Gregory,Caldwell,meghan44@example.com,5282 Kramer Lodge,Gilesfort,Hawaii,Yemen
7315,Ann,Long,cameronjames@example.org,85985 Lang Turnpike Suite 994,Martinstad,Maine,Ukraine
7316,Rebecca,Chan,jamesbaker@example.org,897 Timothy Track Suite 374,Lake Emilyfort,Illinois,Mauritania
7317,Tiffany,Mitchell,ryan76@example.com,30052 Walker Trail,West Jonathanbury,New Jersey,Grenada
7318,Derrick,Pena,brianrivera@example.net,5502 Michael Plains,Lake Tiffany,Massachusetts,Morocco
7319,Candice,Jackson,hensoncurtis@example.net,036 Michael Flat,Gallowayville,Missouri,Montserrat
7320,Scott,Black,daniellewis@example.com,990 Wilson Wells,Williamtown,Alaska,Saint Barthelemy
7321,Diana,Curtis,steven81@example.com,5235 Karen Junction Apt. 150,Rojasside,Oregon,Tajikistan
7322,Jacob,Shannon,riverachelsea@example.com,63984 Morgan Pike,North Jaime,New Jersey,Angola
7323,Andrew,Jackson,shannongreer@example.com,628 Garrison Manor Suite 076,Freemanfurt,Indiana,Greece
7324,Gilbert,Patton,vray@example.net,494 Smith Mill,South Loretta,Maine,Egypt
7325,James,Barrett,laustin@example.net,271 Andrea Village,Paynetown,Wyoming,Angola
7326,Mary,Moore,huertamark@example.net,4620 Saunders Island Apt. 314,Port Angelatown,Missouri,Hungary
7327,Meagan,Benson,kevin23@example.org,8828 Garner Flats Apt. 112,Keithville,Kansas,Papua New Guinea
7328,Janet,Golden,mpotter@example.net,373 Kyle Viaduct,South Charles,Rhode Island,Guyana
7329,Katherine,Flores,morganpowell@example.org,5496 Smith Radial,East Emmafurt,Connecticut,Armenia
7330,Cory,Bowers,rebeccafloyd@example.org,9056 Christensen Walk Apt. 831,Martinezfurt,Georgia,Monaco
7331,Monique,Kim,benjamin92@example.com,335 Smith Skyway Apt. 607,Brittanyland,Texas,Malaysia
7332,Marcus,Neal,longeric@example.org,7717 Reynolds Hill Apt. 664,Charlesville,Montana,Afghanistan
7333,Diana,Conner,josephmckenzie@example.com,09472 Holland Summit,Port Scott,South Carolina,Palestinian Territory
7334,Sara,Lee,michaelhenderson@example.net,61348 Bryant Mills Suite 413,East Meganmouth,New York,Argentina
7335,Michael,Henderson,patelraymond@example.com,31226 Amanda Rue Apt. 612,North Pamelamouth,Kentucky,Gibraltar
7336,Heather,Mendoza,hooverclayton@example.com,40562 Christie Freeway Apt. 147,Carolview,Washington,Bulgaria
7337,Jacob,Klein,russellchristopher@example.net,45988 Rivera Lodge Apt. 284,Jonesview,Wyoming,Guam
7338,Heather,Henry,nbailey@example.com,531 Bobby Track Suite 113,West Dana,Florida,Ghana
7339,Johnny,Smith,pamela89@example.net,168 Ellis Highway,Port Susan,Rhode Island,Honduras
7340,Amber,Adams,racheljenkins@example.net,4080 Ernest Forest Suite 801,Cassandraberg,Oregon,Uzbekistan
7341,Amanda,Villarreal,brookskayla@example.org,053 Snyder Points,Colemanton,Massachusetts,Iran
7342,Amber,Mitchell,michellehartman@example.net,8547 Sanchez Mission Apt. 621,South Cynthiaview,Vermont,Jordan
7343,Karen,Fields,ochoajoseph@example.com,18352 Gonzalez Passage Suite 645,Port Kristinaberg,New Hampshire,Croatia
7344,Shawn,Barnes,fryejulie@example.org,209 Mitchell Ridges Apt. 445,Kimberlyhaven,Maine,Syrian Arab Republic
7345,William,Landry,pduncan@example.com,84960 Wiggins Parkway Apt. 759,West Marcus,New Mexico,Netherlands
7346,Max,Montgomery,kendramorris@example.com,47535 Brian Dale,Port Charlesburgh,South Dakota,Reunion
7347,Paul,York,laura71@example.net,01512 Christopher Flat,Lake Peter,Virginia,Venezuela
7348,Patrick,Brooks,snorris@example.org,7711 Nelson Field Suite 385,North Marisamouth,Arkansas,Canada
7349,Lindsey,Jones,rhowell@example.org,39548 Oliver Mall Apt. 013,South David,New York,Argentina
7350,Samantha,Monroe,rickeyandrade@example.net,2575 Michelle Rapid,East Alexandrachester,Illinois,Lao People's Democratic Republic
7351,Christopher,Sullivan,wiseholly@example.com,79471 Le Glens Suite 387,Scottside,Texas,Armenia
7352,Tristan,Ramirez,millsbridget@example.com,35022 Diaz Trail,Port Dianaberg,Hawaii,Comoros
7353,Louis,Spencer,sherri97@example.com,681 Michael Ports,Fitzgeraldborough,Iowa,Norfolk Island
7354,Jose,Nguyen,barbararivera@example.org,567 Collins Ports,Hernandezberg,Nevada,Mauritania
7355,Derek,Murphy,tmyers@example.net,462 Sarah Square Apt. 802,Christinaside,Virginia,Germany
7356,Isaac,Fields,melissahall@example.org,267 Jose Common Apt. 743,Jenniferfurt,Rhode Island,Czech Republic
7357,Chad,Rogers,wpotts@example.org,6160 Vaughn Forest,Lisaburgh,New Jersey,Montserrat
7358,Brendan,Kelley,joshua13@example.org,7898 Todd Courts,New Lorrainebury,Pennsylvania,Macao
7359,Richard,Gray,grantgeorge@example.com,07482 Mueller Roads,Andrealand,Mississippi,Christmas Island
7360,Charles,Patterson,fdiaz@example.org,8554 Micheal Alley Suite 825,North Tara,South Dakota,Belize
7361,Christine,Patrick,mark60@example.org,5899 Amy Green,Allenstad,Oregon,Bermuda
7362,Courtney,Houston,shawn36@example.com,1881 Matthew Bypass,Brianville,Utah,Croatia
7363,Mary,Smith,thomasnguyen@example.org,366 Barbara Green,New Ryan,New Hampshire,Australia
7364,Stanley,Jones,qwilliams@example.com,29552 Charles Pine Apt. 560,Martinbury,Oklahoma,Madagascar
7365,Bob,Kennedy,clayton65@example.net,4040 Christina Village Apt. 221,West Justin,Michigan,Suriname
7366,Angela,Scott,dyork@example.org,20660 Berger Harbors,North Curtis,Wisconsin,Uganda
7367,Ashley,Martin,landrymonica@example.com,3049 Gonzalez Harbor,Coxberg,Minnesota,Canada
7368,Douglas,Long,jonesangela@example.com,9112 Bryan Stream Apt. 052,Greenehaven,Nevada,Sudan
7369,Jeffrey,Carroll,wendy06@example.org,223 Robert Way,West Gabriel,Idaho,French Southern Territories
7370,Amy,Howard,bryaningram@example.org,8052 Hubbard Trace Apt. 026,East Richardmouth,Ohio,Liberia
7371,Nicholas,Parker,dsmith@example.net,643 Howard Vista Suite 167,Lake Malloryburgh,New Jersey,Niue
7372,Larry,Young,ramseyryan@example.net,64654 Teresa Garden,Port Misty,Wyoming,Myanmar
7373,Abigail,Castillo,simsyvonne@example.org,0937 King Road Suite 432,West Bill,Minnesota,Nauru
7374,Thomas,Mack,hansenyvonne@example.org,78182 Garcia Crossing Apt. 107,New Emma,Wisconsin,Honduras
7375,Jeffrey,Armstrong,daniellemitchell@example.org,346 Summers Bridge Suite 671,Carrport,Tennessee,Colombia
7376,John,Shah,christopher24@example.net,58168 Everett Shores Suite 055,Cherylstad,New Jersey,Philippines
7377,Vanessa,Callahan,ifrench@example.com,560 Margaret Crossroad,West Jeremiahmouth,Wisconsin,United States of America
7378,Raymond,Martinez,alishacarter@example.net,32449 Drake Cape Suite 771,Caldwellstad,Arkansas,Azerbaijan
7379,Brenda,Clark,vcollins@example.com,02262 Lorraine Gardens Suite 321,Lake Laurenside,Alaska,Nicaragua
7380,Rick,Oneal,awalker@example.com,6357 Peterson Mission,Mendozaborough,Alabama,Seychelles
7381,Alexander,Leonard,andradebryan@example.net,439 Peters Isle,East Richard,South Carolina,Seychelles
7382,Kimberly,Meyer,ralph86@example.com,23992 Gaines Tunnel,Harperstad,Wisconsin,Gabon
7383,Jason,Escobar,earl18@example.org,634 Hannah Burgs,Willieland,Oregon,Chile
7384,Cheryl,Hogan,shanejohnston@example.org,871 Gonzalez Center Apt. 813,Port Williamland,Missouri,Moldova
7385,Teresa,Lin,scott55@example.org,21040 Stark Wall Suite 769,Lake Sean,Nebraska,Thailand
7386,William,Prince,hickmankelly@example.com,79821 Amber Ferry,Youngport,Massachusetts,South Georgia and the South Sandwich Islands
7387,Eric,Hunter,anthonyanthony@example.net,3374 David Harbor Suite 029,Martinezfort,Pennsylvania,Falkland Islands (Malvinas)
7388,Debra,Jacobs,ashley86@example.net,608 Collins Isle,Thomasmouth,Georgia,Egypt
7389,Emily,Goodwin,amy61@example.com,686 Megan Lights Apt. 223,Jamieton,Texas,Libyan Arab Jamahiriya
7390,Sarah,Taylor,jennifermiles@example.org,6079 Fowler Radial Apt. 789,Mortonmouth,Illinois,Brunei Darussalam
7391,Zachary,Graves,parkerjennifer@example.net,2985 Thomas Inlet Apt. 237,Bullockfort,Minnesota,Congo
7392,David,Harris,daniel58@example.com,865 Ashley Isle,Raymondshire,Maryland,India
7393,Victoria,Williams,ryan54@example.org,72281 Reed Ridges,Port Scott,Minnesota,Mali
7394,Jacob,Mendez,ithomas@example.com,0034 Gonzales Underpass,Thompsonberg,Texas,Romania
7395,Deborah,Dixon,mcneiljackie@example.net,866 Norris Center Suite 852,New Jonathanmouth,Kansas,United States Virgin Islands
7396,Richard,Robertson,nelsondanielle@example.org,77900 Smith Orchard,Romanton,Michigan,Chile
7397,Jason,Clark,pcowan@example.com,17292 Mclean Neck,North Georgechester,West Virginia,Tonga
7398,Eric,Yates,rosalesfelicia@example.org,714 Chavez Dam Apt. 888,Nancybury,California,Spain
7399,Leah,Watts,cchristian@example.org,69713 Kimberly Drive Apt. 509,Laurafurt,North Dakota,Chile
7400,Thomas,Parker,bgreen@example.org,88904 Thompson Club,Lake Johntown,Oklahoma,Belize
7401,Dawn,Hendricks,deborahochoa@example.com,881 Castro View Suite 200,South Shannon,Mississippi,Holy See (Vatican City State)
7402,Kathleen,Ford,johnsonbradley@example.org,473 Olivia Avenue,Turnerborough,Florida,Somalia
7403,Jacqueline,Crane,matthew89@example.com,60450 Anthony Estates Apt. 280,East Laura,Colorado,United Kingdom
7404,Linda,Wong,rodney55@example.org,4732 Stephanie Junctions,Ramosview,New Mexico,Liberia
7405,Taylor,Harris,pprice@example.net,99180 Jacob Gardens,Josephchester,Louisiana,Ukraine
7406,Zachary,Lee,coneill@example.net,36248 Moss Locks,Bethanystad,Virginia,Qatar
7407,Carolyn,Ingram,johncook@example.net,500 Linda Views Suite 398,Lake Sandrafurt,Pennsylvania,Bulgaria
7408,Donna,Gutierrez,eosborn@example.net,87850 Sheila Extension Suite 900,North Timothy,California,Christmas Island
7409,Jennifer,Brown,lewisjose@example.org,8735 Wood Keys,Sosaland,New York,French Polynesia
7410,Lisa,Smith,christina36@example.org,901 Sanchez Path,Lake Brianchester,New Jersey,Tajikistan
7411,Julia,Tran,charles24@example.com,190 Elliott Groves Apt. 471,New Donnastad,Mississippi,Cyprus
7412,Anthony,Andrade,garciapatrick@example.com,42994 Poole Inlet,South Saratown,Mississippi,Portugal
7413,Sarah,Scott,knappjohn@example.net,798 Walter Mountains Apt. 236,Christinamouth,New Hampshire,Somalia
7414,Matthew,Barber,robinsonlisa@example.com,6555 Thomas Summit Apt. 505,West Lorihaven,Oregon,Samoa
7415,Shannon,Townsend,alexandra76@example.org,4552 Cain Forks Apt. 612,Emilystad,West Virginia,Iran
7416,Jacqueline,Martinez,steven87@example.com,12066 Charles Walks,Paulmouth,Louisiana,Honduras
7417,Kimberly,James,amandagallagher@example.org,55792 Kelly Spring,Oliverbury,Maine,Congo
7418,Lori,Hughes,jessicanelson@example.com,626 Pineda Drive,West Daleside,Maine,Liberia
7419,Vanessa,Lee,caseykimberly@example.org,2456 Michael Corners Apt. 523,Ashleychester,Idaho,Guadeloupe
7420,Karen,Soto,angelpena@example.org,089 Nichols Keys,Tracyport,Maryland,Afghanistan
7421,Carlos,Costa,edavis@example.net,101 Taylor Track,East Crystal,Connecticut,Saudi Arabia
7422,Jeffrey,Ramos,mjackson@example.net,1487 Walker Plains,Courtneyhaven,Florida,Malaysia
7423,Kaitlin,Green,joe16@example.org,8314 Bean Lane Apt. 081,North Garyland,North Carolina,Yemen
7424,Teresa,Thomas,gomezdalton@example.com,973 Jenny Island Apt. 310,Juliashire,Wyoming,Ukraine
7425,Shelby,Christensen,karenschwartz@example.com,36048 Beth Bypass Apt. 621,Port Seanburgh,Arizona,Equatorial Guinea
7426,Michelle,Cox,iewing@example.net,76547 John Key Suite 617,Lake Jamieberg,Oklahoma,Zambia
7427,Jonathan,Vasquez,nbaker@example.org,127 Turner Turnpike,East Alyssa,Alaska,Taiwan
7428,Suzanne,Santos,haleanthony@example.com,43417 Dana Haven Apt. 043,Carriebury,Kansas,Guam
7429,Brooke,Stein,jacksonamy@example.net,016 Julia Mountain,West Kellybury,Connecticut,Albania
7430,Diana,Moore,michelewilson@example.com,61924 Schroeder Motorway,Stevensonport,Ohio,French Guiana
7431,Matthew,Pratt,adrian30@example.com,05189 Hensley Stravenue,East Ryanville,Kentucky,Pitcairn Islands
7432,Amber,Smith,robert26@example.net,1467 Heather Brooks Suite 088,Taraville,Kentucky,Somalia
7433,Benjamin,Gonzalez,oelliott@example.net,204 Mcgee Haven,Oliviastad,Wyoming,Dominican Republic
7434,Robin,White,veronica92@example.org,76266 Holloway Mill Apt. 801,West Justin,Arizona,Costa Rica
7435,Natalie,Moss,clarklaura@example.net,538 Flores Islands Suite 816,North Christinaside,Maryland,Belize
7436,Russell,Carter,veronicahughes@example.org,6205 Haley Walks,West Michaelland,Georgia,Nigeria
7437,Rachael,Wolfe,michelle68@example.com,814 Aaron Hills,Ryanside,North Dakota,Comoros
7438,Robert,Morrison,richardjames@example.net,6811 Bradford Fords,Martinview,Ohio,Mali
7439,Christopher,Black,xmartin@example.org,02795 Miller Pines,New Juanchester,Pennsylvania,Mozambique
7440,Vanessa,Norton,ryansilva@example.net,747 Christensen Mountain,Stanleyberg,Massachusetts,Syrian Arab Republic
7441,Amber,Garza,gjimenez@example.net,220 Dylan Circles Suite 490,West Micheleberg,Delaware,Mongolia
7442,Rebecca,Bowman,lewispaul@example.org,349 Kevin Mission Apt. 518,West Seanshire,Kansas,Solomon Islands
7443,Luke,Cervantes,logan33@example.com,2201 Campos Flats Apt. 406,Antonioberg,North Carolina,Tuvalu
7444,Don,Holland,cynthia61@example.net,44890 Alejandro Hill Apt. 221,East Kevin,Kansas,Azerbaijan
7445,Jeffrey,Daniel,melvincoleman@example.org,3212 Haley Village Apt. 405,West Timmouth,Nebraska,Greece
7446,Laura,Nelson,nancy67@example.org,5751 Miranda Walks,Loriland,Hawaii,Guinea
7447,Eric,Parker,caitlyn06@example.com,034 Bryan Freeway Suite 085,Karenview,Ohio,Cote d'Ivoire
7448,Betty,Petty,qjohnson@example.com,466 Brandon Lane Suite 146,New Brenda,Idaho,Sierra Leone
7449,Samantha,Myers,osilva@example.com,209 Anna Lane Apt. 106,Port Anna,Hawaii,Liechtenstein
7450,Tracey,Bean,erica34@example.net,34544 Davies Manor,East Billport,Maine,Taiwan
7451,Daniel,May,jennifer01@example.net,8915 Sarah Vista,Robinsontown,Oklahoma,Nigeria
7452,Martin,Miller,ssmith@example.net,187 Wells Court,Port Kenneth,Alabama,Tokelau
7453,Raymond,Murphy,yflores@example.org,82554 Jones Rapid,West Richardchester,Maine,Ecuador
7454,Kayla,Garcia,galvanpriscilla@example.net,93007 Michael Isle Suite 645,Blairbury,Pennsylvania,Nauru
7455,Savannah,Miller,tyoung@example.net,9198 Robinson Plain Suite 980,Port Lori,Louisiana,Cuba
7456,Glen,Jennings,lisakim@example.com,36417 Dawn Key Apt. 549,Port Jeremy,Louisiana,Gabon
7457,James,Gross,chelsea26@example.org,393 Jones Stravenue Apt. 487,East Jeremychester,Colorado,Bahamas
7458,Gwendolyn,Ryan,olsenconnie@example.org,565 Cuevas Lock Suite 129,Zamoraville,Colorado,Serbia
7459,Jason,Barber,jacquelinemcdonald@example.com,586 Caldwell Meadows Apt. 508,Harristown,South Dakota,Tanzania
7460,Alexander,Goodwin,anthony12@example.org,9985 Espinoza Islands,East David,Colorado,Christmas Island
7461,Marc,Oliver,lori30@example.org,193 Buchanan Port,Fitzgeraldland,Alabama,Iran
7462,Brittany,Lopez,briangutierrez@example.com,0189 Michael Motorway,Brendamouth,West Virginia,Guinea
7463,Omar,Anderson,sarah18@example.net,68483 Ward Squares,New Justin,Wisconsin,Panama
7464,Norman,Reyes,rodriguezmonica@example.com,759 Jason Knolls,North Barbara,Iowa,Bolivia
7465,Robert,Pace,travisowen@example.net,04783 Kathryn Forks,North Nathanshire,Tennessee,Lithuania
7466,Angelica,King,vbecker@example.com,062 Shelby Trafficway Suite 056,Timothyberg,Iowa,Malaysia
7467,Paul,Hughes,bthomas@example.org,9127 Stewart Path Apt. 749,Youngstad,Florida,Malta
7468,Sandra,Vazquez,ppitts@example.net,2336 Horton Crest,Jamesfurt,Georgia,Benin
7469,Miranda,Carr,vsullivan@example.org,809 Tracy Cliff Suite 252,Port Crystal,Oklahoma,Estonia
7470,Shawn,Oneal,christopherjackson@example.com,7737 Kelli Road Suite 808,Macdonaldborough,Hawaii,Svalbard & Jan Mayen Islands
7471,Pamela,Holland,kevinbautista@example.com,803 Ryan Locks Suite 703,Austinfurt,South Carolina,Mali
7472,Leah,Gonzales,teresarobertson@example.org,561 Laura Radial Apt. 175,Jamesmouth,Washington,Solomon Islands
7473,Amanda,Lloyd,andrewwolfe@example.org,979 Curtis Drive Apt. 513,North Amandaland,Mississippi,Sweden
7474,Christina,Jackson,gmeyer@example.net,69161 White Loaf,Lake Joshuaville,Minnesota,Jamaica
7475,Jessica,English,dingram@example.org,280 Kim Knoll,Stewartland,North Carolina,Togo
7476,Nichole,Taylor,pbarker@example.net,696 Patrick Curve Apt. 484,Skinnerbury,Oregon,Papua New Guinea
7477,Joshua,Dominguez,burnettcarlos@example.com,4208 Turner Heights,Josephburgh,Washington,Gambia
7478,Michele,Hall,freemanjennifer@example.com,96389 Felicia Loaf,Glenhaven,North Dakota,Mozambique
7479,Karen,Irwin,jennifermiller@example.net,16163 Dawn Circle,Morafort,Georgia,Guyana
7480,Dominic,Moore,palmeramy@example.org,0613 Hughes Plains Suite 162,West Gary,Virginia,Mali
7481,Leah,Weber,joshua75@example.net,8779 Henderson Mews Apt. 136,Port Jimmy,Virginia,Bangladesh
7482,Julia,Heath,andreabrown@example.net,51188 Darlene Loaf Suite 912,North Taylormouth,Colorado,Uzbekistan
7483,Kellie,Miller,susan30@example.net,034 Morgan Trafficway,South Joseph,Pennsylvania,Guatemala
7484,Victoria,Brown,rachel19@example.org,9836 Michelle Points Suite 897,Hendersonfurt,Texas,Gibraltar
7485,William,Green,ihawkins@example.net,476 Krystal Stravenue Apt. 419,Holmesville,New Mexico,Croatia
7486,Melanie,Franco,courtney25@example.org,5683 Michaela Cliff,East Thomasborough,North Dakota,Netherlands Antilles
7487,Crystal,Payne,ostrickland@example.com,88624 Guzman Canyon Suite 187,North Brittanytown,Alabama,Denmark
7488,Laura,Baxter,ebryant@example.com,28036 Tate Rapid Suite 656,East Christopherbury,Louisiana,Latvia
7489,Brian,Ford,kimberly88@example.org,233 Christopher Heights,Port Jasonchester,Vermont,Guadeloupe
7490,Dana,Dominguez,derek26@example.net,84037 Collins Spring Suite 816,Jacksonhaven,Minnesota,Trinidad and Tobago
7491,Melissa,Reed,meganbates@example.net,10243 Katherine Way Apt. 700,Port Christine,Washington,Philippines
7492,Brandy,Johnson,martinezsteven@example.org,86041 Audrey Parkways Suite 116,Michaelstad,New Jersey,Lebanon
7493,Lisa,Lopez,teresagarcia@example.org,211 Espinoza Street,North Brianport,Oregon,Jordan
7494,Philip,Fisher,jonathan20@example.com,639 Pope Divide,East Francisco,Alaska,Georgia
7495,Yvette,Villa,eric97@example.net,5494 Maynard Stravenue,Lake Johnmouth,Minnesota,Belgium
7496,Mallory,Campbell,carolyn77@example.net,680 Hill Village,North Katie,Louisiana,British Virgin Islands
7497,Joseph,Williams,kathleenjohnson@example.net,3410 Ian Manor,Michaelbury,Washington,Sierra Leone
7498,Brooke,Thompson,toddstewart@example.net,5126 Ho Fork,Longstad,Ohio,Papua New Guinea
7499,Jeffrey,Vasquez,meghanfrench@example.org,50999 Randy Creek,Port Jasonstad,California,Guernsey
7500,Kelly,Kennedy,molinajohn@example.com,535 Crystal Drive,Andrewsshire,Nebraska,Vietnam
7501,Angela,Wallace,ithompson@example.com,37915 Snow Crescent Suite 747,Taylorport,Arkansas,Belgium
7502,Maureen,Kelly,logan33@example.com,524 Jackson Squares,East Valerie,North Dakota,Gambia
7503,Steven,Salas,brandon65@example.net,334 Castillo Squares Apt. 970,Cookmouth,Iowa,Guatemala
7504,Rachel,Moreno,cassandra16@example.org,84734 Dawn Ridges Suite 132,Matthewport,Tennessee,Madagascar
7505,Jennifer,Harper,robertalvarado@example.net,44797 Andrea Lodge,Cookbury,Nevada,Mexico
7506,Shaun,Torres,chaneylisa@example.org,7613 Santana Pines Suite 923,Tammyside,Utah,Saudi Arabia
7507,Madison,Stewart,gmartinez@example.org,314 Tammy Course Suite 037,Lake Gregory,Nebraska,Wallis and Futuna
7508,Jennifer,Cortez,merrittdavid@example.com,22515 Scott Stream Apt. 515,New Curtiston,Mississippi,British Indian Ocean Territory (Chagos Archipelago)
7509,Megan,James,lawsonjoshua@example.org,03217 William Fork Suite 643,Fernandezland,Virginia,Saint Pierre and Miquelon
7510,James,Sharp,karenmejia@example.net,47415 Susan Mount,Johnsonfurt,Arizona,Madagascar
7511,Lisa,Baker,xsilva@example.com,4838 Andrea Forest,Josephland,Washington,Greece
7512,Keith,Smith,hjohnson@example.com,9245 Pamela Prairie Suite 619,South Paula,New Mexico,Israel
7513,Carrie,Berry,mariadavis@example.net,22629 William Tunnel,West Michael,Colorado,Nigeria
7514,Pamela,Roman,richard92@example.org,4733 Cole Squares,Stevenberg,Georgia,Iraq
7515,Raymond,Riggs,joseph85@example.org,329 Collins Keys,Orozcomouth,New Mexico,Guyana
7516,Kelly,King,allenwilliam@example.com,52516 Katherine Cove Apt. 323,New Amyville,Pennsylvania,Gabon
7517,Joseph,Rosario,frostvictor@example.net,76988 Gilbert Views,New Kelseyborough,Illinois,Isle of Man
7518,Alex,George,xdelgado@example.com,7908 Dorothy Trace,Hernandezport,West Virginia,South Georgia and the South Sandwich Islands
7519,Rachel,Pitts,justin46@example.com,61282 Jeffrey Orchard Apt. 151,Linburgh,Colorado,Micronesia
7520,Grace,Dudley,emily02@example.org,873 Raymond Vista,North Julie,New Mexico,Qatar
7521,Linda,Thompson,baileyjerome@example.org,0437 Mitchell Pines Apt. 154,Colemanburgh,Michigan,Cocos (Keeling) Islands
7522,Matthew,Simpson,bryanttraci@example.com,951 Smith Course,Jasonchester,West Virginia,Argentina
7523,Samantha,Richardson,johnsonmaria@example.com,54475 Henry Rapids Apt. 431,West Amber,Texas,Philippines
7524,Tammy,Sanchez,ltran@example.net,4386 Becker Road,Mosleyton,Nebraska,Yemen
7525,Theresa,Brooks,drobbins@example.com,19903 William Lake Apt. 135,South Sherry,South Carolina,Antigua and Barbuda
7526,Melissa,Stephens,westsara@example.net,82612 Duke Shores,Codyview,Georgia,Burkina Faso
7527,Lisa,Anderson,ggonzalez@example.com,9983 Lindsey Keys,Nicoleview,Arizona,Dominican Republic
7528,Teresa,Mora,juliecooper@example.net,4641 Conley Locks Apt. 889,Marissaland,Idaho,Guatemala
7529,Elizabeth,Shaffer,xnunez@example.org,27497 Lee Walk,Laraland,North Carolina,Ethiopia
7530,Patricia,Patterson,lance65@example.net,854 Fletcher Station Apt. 964,Jackside,Illinois,Jamaica
7531,John,Warren,danashaw@example.net,334 Steven Prairie,New Jonathon,Alaska,Taiwan
7532,Jordan,Hernandez,vallen@example.com,454 Graham Glens Apt. 628,Cartermouth,South Dakota,Bhutan
7533,Eduardo,Medina,jacqueline00@example.net,753 Williams Pike,Brookefurt,South Carolina,Uzbekistan
7534,Amber,Black,veronicamcmahon@example.com,8953 Nicole Lodge Suite 631,North Johnnyshire,Missouri,Israel
7535,Angela,Cook,xbrewer@example.net,8738 Nelson Parks Apt. 315,Port Noahland,West Virginia,Bangladesh
7536,David,Williams,kathyjackson@example.com,037 Gloria Lights,New Williamburgh,Oklahoma,French Polynesia
7537,Denise,Brown,bradley44@example.org,2014 Barnes Lake,North Matthewside,Maine,Luxembourg
7538,Gregory,Webb,apriltanner@example.com,11339 Taylor Greens Apt. 969,East Zacharyview,Arkansas,French Guiana
7539,Debra,Ewing,cheryl10@example.com,433 Guzman Ferry,Lake Calvinport,Massachusetts,Saint Martin
7540,Patrick,Ramirez,westlisa@example.org,79958 Curtis Shoals Apt. 599,Lake Kaylabury,Nebraska,Papua New Guinea
7541,Patricia,Woodward,zrussell@example.org,7315 Angel Rue Apt. 390,West Lisamouth,Pennsylvania,Senegal
7542,Melanie,Larson,djoseph@example.com,65322 Mccoy Mountains,North Joseph,North Dakota,Saudi Arabia
7543,Casey,Stokes,shermanryan@example.net,04766 Snow Mountain Suite 546,Port Austin,Virginia,Ireland
7544,Steven,Phillips,baileysteve@example.org,4328 Virginia Trafficway Suite 501,Port Laurenview,Hawaii,Kuwait
7545,Katherine,Hunter,brentroberts@example.net,9306 Hopkins Square,South Michael,South Dakota,Tuvalu
7546,Amanda,Williams,katherinegreen@example.net,894 Bradford Point Suite 984,New Harold,South Dakota,Algeria
7547,Jeffrey,Parsons,patricia71@example.com,50805 Little Road Suite 193,Samanthabury,Ohio,Swaziland
7548,Tina,Lewis,wbecker@example.com,418 Ryan Terrace Suite 349,Melaniemouth,Minnesota,Yemen
7549,Nathaniel,Petersen,kdiaz@example.org,2113 Mills Circles Apt. 936,New Kimberlytown,Mississippi,Chile
7550,Tyler,Smith,jennifergreene@example.net,836 Wade Road Suite 082,Danaview,Montana,China
7551,Brenda,Meza,johnsonbenjamin@example.org,369 Williams Mountain Suite 509,Port Anthonymouth,Nebraska,Burkina Faso
7552,Barbara,Becker,cmcgee@example.net,363 Peters Shoal,Evanbury,New Mexico,American Samoa
7553,Justin,Pierce,charmon@example.com,454 Adam Summit Suite 329,Kariton,Alabama,Zimbabwe
7554,Daniel,Lawson,njohnson@example.com,8343 Robert Ramp,Justinmouth,Wisconsin,Timor-Leste
7555,Danielle,Michael,tpayne@example.net,064 Cynthia Drive Apt. 956,Janetville,Michigan,Switzerland
7556,Jill,Rodriguez,dustinchavez@example.org,91796 Horton Village,Port Kelli,Arizona,Micronesia
7557,Lauren,Armstrong,eric91@example.org,130 Andrews Ports Apt. 999,Port Brianhaven,Florida,French Southern Territories
7558,Brenda,York,oliviagrimes@example.net,4204 Sarah Courts Apt. 848,Johnsonhaven,Alaska,Suriname
7559,Susan,Clark,vmiller@example.org,811 Rodriguez Road Apt. 069,Dominguezchester,West Virginia,Mayotte
7560,Sherri,West,eshaffer@example.net,268 Brian Radial Suite 387,West Hannah,Idaho,Morocco
7561,Nicholas,Stewart,richard55@example.net,8880 Sharon Crescent,Cervanteschester,Alaska,Czech Republic
7562,Samantha,Werner,athomas@example.org,1523 Pamela Cliffs,Port Patriciaborough,Minnesota,Morocco
7563,Curtis,Munoz,thomaswalker@example.net,7535 Johnson Lakes Apt. 476,Lake Anne,Missouri,Portugal
7564,Matthew,Aguilar,zfuller@example.org,75710 Juarez Rapids,Howellberg,Oregon,Hungary
7565,Adam,Taylor,morgankane@example.net,4275 Hicks Shoals,East Lesliechester,Rhode Island,Saint Pierre and Miquelon
7566,Nancy,Baird,kbutler@example.org,647 Barnes Landing Suite 265,Maldonadohaven,Georgia,Jamaica
7567,James,Kim,mcgeemelissa@example.com,08442 Dawn Field Suite 427,Wileymouth,New Hampshire,Cayman Islands
7568,Charles,Lee,robertlandry@example.org,148 Tiffany Meadows Suite 988,Sarahberg,Colorado,Greenland
7569,Colleen,Mays,samantha22@example.com,67698 Sarah Wells Suite 144,Erinstad,Michigan,Gambia
7570,Ernest,Garcia,kimberlysanchez@example.net,35996 Rodriguez Squares,Lindsaymouth,Arkansas,Tunisia
7571,Kathleen,Yoder,robertwilliams@example.net,8197 Anne Summit,Lake Victor,Maryland,Finland
7572,John,Klein,gjefferson@example.org,6999 Kenneth Plain Suite 256,Andrewchester,Nevada,Bouvet Island (Bouvetoya)
7573,Jeremy,Ellison,benjaminjesus@example.net,4560 Williams Coves Suite 947,North Briannaville,Iowa,Sri Lanka
7574,Scott,Rose,anthony39@example.net,65308 Kristin Groves,Ramirezshire,Virginia,Djibouti
7575,Shannon,Sullivan,williambanks@example.net,396 Travis Village,West Stephanie,Vermont,Slovenia
7576,Monique,Miller,qgarner@example.net,33893 Hubbard Club Apt. 693,Colemantown,Tennessee,French Polynesia
7577,Carrie,Hatfield,kerrbryan@example.com,8754 Robert Shoal Apt. 893,East Wendy,Louisiana,Belize
7578,Jade,Black,vwilson@example.net,395 Heidi Harbors Suite 019,Donaldside,Kentucky,Ireland
7579,Lance,Cardenas,john91@example.net,08016 Lewis Parkways Apt. 087,Lucerofurt,Utah,Svalbard & Jan Mayen Islands
7580,Sara,Castro,heather87@example.com,183 Perez Ford Apt. 462,New Garrett,Washington,Lebanon
7581,Ashley,Roberts,cameronjenna@example.net,03729 Bonnie Well Apt. 997,Jenniferbury,Minnesota,Denmark
7582,Kevin,Thomas,hudsontimothy@example.org,12587 Avery Prairie,Jasonmouth,Louisiana,British Virgin Islands
7583,Julia,Carter,carolynblack@example.org,6641 Hudson Valley Suite 670,Leberg,Vermont,Aruba
7584,Brett,Martinez,jennifer28@example.net,71850 Williams Shoal,New Marioport,Vermont,Azerbaijan
7585,Stephanie,Oneill,cynthia76@example.net,355 Gary Rue,New Ronaldside,Wisconsin,Slovenia
7586,Natalie,Cameron,ebony18@example.org,67967 Stone Forge,Stephensborough,Wisconsin,Somalia
7587,Cassandra,Anderson,ernestjones@example.org,167 West Corner Apt. 117,Ericksonchester,California,Vanuatu
7588,Christopher,Jones,william13@example.com,691 Miller Wells Apt. 344,West Williamport,Montana,Cook Islands
7589,Andrew,Burke,allen58@example.com,223 Roberson Rapids Apt. 470,Jermainefurt,West Virginia,Micronesia
7590,Regina,Hernandez,isoto@example.net,8354 Reed Summit Apt. 279,Kingport,Illinois,Canada
7591,Kathy,Fleming,bryan57@example.net,9488 Glenn Isle Apt. 770,South Christopher,South Carolina,Mexico
7592,Brittney,Parker,robertanderson@example.org,073 Gary Harbors,Maddenhaven,Pennsylvania,New Zealand
7593,Barbara,Jimenez,sallen@example.org,04323 Peggy Camp Apt. 065,New Jessica,Oklahoma,Belgium
7594,Renee,Hunter,robinsonmarcus@example.net,0556 Johnson Keys,Port Robertside,Tennessee,Serbia
7595,Chelsea,Palmer,gallegosmanuel@example.net,7203 Cooper Corners Apt. 207,Laraland,Alabama,Algeria
7596,Jacob,Clark,johnkrause@example.com,445 Garza Parkways,South Wendy,South Carolina,Martinique
7597,Danielle,Williams,christopherdaniels@example.org,408 Trevor Islands Suite 850,Bassport,Oregon,Uganda
7598,Thomas,Bryant,ucox@example.net,47400 Hill Mills Suite 371,Davidstad,Nebraska,Colombia
7599,Holly,Buckley,nicolecohen@example.com,97407 Hailey Orchard,Lake April,Nebraska,Ecuador
7600,Angela,Black,qpadilla@example.org,30433 Alyssa Lane,Oconnortown,Colorado,Tokelau
7601,Martin,Jefferson,garciachad@example.net,411 Andrea Islands,Port Scott,Alaska,Argentina
7602,Mark,Johnson,edwardrodriguez@example.com,76039 Riley Fields Suite 021,East Jessica,California,United Kingdom
7603,Michelle,Howard,aparker@example.net,969 Lori Knoll,Charlesfort,Missouri,Niue
7604,Philip,Li,davidnovak@example.com,7649 Margaret Inlet Apt. 206,New Robertmouth,Connecticut,Jamaica
7605,James,Owens,garzapatricia@example.net,6654 Pruitt Ridge Suite 460,West Amy,Nebraska,Slovenia
7606,Thomas,Harris,kimberly79@example.net,54558 Andrew Junction Suite 772,Port Deniseview,Utah,Cape Verde
7607,Monica,Gonzales,christinahardy@example.net,272 Samuel Heights,South Eric,Georgia,Andorra
7608,David,Crawford,pamelahernandez@example.net,65881 Ryan Row,Markfort,Arkansas,Cocos (Keeling) Islands
7609,Daniel,Alvarez,vburns@example.com,94311 Anthony Motorway Apt. 684,North Michaelfurt,Maryland,Timor-Leste
7610,Robert,Smith,onealjason@example.net,45994 Fisher Mills,Christianstad,North Carolina,Swaziland
7611,Jody,Barber,wrightstacey@example.net,1199 Adam Forge,East Virginia,New Mexico,British Indian Ocean Territory (Chagos Archipelago)
7612,Misty,Fernandez,smithlindsey@example.org,6136 Brock Avenue,North Garrett,Connecticut,France
7613,Phillip,Blackwell,harpermatthew@example.net,64451 Hill Run,Mccannfort,Nebraska,Cote d'Ivoire
7614,Jamie,Blanchard,ydawson@example.org,2151 Gonzalez Tunnel Suite 972,Kellyburgh,Illinois,Panama
7615,Amanda,Murray,matthew49@example.org,4646 Pierce Inlet,West Robert,Kansas,Chile
7616,Robert,Garcia,gallagherkevin@example.net,9906 Aaron Court Suite 008,Juliaburgh,Wyoming,Western Sahara
7617,Jose,Cook,rosehaley@example.com,511 Everett Forest Apt. 618,North Jamesberg,California,Northern Mariana Islands
7618,Ronnie,Butler,tracy27@example.org,6337 Brown Crest Apt. 146,Boonestad,Colorado,South Georgia and the South Sandwich Islands
7619,Lori,Larson,znichols@example.org,09540 Thomas Dale Apt. 366,North Marco,Pennsylvania,Cape Verde
7620,Timothy,Valdez,rodney34@example.net,37439 Robertson Extensions Apt. 142,Connorton,Delaware,Turkmenistan
7621,Wendy,Jacobs,stephanie97@example.com,209 Wolfe Estates,North Ashley,North Carolina,Gambia
7622,Paula,Rodriguez,mdavis@example.net,18429 Wright Inlet,Latoyaside,Indiana,Ethiopia
7623,Samantha,Mcbride,econway@example.org,238 Kelley Roads,East Alicia,Kansas,Reunion
7624,Natalie,Berry,carlapeterson@example.com,6165 Mendoza Extensions Apt. 501,East Amyshire,New Hampshire,Syrian Arab Republic
7625,Mary,Owens,patrickrowland@example.org,6167 Shannon Junction,South Stephanie,Idaho,Albania
7626,Clifford,Nelson,ilandry@example.org,705 White Prairie Apt. 226,North Brandon,Michigan,Northern Mariana Islands
7627,Connie,Gamble,austincameron@example.org,4831 Lisa Well,New Steventown,Illinois,Syrian Arab Republic
7628,Jennifer,Webb,matthew90@example.com,98285 Kevin Expressway Apt. 116,Port David,Alaska,Wallis and Futuna
7629,Jared,Pearson,yquinn@example.com,8711 Caleb Dale Suite 719,North Kimberly,Oklahoma,Madagascar
7630,Erica,Juarez,brittanyallen@example.net,707 Edwards Place,Port Daniel,Mississippi,Singapore
7631,John,Johnson,christopherdouglas@example.com,480 Erica Springs Suite 225,Lake Kevinstad,Missouri,Cameroon
7632,Andrea,Lawrence,stephanie36@example.net,1860 Padilla Forge Apt. 518,East Jeffery,Maryland,Colombia
7633,Megan,Franklin,gregoryscott@example.com,78096 Ramirez Place,Port Richard,New Mexico,Belarus
7634,Bill,Smith,stephanie21@example.org,5308 Sarah Ferry Apt. 333,South Jeffreyberg,Arkansas,Suriname
7635,Heather,Brown,william53@example.org,571 John Mountain,North Justinfort,Rhode Island,Montenegro
7636,Sarah,Lewis,dorseymelissa@example.net,11438 Amy Fall Suite 913,New Deborah,Nebraska,Lesotho
7637,Ashley,Hatfield,bernardwoodard@example.net,236 Joshua Plains,Chelseamouth,Delaware,Croatia
7638,Michelle,Young,patricknash@example.org,201 James Inlet,Suttonview,North Carolina,Mozambique
7639,Elizabeth,Campbell,katherinegomez@example.org,2972 Ferguson Viaduct,East Danielshire,New Jersey,Solomon Islands
7640,James,Clarke,joshuahernandez@example.net,67523 White Plains,Brittanyside,New Hampshire,Bosnia and Herzegovina
7641,Richard,Brown,wilsonbrandon@example.com,336 Willis Common Apt. 520,West Ryan,Kansas,British Virgin Islands
7642,Amy,Kidd,robin37@example.org,93367 Ronald Camp Apt. 975,Allenberg,Oklahoma,Liechtenstein
7643,Jonathan,Richardson,xmurphy@example.org,2181 White Parks,Port Kevin,New Jersey,Ukraine
7644,Patrick,Thompson,garciamarco@example.com,074 Stephens Walks Apt. 136,Lake Jay,Wisconsin,Pitcairn Islands
7645,Michelle,Reynolds,jennifer55@example.com,943 Adams Dam Apt. 239,Emilychester,Alaska,Isle of Man
7646,Nathan,Hanna,daniel78@example.com,24971 Carla Stream Apt. 109,North Morgan,Colorado,Cayman Islands
7647,Shane,Ingram,gonzalescynthia@example.org,138 Thomas Wall,Jacksonland,Kansas,Pakistan
7648,Rebecca,Johnson,lydia50@example.org,362 Alyssa Mills Suite 295,Wrightberg,New York,Grenada
7649,Dominique,Moore,pattersonamanda@example.net,694 Donald Junctions Suite 576,Ashleyview,Connecticut,Liberia
7650,Gloria,Ingram,watsondavid@example.net,024 Lopez Locks,Bushchester,Iowa,Macao
7651,Debra,Ferguson,juliahernandez@example.net,805 Stephen Mountain,Johnsonburgh,Georgia,Papua New Guinea
7652,Alex,Mercado,ballen@example.net,504 Shelby Spurs Suite 209,Jenniferchester,Pennsylvania,Falkland Islands (Malvinas)
7653,Timothy,Smith,patricia55@example.org,9616 Black Mountain Apt. 904,New Frankburgh,Nevada,Kenya
7654,Monique,Bennett,yvette77@example.com,2801 Tim Estates Suite 647,Port Lauren,Oregon,Greece
7655,Shaun,Wilson,jhowe@example.net,861 Paula Ridge,North Danielle,New York,United States of America
7656,Sarah,Thornton,ericthomas@example.org,45530 Miller Wall Apt. 403,New Christinaton,Tennessee,India
7657,Michael,Bradshaw,rodneybarron@example.net,1615 Stein Points,Lake Lesliehaven,Iowa,Saint Vincent and the Grenadines
7658,Steve,Williams,jray@example.com,06241 Burnett Groves Apt. 905,South Anne,Oklahoma,Tuvalu
7659,Jessica,Bennett,matthewgillespie@example.org,18736 Sims Ridges,Jenniferfort,Colorado,Samoa
7660,Christopher,Rodriguez,kberg@example.com,34049 Powers Locks,Chandlerfurt,Virginia,Togo
7661,Karen,Carrillo,chris93@example.com,95014 Harvey Fall Apt. 758,Turnerbury,Idaho,Montenegro
7662,Lisa,Fernandez,ronald50@example.com,4614 Bryant Ville Suite 726,Christopherberg,Nevada,Ghana
7663,Christopher,Gallagher,kylerodriguez@example.net,4872 Griffin Square Suite 925,New Nathanburgh,Kansas,Portugal
7664,Dana,Clements,matthewoconnell@example.net,4114 Herman Shoals,Brownstad,Connecticut,Tajikistan
7665,Bruce,Wood,natasha42@example.com,3022 Simon Centers Apt. 034,East Dustin,Mississippi,Korea
7666,Michael,Cherry,david19@example.com,17495 Smith Key Apt. 573,Amyton,Iowa,British Virgin Islands
7667,Kenneth,Turner,spadilla@example.com,2573 Gina Stravenue,West Jeffrey,New York,Angola
7668,Micheal,Kemp,youngalexander@example.net,03060 Burton Groves Suite 308,Johnville,Wyoming,Guinea-Bissau
7669,Gabrielle,Meyer,mcknightjonathon@example.org,68220 Heather Via,South Destinyside,Iowa,Tonga
7670,Whitney,Rivas,uyates@example.com,505 Hines Trail,Davidland,Georgia,Samoa
7671,Sandra,Wells,bethany51@example.com,0811 Lopez Loaf,Christensenhaven,Nevada,Timor-Leste
7672,John,Horton,georgedaniel@example.com,42017 Barnes Plaza,New Marcushaven,Connecticut,Montserrat
7673,William,Moore,tara86@example.net,520 Erin Pass Apt. 814,Odonnellchester,South Dakota,French Polynesia
7674,Jessica,Montoya,harveykevin@example.org,82491 James River Suite 383,Davisberg,Colorado,French Southern Territories
7675,Julie,Deleon,xwilson@example.com,308 Benitez Divide Suite 800,Port Deborahside,Colorado,Guam
7676,Amanda,Dawson,joshua93@example.net,887 Frye Center Suite 229,Buckton,Florida,United Kingdom
7677,Paul,Schmidt,fwatkins@example.com,662 Jacob Drive Suite 680,Orozcoside,Kansas,Mayotte
7678,Jeffery,Williams,birdallison@example.org,31023 Mendoza Brooks Suite 408,East Robertton,Pennsylvania,Ethiopia
7679,Thomas,Short,wmartinez@example.net,58819 Bailey Island Suite 189,Lake Joshuaville,Kentucky,Australia
7680,Stephanie,Gonzalez,gmartinez@example.net,066 Steven Corners Suite 800,Burtonstad,Oregon,French Guiana
7681,Lori,Chavez,daniel13@example.org,06499 Lori Throughway Apt. 537,Andersonport,New York,Belarus
7682,Kelly,Herrera,robert42@example.com,3548 Miller Cape,Valenciachester,North Carolina,Georgia
7683,Amy,Bell,sergiocampbell@example.org,515 Kristine Stream Apt. 985,North Elizabeth,New Jersey,Bouvet Island (Bouvetoya)
7684,Michael,Baldwin,rharris@example.org,918 Espinoza Parkway,Kellyfort,Minnesota,India
7685,Lauren,Shaw,allenglenda@example.com,33151 Tom Burgs,West Cynthia,Pennsylvania,Portugal
7686,Austin,Johnson,leslie23@example.com,231 Martin Plains Suite 293,West Sarah,Connecticut,Liberia
7687,James,Chaney,travis32@example.net,852 Sandra Prairie Suite 856,West Sara,Utah,Liechtenstein
7688,Tiffany,Trevino,vfox@example.org,26840 Smith Garden,Justintown,Massachusetts,Tunisia
7689,April,White,carla32@example.com,6897 Frank Vista Apt. 500,Teresaport,Oregon,Equatorial Guinea
7690,Kevin,Hamilton,kmorris@example.com,976 Anderson Falls Apt. 583,Lake Sarah,California,Estonia
7691,Pamela,Moore,pcollins@example.org,2937 Tyler Center Suite 979,Lake Erin,Arkansas,Azerbaijan
7692,Diane,Allen,jasonrivera@example.com,153 Kimberly Locks Apt. 553,Lutztown,Wyoming,Zambia
7693,Steven,Smith,hollyperry@example.org,9552 Jones Ports,West Javier,Delaware,Uzbekistan
7694,Madeline,Perez,bethanylee@example.net,70427 Cameron Pine Suite 982,Gonzalesmouth,Wisconsin,Belgium
7695,Aaron,Myers,johnsonnicole@example.com,33622 Judith Shoals Suite 035,Rodriguezburgh,New Mexico,Guam
7696,Michelle,Gomez,qbrown@example.net,2299 Baker Island Suite 027,West Tonychester,Illinois,United States Minor Outlying Islands
7697,Jodi,Savage,stephaniejones@example.org,54498 Shepherd Pines Suite 812,Port Stephen,Iowa,American Samoa
7698,Megan,Morales,troyscott@example.net,44169 James Expressway Apt. 459,East Christopher,New Hampshire,Micronesia
7699,Melissa,Bowen,marybrown@example.net,5948 Byrd Station Suite 486,Lake Beth,Rhode Island,Gibraltar
7700,Kimberly,Fleming,xallen@example.net,30004 Barrett Mills,East Michael,Iowa,Swaziland
7701,Kristie,Walker,pateldavid@example.net,845 Mark Underpass Apt. 779,West Lisatown,Nebraska,United Kingdom
7702,Kathy,Hernandez,dawsonjacob@example.net,6040 Becker Glens Apt. 138,Lake Emily,South Carolina,Cayman Islands
7703,Alicia,Maxwell,ynorris@example.org,08568 Pena Village,New Bryan,South Dakota,Pakistan
7704,Rebecca,Dorsey,twilliams@example.net,2595 Davila Ridge Apt. 684,Jerryhaven,North Dakota,South Africa
7705,Bill,Zuniga,ashleyhernandez@example.com,47125 Garner Locks Suite 821,Grossland,Arkansas,Zambia
7706,Sarah,Moore,mary10@example.net,673 Mathis Rapid Apt. 729,Priceville,Ohio,Uruguay
7707,Lisa,Reid,meghanwilliams@example.org,237 Kelly Underpass,New Jason,Illinois,Saint Helena
7708,Andrew,Torres,michaelruiz@example.com,106 Mike Tunnel Suite 763,Conleyborough,California,Georgia
7709,Donna,Graham,clarklaura@example.org,5928 Perry Mission,Waynefort,Colorado,Singapore
7710,Theresa,Maldonado,laura28@example.com,9917 James Turnpike,Williamton,Kansas,Portugal
7711,Ian,Williams,corey17@example.com,18628 Shane Landing Suite 133,Glovershire,Indiana,Lebanon
7712,Lawrence,Stein,melaniebrown@example.net,8727 Alexis Fords,Port Tara,Alaska,Panama
7713,Kimberly,Thompson,umiller@example.org,448 Mary Divide,North Crystal,Minnesota,French Guiana
7714,Justin,Manning,cjones@example.org,3752 Simpson Via,Pearsonport,Iowa,Papua New Guinea
7715,Hayley,Ramos,allison73@example.com,8879 Davis Islands,New Brandytown,Iowa,Peru
7716,Christopher,Kirk,staylor@example.net,755 Hayes Meadow,Lake John,Ohio,Suriname
7717,Jennifer,Mcdaniel,frank74@example.org,5921 Kimberly Manors Apt. 587,South Sandy,South Dakota,Vanuatu
7718,Toni,Moon,johnsonjames@example.org,09725 Jennifer Plain Suite 562,Jaclynborough,Pennsylvania,Namibia
7719,Joseph,Santos,jessicayates@example.net,946 Guerra Ford Apt. 960,West Karenshire,Alabama,Liberia
7720,Lisa,Jordan,martinezalexis@example.com,41164 Schaefer Path Suite 033,New Jeffreyberg,Kansas,Netherlands Antilles
7721,David,Weaver,tmccormick@example.org,840 Pennington Rue,Lake Sarahchester,Wyoming,Egypt
7722,Rhonda,Dougherty,jlee@example.org,2473 Freeman Roads Apt. 986,South Brian,Ohio,American Samoa
7723,Tammy,Parrish,whitegrant@example.org,01231 Candace Ranch,Henryside,Ohio,Saint Kitts and Nevis
7724,Christopher,Vaughn,rjohnson@example.com,74294 Butler Park,South Anne,Massachusetts,Netherlands
7725,John,Meyers,andreaphelps@example.org,0716 Anthony Ports,Moyerland,Florida,Tokelau
7726,Ruth,Hayes,jamesgillespie@example.org,000 Golden Junctions,South Maryhaven,Illinois,Georgia
7727,Cynthia,Palmer,uburke@example.net,59547 Gregory Knolls,North Joseph,Tennessee,British Indian Ocean Territory (Chagos Archipelago)
7728,Heather,Martin,danielleking@example.com,19027 Eric Ridge,Jamestown,Florida,India
7729,Antonio,Hart,wlyons@example.org,622 Murphy Green,Jillton,Tennessee,Tuvalu
7730,David,Romero,ashleycampbell@example.com,7837 Wade Meadows Apt. 633,Janetstad,Maryland,Sweden
7731,Daniel,Parker,kayla23@example.org,48728 Thomas Crest,West Matthew,Wisconsin,Lesotho
7732,William,Oneal,anafox@example.net,523 King Garden,North Andrea,Arizona,Mali
7733,Robert,Cooper,wilkinsonvictoria@example.net,544 Adkins Corners,North Davidton,Alaska,Turks and Caicos Islands
7734,Antonio,Bass,nunezgregory@example.net,08243 Romero Forks Apt. 809,Lake Frankside,Alaska,Guyana
7735,James,Buck,shamilton@example.org,1448 Katherine Light Apt. 282,Alexandraborough,Massachusetts,San Marino
7736,Joseph,Cunningham,nielsenmark@example.org,330 Brian Mills,Port Richard,Mississippi,Monaco
7737,Travis,Martinez,lpeterson@example.com,048 Howard Burgs,Butlerburgh,Florida,Equatorial Guinea
7738,Lauren,Hanson,taylor96@example.com,59961 Manuel Dale,Callahanburgh,Florida,British Virgin Islands
7739,Connor,Carter,russellconrad@example.org,510 Bates Lock,New Stephanie,Washington,Trinidad and Tobago
7740,James,Miller,briannahughes@example.org,732 Danny Green Suite 505,North Amy,South Dakota,Panama
7741,Chelsea,Fields,aflores@example.net,6981 Bennett Light Suite 953,South Joshuachester,Wisconsin,Zambia
7742,Veronica,Cooper,wsharp@example.org,14538 Curtis Point Suite 535,Micheleside,Washington,Argentina
7743,Patrick,Morris,blackjeremy@example.net,069 Annette Spur Apt. 867,North Christopher,Oklahoma,Saint Lucia
7744,Michael,Page,wallaceerica@example.com,557 Kathleen Harbor Suite 075,Danielmouth,Tennessee,Antigua and Barbuda
7745,Raymond,Nicholson,steven74@example.com,98311 Philip Roads Suite 276,Fletcherbury,Oklahoma,Lebanon
7746,Joanne,Hebert,munoztoni@example.org,95532 Deanna Plaza Suite 638,South Geoffreyton,South Dakota,Guatemala
7747,Valerie,Espinoza,matthewharvey@example.com,098 Timothy Oval Suite 847,North Michelle,Nevada,Equatorial Guinea
7748,Shannon,Cain,cconner@example.com,555 Black Camp,East Adam,Kentucky,Spain
7749,Stephanie,Arnold,eileen68@example.org,2217 Billy Common,Aprilfurt,Louisiana,Sudan
7750,Barbara,Church,nicholsonbruce@example.com,6627 Mitchell Centers Apt. 367,Port Matthewside,New Mexico,Mali
7751,Sarah,Vasquez,katrinabarajas@example.net,697 Burns Lodge,New Jamiefort,Minnesota,Korea
7752,Jessica,Moran,lopezshannon@example.org,66867 Whitaker Squares,Yoderstad,Hawaii,Zimbabwe
7753,Christy,Stephens,wstanton@example.net,3227 Grant Burgs Apt. 327,Thomasfort,Alaska,Equatorial Guinea
7754,Dennis,Martin,smithmichelle@example.com,2976 Timothy Gateway Suite 407,South Christopher,Vermont,United States Virgin Islands
7755,Brian,Khan,linda58@example.com,539 Ramsey Lane Apt. 522,Jefffurt,Utah,Jersey
7756,Isaac,Williams,wrighttaylor@example.org,54202 Kathleen Freeway Suite 999,Charleshaven,Montana,Saint Lucia
7757,Jonathan,Gray,danieldominguez@example.org,8175 Burke Street Apt. 074,Jenniferside,Virginia,Moldova
7758,Audrey,Davis,kmorris@example.net,8860 James Tunnel Suite 112,Mcknightville,Montana,Sierra Leone
7759,Christopher,Holland,craigpotter@example.net,0123 Jared Fork Apt. 563,Lake Adamchester,Mississippi,Senegal
7760,Emily,Nguyen,steven57@example.com,5168 Davis Circle,West Jameston,Alabama,Andorra
7761,Kristine,Hill,jamie87@example.org,3140 Patrick Light Apt. 548,Lake Mariaburgh,Michigan,Saint Kitts and Nevis
7762,Joel,Johnson,wilsonamanda@example.net,3598 Tammie Cove Suite 157,Johnsonside,New Jersey,Guinea-Bissau
7763,Alan,Johnson,scottthompson@example.net,265 Bethany Pines Apt. 768,Jamesport,Delaware,Hong Kong
7764,Ariel,Oliver,jonesronald@example.net,4505 Omar Landing Suite 910,Port Heatherbury,Rhode Island,Brazil
7765,Anne,Chambers,tammielowe@example.com,97896 Fitzgerald Dale,South Daisymouth,Texas,Tokelau
7766,Jocelyn,Mccarthy,zrollins@example.net,1959 Christopher Hollow Apt. 228,Vickichester,Wyoming,Liechtenstein
7767,Jodi,Ortiz,amclaughlin@example.net,5228 Brown Islands,Lawrenceberg,Kansas,British Virgin Islands
7768,Thomas,Hill,melissa16@example.org,2694 Wood Rest Apt. 821,Hendersonport,Montana,Jersey
7769,Katie,Garrett,nbeck@example.org,10728 Diane Cape Apt. 360,New Brandon,Virginia,Puerto Rico
7770,Lisa,Leon,woodronald@example.org,2898 Ryan Coves,South Richardmouth,Iowa,Armenia
7771,Katherine,Hunter,brycerichardson@example.com,407 Vincent Run Suite 926,Holmeshaven,Delaware,Gambia
7772,Larry,Smith,lindsay11@example.net,4986 Williams Key Suite 982,Michaelmouth,Iowa,Mauritania
7773,Austin,Hughes,scottmiller@example.net,5220 Steven Neck Suite 709,Robertsville,Washington,Bermuda
7774,David,Thompson,tylerdickson@example.net,74080 Werner Gardens Suite 715,New Rachel,Ohio,Tuvalu
7775,Lance,Jones,twalker@example.net,79727 Kenneth Crossing,Port Kristafort,Wisconsin,Egypt
7776,Jeremy,Nunez,samanthacox@example.net,83799 Stein Garden,Lake Nancy,Iowa,Lao People's Democratic Republic
7777,Robert,Edwards,tammyberry@example.com,6675 Debra Locks,Wilsonberg,Alaska,Fiji
7778,Joshua,Marshall,ralph21@example.net,1333 Martinez Stravenue,Meltonshire,Rhode Island,Pitcairn Islands
7779,Amanda,Calhoun,zhartman@example.com,0722 Allen Place Apt. 419,New William,Minnesota,Sri Lanka
7780,Ashley,Pratt,loweryerin@example.net,28093 Riley Pines,Port James,Minnesota,Uruguay
7781,Shane,Hartman,justin95@example.org,6393 Kyle Trace,Raymondbury,Mississippi,United Arab Emirates
7782,Carol,Carter,ujackson@example.com,64326 Marie Ranch Suite 687,Nicoletown,Ohio,Nauru
7783,Randy,Olsen,wfrench@example.com,35700 Tran Union Apt. 367,Wrightborough,Connecticut,American Samoa
7784,Amy,Wang,hfreeman@example.net,725 Nathan Plaza,West Richardstad,Idaho,Denmark
7785,Wanda,Holloway,malikrose@example.net,79407 Anita Centers Suite 949,Kimberlyton,Mississippi,Haiti
7786,Erica,Johnson,richardwatson@example.com,891 Austin Glens Apt. 998,South Theresa,Colorado,Norfolk Island
7787,Angela,Mcclure,holly18@example.net,977 Thompson Way Apt. 580,Port Elizabeth,Vermont,Kazakhstan
7788,Nicole,Alvarez,virginia42@example.com,508 Lewis Parkways Apt. 319,Sandersshire,Georgia,Puerto Rico
7789,John,Leonard,smithalicia@example.org,872 Collin Row,Elizabethfurt,Louisiana,Honduras
7790,Charlene,Sawyer,crawfordricardo@example.org,864 Charles Coves,Port Jonathan,Florida,Mauritius
7791,Derek,Johnson,tiffanybenitez@example.org,07102 Smith Underpass Suite 108,West Debraburgh,Washington,Afghanistan
7792,Kendra,Brown,martinezjacqueline@example.com,688 Williams Rapid Apt. 570,Keithfort,Indiana,Korea
7793,Laura,Cortez,aaron16@example.com,654 Matthew Cove,Baileyfort,South Dakota,Guinea-Bissau
7794,Vincent,Jones,cwilson@example.net,6430 Rhonda Wells Apt. 223,Grantburgh,Iowa,Cayman Islands
7795,Hayley,Hart,mark61@example.net,2022 Peterson Haven,Jonathonland,Alabama,Gabon
7796,Tracy,Scott,joshua80@example.org,6386 Rebecca Avenue Suite 510,Lake Amanda,Indiana,Finland
7797,Ethan,Nelson,allisonvega@example.org,61491 Tucker Mountains Apt. 782,East Larryfurt,Maine,Peru
7798,Amber,Flores,mchung@example.org,83283 Jennifer Summit Suite 465,South Latoya,South Carolina,Kazakhstan
7799,Lisa,Smith,osmith@example.net,5123 Wong Coves Suite 672,South Stevenburgh,Massachusetts,Cameroon
7800,Robert,Miller,nathan93@example.net,93714 David Square,South Michaelstad,Utah,Saint Helena
7801,William,Cunningham,fbuck@example.net,098 Brooks Common,Lake Patrickmouth,Maine,Paraguay
7802,Angela,Rice,aayala@example.com,194 Beasley Extensions,Wilsonberg,Vermont,Nigeria
7803,Linda,Jarvis,ekrueger@example.net,39867 Walter Dale Apt. 880,Smithland,Colorado,United States of America
7804,Ashley,Kim,ashley46@example.org,640 Miller Cliffs Apt. 315,North Cristina,Connecticut,Comoros
7805,Mark,Snyder,dclark@example.net,6938 Hernandez Ville Apt. 744,New Mollystad,Florida,Saint Kitts and Nevis
7806,Juan,Castro,tonyaatkinson@example.net,631 Perkins Walks,New Laura,Missouri,Saint Pierre and Miquelon
7807,Grant,Williams,whunt@example.org,9784 Copeland Inlet,Lake April,Georgia,Kenya
7808,Craig,Rocha,peter95@example.org,243 Daniel Trace,West Edward,Texas,India
7809,Michael,Gill,martincharles@example.org,0888 Castro Hollow,New Chase,New Mexico,Sri Lanka
7810,Ann,Brown,madelinejenkins@example.com,40762 Deborah Parks Apt. 488,Danielland,Arkansas,Luxembourg
7811,Victoria,Hull,lisalivingston@example.net,8725 Dustin River Apt. 395,Perezport,Louisiana,Maldives
7812,Tyler,Gonzalez,william14@example.net,860 Rhonda Forest,South Stevenview,South Carolina,Oman
7813,Jessica,Yates,tiffany31@example.org,4546 Blanchard Village,Tonyamouth,Missouri,Cote d'Ivoire
7814,Nicole,Tate,lloydbrian@example.net,728 Eileen Islands Apt. 025,New Andrewfurt,North Dakota,Puerto Rico
7815,Alejandro,Olson,maciasmeredith@example.org,54974 Mitchell Corners,New Michealland,Maine,Mauritania
7816,Nicholas,Hardy,clarkjulia@example.net,7786 Edwards Fork Suite 513,Myersshire,Arizona,Lebanon
7817,Raven,Taylor,mayolisa@example.com,312 Kimberly Groves,East Rachel,Wisconsin,Senegal
7818,Kathleen,Cunningham,jason01@example.org,0552 Angela Fords Suite 783,Jessicachester,Vermont,United States of America
7819,Joshua,Robinson,thomaswilson@example.org,1105 Patricia Viaduct,North Michelle,Alabama,United Kingdom
7820,Andrew,Thomas,yorkjason@example.org,66638 Amber Lake Suite 895,Robinsonstad,Illinois,Iran
7821,Roger,Salinas,yschultz@example.net,0523 Lydia Streets Apt. 517,West Edward,Utah,Suriname
7822,William,Lambert,pbuchanan@example.com,3434 Alvarez Trail,Port Laurenview,West Virginia,Algeria
7823,Kimberly,Williams,umarsh@example.com,02192 Tami Courts,South Robert,California,Barbados
7824,Rhonda,Williams,kristinesheppard@example.net,87473 Brooke Divide Suite 789,Rubentown,Hawaii,Montenegro
7825,Alejandra,Davis,robertspears@example.com,50521 Nielsen Glens,Jasminefurt,Georgia,Wallis and Futuna
7826,Jacob,Burton,thomas85@example.net,1069 Ashley Path Apt. 634,South Ronaldchester,Alabama,Honduras
7827,Brett,Oneill,phoffman@example.net,6414 Corey Throughway,Sanfordfurt,Rhode Island,Turkmenistan
7828,Nancy,Lopez,rebeccarandolph@example.net,39171 White Ports Apt. 621,Jeffreyfort,Oregon,Qatar
7829,Lisa,Norris,avincent@example.com,62285 Joshua Creek,Port Jamieburgh,Florida,Kyrgyz Republic
7830,Ashley,James,ndiaz@example.com,2176 Charles Extensions Apt. 480,Deleonhaven,Utah,El Salvador
7831,Douglas,Grant,william57@example.com,7819 Campbell Lodge Suite 949,Phillipsport,Wyoming,Mayotte
7832,Rebecca,Powell,aliciamiller@example.org,827 Burgess Falls Apt. 270,Maxwellborough,Colorado,Germany
7833,Kenneth,Mitchell,doris50@example.net,5079 Barnes Motorway,Gilbertton,Vermont,Somalia
7834,Julie,Myers,hollyjones@example.com,540 Jill Tunnel Apt. 356,Jefftown,Virginia,Suriname
7835,Mckenzie,Lopez,dduncan@example.org,885 Morgan Port Apt. 603,Port Richard,Mississippi,Tunisia
7836,Nicole,Perez,antonio12@example.org,6822 Brandy Knoll,Kelleyhaven,Oklahoma,Sri Lanka
7837,Thomas,Thomas,david67@example.com,24637 Gardner Meadow,East Matthewberg,Louisiana,Saint Lucia
7838,Meredith,Morris,raguilar@example.net,987 Holly Wall,East Sandraside,Indiana,Kiribati
7839,Marilyn,Reynolds,larry62@example.com,5969 Carpenter Neck,North Chadport,Arkansas,Eritrea
7840,Morgan,Hall,williamwilkinson@example.org,34320 Murphy Light Apt. 232,Alyssabury,Delaware,United Kingdom
7841,Jacob,Reed,qryan@example.net,7200 Roberts Brooks,New Beth,Colorado,Nicaragua
7842,Matthew,Watkins,fnichols@example.net,675 Chang Fords,East Davidtown,Nebraska,British Virgin Islands
7843,Brett,Woodard,twalker@example.net,8932 Martinez Valleys Suite 834,Andrewton,Hawaii,Dominica
7844,Brad,Sharp,aprilsmith@example.net,983 Jill Prairie,Josephberg,Nebraska,French Southern Territories
7845,Lisa,Allen,wmorales@example.net,41328 Michael Plaza,Morganberg,Oregon,Ecuador
7846,Nancy,Smith,teresa90@example.org,30072 Rachel Common Apt. 290,Daughertyhaven,Alaska,El Salvador
7847,Rickey,Le,katherinecook@example.net,21565 Scott Hill Apt. 269,Lake Sierrafort,Texas,Canada
7848,Erika,Nguyen,aaronkim@example.com,810 Jones Keys,North Lynnburgh,Michigan,Lithuania
7849,Richard,Thompson,vwiley@example.com,13052 Moses Plains,Rojasland,Virginia,Costa Rica
7850,Troy,Baker,colin17@example.com,4862 Tyler Route,Lake Nicholechester,Tennessee,Tokelau
7851,Aaron,Thornton,thomascardenas@example.net,4238 Travis Trace,New Dawnview,Montana,Timor-Leste
7852,Sheila,Oconnor,julie20@example.org,300 Victoria Mission Suite 005,Chavezstad,Minnesota,Czech Republic
7853,Steven,Mcbride,jhughes@example.net,5888 Connie Vista Apt. 405,Jenniferfort,Washington,Ireland
7854,Amy,Page,ugarcia@example.org,67005 Donna Crossing Apt. 263,Lake Ericafort,Mississippi,Afghanistan
7855,Michael,Arnold,wmurray@example.net,53242 Perez Drive,Sotoland,Mississippi,French Southern Territories
7856,Elizabeth,Wilson,obrown@example.net,0829 Wallace Rue,West Heatherburgh,Louisiana,Iran
7857,Mitchell,Page,ralph16@example.net,5421 Little Street Apt. 985,Smithbury,Arizona,Bosnia and Herzegovina
7858,Karen,Byrd,jill57@example.net,13000 Danny Rest,Rodriguezburgh,Massachusetts,Tajikistan
7859,Robert,Day,jeffrey86@example.org,137 Raymond Orchard Suite 856,Thompsonborough,West Virginia,British Indian Ocean Territory (Chagos Archipelago)
7860,Michael,Wilkerson,mdaniels@example.org,51977 Roman Spur,East Andrewfurt,Tennessee,Guadeloupe
7861,Daniel,Barron,bfaulkner@example.com,006 West Parks Apt. 490,Velazquezton,Pennsylvania,Micronesia
7862,Rebecca,Steele,dominique15@example.net,563 Howard Burgs,Victoriaview,Missouri,Myanmar
7863,Sherry,Phillips,susanwhite@example.org,0937 Adams Fall Suite 965,Doylebury,Nebraska,Moldova
7864,Eric,Miller,richarddavis@example.com,9236 Miller Creek Apt. 762,Melindaport,Virginia,Anguilla
7865,Ann,Chavez,popematthew@example.net,925 Ramirez Radial Suite 735,New Dennis,Oregon,Rwanda
7866,Donald,Bryan,phillipsashley@example.net,3849 Heather Shoals,Smithstad,Iowa,Vietnam
7867,Kelly,Wright,matthewcraig@example.com,086 Jones Alley,West Dennis,Oregon,Moldova
7868,Troy,Vazquez,zcook@example.net,956 Gibson Drive,South Samuel,Pennsylvania,Maldives
7869,Nicole,Griffin,doconnor@example.net,94648 Jennifer Shores Apt. 526,Port Rogerborough,Oklahoma,Finland
7870,Laura,Holloway,wallaceeric@example.net,55957 Michael Islands,West Brandybury,Wisconsin,Myanmar
7871,Eric,Duarte,kathleenshelton@example.org,27300 Deborah Ridges,New Brendaburgh,South Carolina,Burundi
7872,Malik,Barnett,olane@example.org,798 Peterson Mews,Port Roger,Wisconsin,Indonesia
7873,Trevor,Smith,brownnicole@example.net,383 Fox Bridge,Anthonyton,Pennsylvania,Uzbekistan
7874,Timothy,Ramos,mcknightcharles@example.org,20736 Robert Prairie,New Jessica,Alaska,Bhutan
7875,James,Chen,deckerbrandon@example.net,400 Bradley Brook,West Thomas,West Virginia,Mali
7876,Sara,Rios,garciamisty@example.org,731 Boyer Islands Apt. 168,Lake Karen,Colorado,Slovakia (Slovak Republic)
7877,Alyssa,Robertson,jon69@example.com,2919 Cook Cliff,West Leahstad,Alabama,Mauritius
7878,Michael,Torres,lmassey@example.com,60986 Brown Spring,Stewartland,Tennessee,Bhutan
7879,Steven,Mitchell,julianlynn@example.org,6161 Valdez Manor,East Ericstad,Maryland,Marshall Islands
7880,Anthony,Oconnor,juan24@example.com,8925 Wallace Square,Walkerland,New York,Australia
7881,Tiffany,Delgado,john89@example.com,001 Karen Tunnel,Michelleshire,New Hampshire,Japan
7882,Nathan,Owens,caindonna@example.org,838 Williamson Lodge,Youngside,Florida,Uzbekistan
7883,Sherry,Taylor,raymond51@example.net,2100 Myers Inlet,Velasquezland,Utah,Tajikistan
7884,Vanessa,Wilson,masonkrystal@example.com,09241 Proctor Wall,Edwardstown,Maine,Egypt
7885,Robert,Howard,mvaldez@example.com,2470 Yates Street Apt. 492,Meganburgh,Alaska,Micronesia
7886,Patricia,Roberts,dadams@example.com,905 Hester Lane Apt. 393,New Jasonburgh,New York,Cocos (Keeling) Islands
7887,Elizabeth,Carpenter,nicholas67@example.org,1107 Jessica Terrace Apt. 476,Sarahmouth,Ohio,Norway
7888,Natalie,Duncan,jonathonowen@example.net,81447 Walters Ford Apt. 670,New Andrewtown,Wyoming,Western Sahara
7889,Pamela,Baker,christinecruz@example.net,4111 Hooper Road,Alexanderfort,Kentucky,Dominican Republic
7890,Shirley,Carrillo,brandonaguirre@example.org,64168 Joseph Tunnel Suite 674,Fieldston,Missouri,Belgium
7891,Kyle,Gonzales,marilynstewart@example.com,190 Walker Bridge Apt. 000,Frankfort,New Hampshire,Netherlands Antilles
7892,Jacqueline,Larsen,xwilliams@example.net,9575 Lisa Lake,North Craigchester,Oregon,Faroe Islands
7893,Brian,Brown,brandonwilliams@example.net,0481 Sergio Ports,Ashleyville,New York,Iceland
7894,Anthony,May,flewis@example.com,824 Allen Camp,Port Cynthia,Louisiana,Saint Pierre and Miquelon
7895,Cynthia,Sims,oreyes@example.org,228 Johnson Fords,Davisfort,Maryland,Bhutan
7896,Autumn,Glenn,sfields@example.net,7251 Baxter Drives Apt. 924,North Lindsey,Alabama,Brunei Darussalam
7897,Peter,Mccullough,danielrobinson@example.org,949 Jennifer Via,East Jessica,California,Albania
7898,James,Jimenez,gordon99@example.com,462 Cathy Lodge,Port Angelaberg,California,Georgia
7899,Jennifer,Martin,terri02@example.com,44361 Boyd Loaf,Powersmouth,Virginia,Vanuatu
7900,Jerry,Marquez,allengary@example.net,45046 Miller Cape Suite 619,Kellychester,Montana,Isle of Man
7901,John,Carter,yschaefer@example.net,6193 Jay Field,East Kelsey,Utah,Heard Island and McDonald Islands
7902,Thomas,Parsons,freynolds@example.net,5203 John Island,Samanthaburgh,Kentucky,Niger
7903,Stacey,Cunningham,lopezkim@example.com,4122 Luna Hills Suite 863,Edwardsport,West Virginia,Botswana
7904,Tonya,Mcguire,heather22@example.com,44578 Clements Track Apt. 323,Lawsonstad,Idaho,Kazakhstan
7905,Sarah,Winters,nsmith@example.com,4241 Nichols Mount Suite 053,South Jenniferbury,Missouri,Myanmar
7906,Dana,Wolfe,morsejeffrey@example.net,9708 Johns Circle,Lake Laurenshire,Mississippi,Malta
7907,Deborah,Schneider,obrewer@example.com,52563 Obrien Lane Apt. 619,Laurenfort,Hawaii,Cape Verde
7908,Bryan,Nelson,crossclarence@example.org,7020 Martin Causeway Suite 996,Parksbury,Delaware,British Virgin Islands
7909,Connor,Davis,angelaherrera@example.net,4479 Dylan Square Apt. 613,Jessicaland,Kansas,Tokelau
7910,Michael,Terrell,christinaosborne@example.net,991 Macdonald View,West Michael,Michigan,Somalia
7911,Julie,Estrada,jenningsjennifer@example.net,5909 Michael Lodge Apt. 965,Melanieview,Hawaii,Cuba
7912,Alexandra,Estrada,lori79@example.org,8850 Rodriguez Crossing,West Jeff,New York,Canada
7913,Bethany,Fernandez,collinwalls@example.com,1821 Zachary Shore,Johnsonburgh,Florida,Nauru
7914,Luke,Goodman,jramos@example.com,9917 Lewis Well,Port Suzanne,Louisiana,Bosnia and Herzegovina
7915,Melissa,Duffy,nathanielthomas@example.org,854 James Valleys Apt. 674,Marksshire,Louisiana,Angola
7916,Maria,Thompson,cassandramartinez@example.com,7180 Gutierrez Estates Suite 471,East David,Alaska,Austria
7917,Allison,Thomas,taylorrich@example.net,846 Edwards Square Apt. 572,Jamesmouth,Utah,Australia
7918,Tammy,West,coreyramirez@example.net,647 Hernandez Roads Suite 008,Samanthaburgh,Maryland,Guam
7919,Donald,Gonzales,jilliankemp@example.net,096 Renee Glens,Yoderchester,Washington,Iraq
7920,Sarah,Medina,samantha59@example.net,29819 Orr Crescent Suite 511,Dianafort,California,Serbia
7921,Douglas,Hamilton,cindy33@example.net,376 Karen Ports,Shelbyburgh,Indiana,Portugal
7922,Lucas,Washington,anthony86@example.net,049 Kevin Views,Tiffanymouth,Maine,Australia
7923,Christina,Ferrell,christopher11@example.org,93900 Price Isle Suite 850,East Edwardchester,West Virginia,Indonesia
7924,Courtney,Carter,kathryn58@example.org,9908 Scott Port,Espinozaport,Pennsylvania,Nauru
7925,Haley,Morris,johnsonshirley@example.com,6565 Ellis Crossroad Apt. 364,Lake Denise,South Carolina,Belize
7926,Olivia,Patterson,danieljensen@example.org,93485 Anderson Streets,Rogersview,Alabama,Argentina
7927,Julia,Flores,matthew79@example.org,1970 Green Port,Mccormickville,Rhode Island,Tuvalu
7928,Jennifer,Gonzales,thomasnguyen@example.org,5421 Foster Drive,Diazbury,Illinois,Singapore
7929,Stephanie,Freeman,crystalsmith@example.net,5415 Allen Squares,Port Ebony,Virginia,Kenya
7930,Rachel,Carroll,sharon63@example.net,296 Gregory Falls Apt. 421,Wangmouth,Utah,Botswana
7931,Eric,Ramirez,adamanderson@example.org,49031 Charles Square Suite 878,Port Kelly,Alaska,Iran
7932,Darrell,Norman,alexander92@example.org,9538 Davis Greens,Shermantown,Georgia,Swaziland
7933,Victoria,Perry,courtney81@example.net,9462 Smith Heights Apt. 692,Martinezhaven,Iowa,Palestinian Territory
7934,Edwin,Williams,karen50@example.net,19424 Haynes Mill,Rhodesstad,Delaware,Spain
7935,Peter,Evans,pruittjulia@example.net,2122 Brown Vista,Christopherville,Montana,Korea
7936,Sabrina,Burgess,saradavis@example.com,0886 Cabrera Corner Apt. 702,North Justinstad,Montana,Jordan
7937,Steven,Warner,ajackson@example.net,34871 Johnson Cape Apt. 813,Stonetown,West Virginia,Montserrat
7938,Gina,Smith,wesleyfletcher@example.com,3154 John Shore,Salinastown,New Hampshire,Nauru
7939,Larry,Gamble,sharonadams@example.org,3438 Daniel Vista Suite 290,Carlport,South Carolina,United States Virgin Islands
7940,Samuel,Henry,david05@example.org,8078 Wong Isle Apt. 920,Tammyville,Nevada,Cayman Islands
7941,Sandra,Page,juliasmith@example.net,11627 Maria Parkway,East Rose,Nebraska,Northern Mariana Islands
7942,Kathy,Sutton,brodgers@example.org,2912 Ronald Squares,Alvarezland,West Virginia,Nepal
7943,Brianna,Gray,bryan08@example.net,6179 Jacqueline Common,North Jessicafurt,Wisconsin,American Samoa
7944,Madison,Beck,carloslewis@example.org,9644 Martinez Land,East Peterland,Iowa,Italy
7945,Dan,Chang,tracygibson@example.com,2398 Robertson Fort,New Andrea,Nevada,Gibraltar
7946,Yolanda,Brewer,lisa06@example.net,89860 Carter Island Apt. 089,Matthewfort,New York,Greece
7947,Mike,Cook,kelleysamantha@example.net,9346 Sheila Track Apt. 746,Port Rebecca,Nebraska,Cote d'Ivoire
7948,Pamela,Schmidt,michele86@example.net,780 Brown Turnpike Apt. 211,Port Craig,Alaska,Saudi Arabia
7949,Tamara,Payne,johnsonjohn@example.org,20183 Clark Causeway,Emilymouth,Missouri,Saint Martin
7950,Edgar,Collins,erikmartin@example.net,4166 Jeffrey Port,South Nathanfurt,California,Faroe Islands
7951,Matthew,Nelson,robin21@example.net,9561 David Isle,Gardnerport,North Carolina,Ukraine
7952,Ashley,Rodriguez,jessicahall@example.com,374 Sullivan Isle,North Samuelhaven,Alaska,Ethiopia
7953,Savannah,Bentley,ccollins@example.net,6321 Copeland Throughway,Seanstad,Oregon,Gambia
7954,Eric,Smith,kristopheryoung@example.org,7947 Steven Village Apt. 885,Whitefurt,Kansas,Saint Barthelemy
7955,Susan,Williams,irichardson@example.com,200 Fox Mountains,Port Jamesbury,Georgia,French Southern Territories
7956,Lisa,Schmitt,michael26@example.com,778 Castro Lake,Millsshire,Massachusetts,Zambia
7957,Tiffany,Vaughan,heathersmith@example.net,049 Chang Summit,New Kathleenbury,Louisiana,Lebanon
7958,Juan,Blake,silvabradley@example.net,20162 Peter Plains Apt. 248,Russellburgh,Wisconsin,Costa Rica
7959,Jake,Byrd,anthony41@example.org,876 Sydney Rapids,Ericmouth,Indiana,Paraguay
7960,Ian,Duncan,zflores@example.com,8714 Suzanne Locks Suite 170,West Teresa,Massachusetts,Samoa
7961,Amber,Cook,quinnaudrey@example.org,6560 Patricia Center,Sandraborough,Montana,Nepal
7962,Amanda,Miller,jenniferedwards@example.com,8058 Miller Flats,Williamchester,Washington,Guatemala
7963,Lisa,Thompson,wmueller@example.com,18901 Simpson Ways,Rodriguezfurt,Maryland,Australia
7964,Erica,Walls,rossdavid@example.org,0153 Jessica Mountain,South Victoriastad,Ohio,Jersey
7965,Veronica,Harrell,qyoder@example.org,35598 Michael Falls Apt. 686,Lake Rebecca,New Hampshire,Isle of Man
7966,Timothy,Hampton,timothy46@example.net,41327 Jackson Ramp Suite 642,Joshuaburgh,Alaska,Angola
7967,Peter,White,crystallong@example.org,15935 Megan Forest Suite 910,Angelafort,Michigan,India
7968,Norman,Lopez,johnstonashley@example.com,132 Richard Divide Apt. 073,Port Amber,Missouri,Mauritius
7969,Gary,Farrell,brownsamantha@example.org,185 William Junctions,Josephmouth,Maryland,Rwanda
7970,Steve,Gutierrez,simmonskarla@example.com,5007 Tucker Landing Apt. 265,Christensenberg,California,Namibia
7971,Daniel,Perez,cynthia76@example.net,2397 Anthony Centers,Port Christopherside,Illinois,Cyprus
7972,Robert,Garner,gerald59@example.org,834 Amy Islands,Turnerburgh,Massachusetts,Oman
7973,Michael,Miller,danieldean@example.org,02863 Thomas Vista,South Scottview,Indiana,Sri Lanka
7974,Nathan,Holmes,ysparks@example.com,5033 Teresa Fields,Garciaberg,Utah,Antigua and Barbuda
7975,Christine,Oconnell,djohnson@example.com,237 Chelsea Inlet,North Nicholas,New Mexico,Tokelau
7976,Crystal,Ferguson,kelseyortega@example.org,1596 Ferrell Lodge,East Chrisview,Utah,Aruba
7977,Amanda,Palmer,wardannette@example.com,2464 Johnson Ways,East Stacyburgh,Vermont,Serbia
7978,Gina,Sampson,pricetyler@example.org,330 Denise Rapids Apt. 841,Elliottside,Georgia,United States Minor Outlying Islands
7979,Ian,Hayes,meghansimmons@example.com,979 Brown Street,Montesberg,Maine,Bouvet Island (Bouvetoya)
7980,Christina,Perez,colleen65@example.org,3763 Brian Springs Apt. 331,East Matthew,Missouri,Heard Island and McDonald Islands
7981,Nicole,Williams,ijones@example.com,9673 Matthew Motorway,Johntown,Connecticut,Austria
7982,Abigail,Hancock,markskaitlyn@example.org,253 Richard Forges Apt. 780,West Jamesview,Michigan,Seychelles
7983,Steven,Webb,nramirez@example.org,208 Joel Fields Suite 452,Earlville,North Dakota,Trinidad and Tobago
7984,Barbara,Salazar,jaredadkins@example.net,0391 Douglas Loaf,East Heather,Iowa,Niue
7985,Aaron,Burns,armstrongcarl@example.org,09269 Ramsey Stream Suite 290,Aliciabury,Arizona,Moldova
7986,Joseph,Mendez,elizabethshort@example.com,27564 Matthew Grove Suite 002,Lake Stanley,Illinois,Burundi
7987,Andrew,Bentley,william39@example.org,1026 Smith Hollow Suite 094,South Samuelbury,California,Namibia
7988,David,Perkins,michaeljackson@example.com,60481 Rogers Canyon,West Catherineport,Missouri,Palau
7989,Kelly,Allen,yalvarado@example.net,6612 Sheri Vista,Nicholsonberg,Colorado,Falkland Islands (Malvinas)
7990,Jamie,Allen,christopher13@example.com,6305 Bill Grove,New George,Minnesota,Gabon
7991,George,Shea,linda61@example.net,802 Michelle Summit Suite 078,Port Michaelborough,Louisiana,Yemen
7992,Tyler,Fox,jarias@example.net,60740 Amanda Forge Apt. 812,Matthewburgh,Montana,Slovakia (Slovak Republic)
7993,Justin,Davis,jenniferthompson@example.com,8946 Michelle Junctions,North Johnville,Idaho,French Polynesia
7994,Emily,Cruz,davidortiz@example.net,95776 Andrea Green,East Bradley,Maryland,Puerto Rico
7995,Thomas,Henry,rodneyedwards@example.org,23953 Nelson Land,Port Lisastad,Wyoming,Taiwan
7996,Samantha,Oconnell,daniellehernandez@example.org,01609 Roach Dale Suite 702,Williamsfurt,West Virginia,Reunion
7997,Heidi,Padilla,gilesalan@example.net,48603 Alicia Run,Lake Nicole,Georgia,Djibouti
7998,Rachael,Woods,tthompson@example.org,534 Christopher Mission Suite 161,Jeffreymouth,Arkansas,Gabon
7999,Tracey,Jones,ruizjeffrey@example.com,946 Russell Mountains,Elizabethfort,California,Italy
8000,Kimberly,Baldwin,wlee@example.net,0654 Brown Light Apt. 609,New Michelletown,Colorado,Macao
8001,Gregory,Wilson,michaela85@example.org,252 Tucker Knoll Suite 704,Woodschester,Delaware,Tanzania
8002,Andrew,Martin,jamesrodriguez@example.org,0182 Alan Port,New Ian,Iowa,Sao Tome and Principe
8003,Jacqueline,Velez,vanessaadams@example.net,3395 Mendez Parkway,Jackberg,New York,Bhutan
8004,Andrew,Anderson,april68@example.com,5076 Evans Wall Apt. 483,Villanuevaview,North Carolina,Tuvalu
8005,Amber,Lawson,kaylastein@example.net,9847 William Plaza,Carolynport,Arizona,Spain
8006,Ronald,Ortiz,stevensonkayla@example.net,24704 Anderson Spur,Dianaberg,Florida,Kuwait
8007,Joyce,Flores,richardsjames@example.net,977 Baker Tunnel,West Karenborough,New York,Mozambique
8008,Scott,Davis,laurenvalencia@example.net,5728 Andrew Viaduct Suite 853,Stephenland,West Virginia,Brazil
8009,Victoria,Holmes,ethan34@example.net,464 Reyes Bypass Apt. 314,Mayton,Montana,Pakistan
8010,Francisco,Johnson,ashleyroberson@example.org,75347 Alvarez Village Apt. 589,East Paulmouth,Pennsylvania,American Samoa
8011,Heather,Lucas,tlopez@example.net,798 Jones Wall,Phillipschester,Ohio,Nauru
8012,Robert,Kelley,pamela31@example.org,39872 Edwards Street Apt. 940,Steventown,Nebraska,Botswana
8013,Philip,Norris,lewisnicholas@example.org,572 Parker Road Suite 050,Johnfort,Ohio,Guam
8014,Kelly,Moore,pliu@example.org,249 Sanders Terrace,West Brandonstad,Idaho,Malta
8015,Jennifer,Scott,alamb@example.com,317 Savannah Lane,West Donnafort,Colorado,Antigua and Barbuda
8016,Brittany,Sanders,prusso@example.net,2738 Nicholas Mountain Suite 689,Tommyton,Montana,Tonga
8017,Megan,Yang,amyturner@example.org,29175 Thomas Road Suite 604,Patrickstad,Colorado,Montenegro
8018,Robert,Kelly,romeromegan@example.com,9792 Molly Knolls Apt. 632,Dylantown,Arizona,Egypt
8019,Nicholas,Salazar,npaul@example.org,490 Frost Mill,Curtisstad,Louisiana,Anguilla
8020,Robert,Rodriguez,dickersonjoseph@example.org,1897 Lawson Street,Jacksonton,Oregon,Antarctica (the territory South of 60 deg S)
8021,Christopher,Morales,fhenderson@example.org,1450 Clark Lodge Suite 260,North Timothy,Utah,Austria
8022,Kayla,Carter,xmullen@example.org,86334 Sheppard Wall Suite 532,Angelachester,Tennessee,Benin
8023,James,Weaver,maloneerin@example.net,19175 Kimberly Pike,East Manuel,Connecticut,Netherlands
8024,Tiffany,Carr,loretta38@example.org,464 Munoz Trace Suite 734,West Jeanette,Utah,Papua New Guinea
8025,Caleb,Johnson,ramirezcrystal@example.com,19254 Solis Harbors,North Tanya,Virginia,Syrian Arab Republic
8026,Ian,Rivera,david63@example.org,15446 Paul Hills,Mooreton,Michigan,Lao People's Democratic Republic
8027,Kevin,Ramirez,priscilla21@example.net,27583 Collier Overpass,North Scottside,Maryland,Eritrea
8028,James,Jackson,bhuynh@example.net,4246 Nichols Corners,Dawsontown,Maryland,United States Minor Outlying Islands
8029,Shane,Rogers,haynesnicholas@example.org,79320 Linda Throughway,East Jessica,Florida,Bolivia
8030,Christopher,Moss,ocox@example.org,3089 Steven Plain,Kennethmouth,Nevada,United Kingdom
8031,Mindy,Christian,walkererica@example.com,6293 Stephens Fall,Brownville,Ohio,Mayotte
8032,Yvonne,Ballard,devinhayden@example.com,618 Brandon Prairie Apt. 849,North Adam,Texas,Bahamas
8033,Michael,Owens,vreed@example.org,22917 Johnston Locks Apt. 804,Richardland,Nevada,Costa Rica
8034,Ashley,Robbins,davidmitchell@example.net,7711 Jesus Harbors Suite 049,Gonzalezland,Arizona,Colombia
8035,Ashley,Rasmussen,coxemily@example.org,395 Dunn Springs,Antoniomouth,Alaska,Tuvalu
8036,Amanda,Mason,burtonalexandra@example.net,0074 Tony Terrace,East Amanda,Vermont,Paraguay
8037,Veronica,Knox,william04@example.org,595 Carpenter Locks,North Cindyborough,Connecticut,Japan
8038,Adrian,Mercado,kristina17@example.org,247 Stephanie Orchard Apt. 215,South Benjamin,Nevada,Equatorial Guinea
8039,Ashley,Howell,laura04@example.org,4989 Andrea Falls,Michaelchester,Maine,Kyrgyz Republic
8040,Lori,Chapman,xnorris@example.net,09676 Steven Avenue,New Robertland,Michigan,Spain
8041,Leslie,Burgess,meyerstimothy@example.net,608 Samantha Brook,Jennifertown,Arizona,Tokelau
8042,Anthony,Davis,kimchristopher@example.com,666 Fox Spurs Suite 845,Gabriellefort,North Dakota,Christmas Island
8043,Katherine,Gallegos,debradavis@example.net,89319 Lara Drive,Jenniferburgh,Georgia,Saint Barthelemy
8044,Barbara,Anthony,christopherdickerson@example.com,449 Molina Burgs,West Austinfort,Delaware,Philippines
8045,Peter,Davis,ginanelson@example.org,972 Calvin Pike Apt. 774,Robinsonbury,Texas,American Samoa
8046,Mary,Rodriguez,sdavis@example.org,93708 Jones Circle,West Tonyaville,Delaware,Gibraltar
8047,Angie,Robinson,ccampbell@example.net,579 Perez Summit Apt. 554,Mistyton,New Hampshire,Luxembourg
8048,Bradley,Thomas,cruzhector@example.com,76887 Aaron Fords,New Elizabethchester,Massachusetts,Canada
8049,James,Larson,alexis49@example.org,42986 Wright Shoals,Lake Kelsey,Pennsylvania,Poland
8050,Brian,Mcdonald,eyang@example.com,283 Jason Lane,Stephanieburgh,South Carolina,Mauritania
8051,Jill,Clark,lonnie36@example.net,4672 Timothy Via Suite 418,West Jason,Maine,United States Virgin Islands
8052,Jennifer,Young,bcollins@example.net,0502 Robert Street Apt. 081,North Ian,Alaska,Peru
8053,Kevin,Scott,hcolon@example.com,49113 Garner Union Apt. 316,West Kevinberg,South Dakota,Colombia
8054,Kenneth,Robles,johnsonashley@example.org,977 Beth Bridge,Smithshire,Minnesota,Belgium
8055,Nicholas,Harrington,jermainemay@example.com,483 Bailey Ridges Apt. 511,East Michelle,North Dakota,Armenia
8056,Lauren,Cunningham,valdezsarah@example.org,1630 Bullock Route Apt. 073,North Michaelville,Kansas,Croatia
8057,Susan,Thomas,chadcantu@example.org,34044 Juan Summit Suite 534,Josephside,Mississippi,Japan
8058,Carol,Mason,alexisward@example.net,49043 Hall Ramp,East Julian,New Hampshire,Kuwait
8059,Lawrence,Bowen,lholt@example.com,8835 Karina Alley Suite 909,Burgesston,Indiana,Mauritania
8060,Donald,Patrick,ysmith@example.net,881 Black Union Apt. 615,Walkerfort,California,Trinidad and Tobago
8061,Jose,Snyder,ylopez@example.net,55728 Katie Greens Suite 101,South Heiditon,Missouri,British Virgin Islands
8062,Erica,Sellers,kathryn07@example.net,44030 Brian Drive Suite 162,Smithstad,New Hampshire,Thailand
8063,Natasha,Roberts,xramirez@example.org,27803 Michael Lock Suite 426,Fullerburgh,New Jersey,Central African Republic
8064,Tonya,Wiggins,samuelowens@example.com,80173 Hunter Spring Suite 461,Port Carlos,New York,Sri Lanka
8065,Jason,Hammond,larsonwanda@example.com,37127 Mason Cove,Yolandabury,South Carolina,Iran
8066,Nicole,Morton,egraham@example.org,90740 Tonya Springs,Lake Stephen,Mississippi,Saint Barthelemy
8067,Vicki,Cooper,graceyoung@example.org,665 Larson Springs,Vanessatown,New York,Zimbabwe
8068,Leah,Kline,shanejackson@example.org,16581 Camacho Branch,East James,Idaho,Paraguay
8069,Zachary,Lewis,kimberly79@example.org,324 Pope Rest,Whiteton,Colorado,Ghana
8070,Tiffany,Johnson,duaneenglish@example.com,12497 John Mountains Apt. 639,South Angela,New York,Pitcairn Islands
8071,Matthew,Tucker,torresjoe@example.org,85842 Justin Rue,Lake Cherylshire,South Carolina,Cook Islands
8072,Karen,Bennett,palmerkathryn@example.org,1753 Nicole Haven Suite 061,North Mark,Illinois,Bosnia and Herzegovina
8073,Sabrina,Davis,christopherlewis@example.net,300 Jessica Shores,Port Michelle,Oklahoma,Equatorial Guinea
8074,Anna,Hart,matthewsamy@example.net,49117 Anderson Dale,New Carlmouth,North Dakota,Congo
8075,Melanie,Manning,reneedennis@example.org,49855 Justin Oval Suite 347,Michaelfort,Arizona,Sierra Leone
8076,William,Vincent,youngrebecca@example.net,2058 Paul Extensions Apt. 455,Allenville,Alabama,Greenland
8077,Brian,Steele,nichole30@example.net,817 Kimberly Grove Suite 100,West Josephland,Wisconsin,Lithuania
8078,Maurice,Tucker,dmckinney@example.com,164 Sutton Islands,Bradleymouth,Idaho,Brazil
8079,Daniel,Chang,dickersonmarcus@example.com,6515 Taylor Grove,Elizabethchester,Iowa,French Guiana
8080,Brian,Gordon,tammyarellano@example.net,7778 Scott Ridge Apt. 219,Zhangville,Oklahoma,Tajikistan
8081,Nathan,Wallace,alyssa50@example.net,1372 Washington Forest Suite 008,Port Jeffery,North Dakota,Singapore
8082,Andrew,Scott,maciaskeith@example.net,2639 Brian Lodge Apt. 326,Matthewland,North Carolina,Belarus
8083,Elizabeth,Stein,dawnparrish@example.net,4666 Scott Neck Suite 344,Lake Michaelland,Ohio,Saint Helena
8084,Jennifer,Moore,robinsonmichelle@example.org,44843 Barnes Overpass Apt. 993,Walkermouth,Delaware,Angola
8085,James,Bailey,eugenecooper@example.org,8815 Brady Road,Harrellborough,Kansas,Montserrat
8086,Daniel,Long,clarkamanda@example.com,92924 Kent Fall Apt. 395,North Destiny,North Dakota,Saudi Arabia
8087,Steven,Brown,michaelwilliams@example.net,709 Meyers Square Suite 594,Rebeccaland,Arkansas,British Virgin Islands
8088,Ricardo,Davis,ocampbell@example.com,5606 Acosta Parks,West Johnathan,Pennsylvania,Martinique
8089,Phillip,Rollins,rachelrobbins@example.com,2993 Dudley Underpass Suite 689,East Jamesberg,Colorado,Liechtenstein
8090,Evelyn,Willis,crystalwilkins@example.com,3898 Michael Harbor,Robertshire,Idaho,Guinea
8091,Brian,Kennedy,chelseacole@example.org,484 Gomez View,Lake Patricktown,Massachusetts,Bouvet Island (Bouvetoya)
8092,Robert,Bailey,ogarcia@example.net,0864 Elizabeth Grove,Courtneychester,North Carolina,Palau
8093,Justin,Johnson,garybeck@example.net,117 Shawn Branch,South Jamesmouth,West Virginia,New Caledonia
8094,Isaiah,Rodgers,nelsonannette@example.net,311 Bishop Fords Suite 750,New Cindy,South Dakota,Turks and Caicos Islands
8095,Susan,Dillon,jeffreyfrazier@example.com,3244 Brown Spurs,South Ryan,Nebraska,Netherlands
8096,Spencer,Rogers,frankmitchell@example.net,325 Robinson Views,Ashleytown,Delaware,Guyana
8097,Stephen,Pratt,wilkinsshannon@example.org,8826 Hinton Fork,Rebeccaburgh,Hawaii,China
8098,Shannon,Velazquez,jessicarodriguez@example.com,879 Grant Street Apt. 423,Lake Jeanne,Oklahoma,Georgia
8099,Miranda,Hunter,ssanchez@example.org,26047 Joshua Pine,South Rhonda,North Dakota,Somalia
8100,Michael,Campbell,robert89@example.org,5910 Joe Street Suite 660,West Richardton,Idaho,Reunion
8101,Linda,Davis,stevenalvarez@example.com,2273 Elizabeth Fort Suite 650,New Sarahfort,Montana,Ireland
8102,Jill,Wallace,floydgregory@example.com,933 Buchanan Points Suite 325,Cohenton,Minnesota,Montserrat
8103,John,Mcguire,alyssapatterson@example.com,8161 Nicole Stream Apt. 721,New Ashleyhaven,Wyoming,Congo
8104,Katie,Nichols,bryanmoreno@example.com,48766 Amanda Turnpike,East Bryanchester,Rhode Island,Kiribati
8105,Cassandra,Clark,iholland@example.org,884 Margaret Isle Suite 546,Lake Samantha,Montana,Kyrgyz Republic
8106,Jesse,Hall,williamsbrittany@example.net,9689 Watts Isle,Thomasborough,North Dakota,Cocos (Keeling) Islands
8107,Ernest,Crawford,rodney78@example.com,9246 Miller Plains,Port Angela,West Virginia,Iran
8108,Jacqueline,Harvey,craigsarah@example.net,7586 Kim Curve,West Catherinefurt,Louisiana,Palau
8109,Shirley,Owens,shannonwang@example.net,5486 Aguilar Pass Apt. 719,Morrismouth,Massachusetts,Oman
8110,Allen,Benson,charles12@example.net,34739 Kennedy Meadows Apt. 684,Lake Mariomouth,North Carolina,Antigua and Barbuda
8111,Alexander,Contreras,wgutierrez@example.net,17824 Tracy Inlet,New Jeremiah,Nevada,Djibouti
8112,Barbara,Hall,raymondespinoza@example.net,1750 Mary Lodge Suite 624,New Samuel,North Dakota,Mauritius
8113,Elizabeth,Roberts,ricky94@example.net,83754 David Street,South Julie,Florida,Dominican Republic
8114,Stacy,Love,rsoto@example.net,577 Robertson Ports,Dustinside,South Dakota,Bhutan
8115,Samantha,Vega,william11@example.net,2349 Perez Pass Suite 639,New Jasonville,Colorado,Hungary
8116,Clinton,Ortiz,iespinoza@example.net,1907 Michael Village,North Shanebury,Washington,Turkmenistan
8117,Joseph,Alvarez,nicholas84@example.org,94307 Paul Roads Apt. 315,Hineschester,Illinois,Luxembourg
8118,Jennifer,Mills,katherinebryant@example.net,4648 Hannah Hollow Apt. 535,East Christianport,Alabama,French Southern Territories
8119,Melissa,Davidson,mlee@example.org,072 Todd Mission Suite 146,New Joshuaville,North Dakota,Cyprus
8120,Cindy,Christensen,greg77@example.com,55605 Garner Throughway Suite 825,Gravesmouth,Maryland,Argentina
8121,Pamela,Jones,tfreeman@example.net,4074 Austin Ways Apt. 874,West Philip,Florida,Honduras
8122,Melissa,Johnston,carlaburke@example.org,3026 Ayala Rest,North Michael,Pennsylvania,United Arab Emirates
8123,Timothy,Jordan,andersonallison@example.com,23755 Lewis Underpass Apt. 319,Port Heatherfurt,South Dakota,China
8124,Melinda,Navarro,craigflores@example.net,7129 Jeremy Gateway Apt. 913,Lake Briantown,North Dakota,Ecuador
8125,Reginald,Burton,jenniferbrown@example.net,3482 Lori Hills,Fernandezfort,Montana,United Arab Emirates
8126,Timothy,Hall,tim56@example.net,525 Juan Coves,East Susanville,Massachusetts,Estonia
8127,Samantha,Walker,jeff69@example.org,55696 Michelle View,Lake Tylerview,Georgia,Slovenia
8128,Mary,Moreno,laura83@example.net,1212 Sarah Lane,East Samuel,Vermont,Luxembourg
8129,Ashley,West,geraldsellers@example.org,4099 Martin Cliffs Suite 236,Hurstview,New Hampshire,Palau
8130,Ruben,Beck,michaelaguilar@example.net,70279 Christina Turnpike,West Carolyn,Michigan,Ecuador
8131,Tiffany,Clark,denisekane@example.org,667 Brennan Ridges Apt. 758,Grossbury,Virginia,Congo
8132,Dawn,Lawrence,natalieparker@example.net,411 Lewis Islands Suite 827,Cynthiaberg,Texas,Swaziland
8133,Jillian,Tyler,richmondjason@example.org,8739 Matthew Stravenue,Garyfort,California,Netherlands
8134,Denise,Ellis,randy32@example.com,287 Kelly Heights,North Christian,Connecticut,Switzerland
8135,Bruce,Brown,paul27@example.org,1375 Richardson Fort,Howellchester,Oregon,Chad
8136,Roy,Perry,brittanymoore@example.com,6219 Murphy Forest,Martinton,Oregon,Tunisia
8137,Stephanie,Wilkerson,xgordon@example.com,83385 Stephen Island,Buckleyport,Georgia,Qatar
8138,Chris,Buck,stephensjoshua@example.net,6491 Kelly Cliffs,Kellymouth,Michigan,Vanuatu
8139,Kelli,Hale,lorettadixon@example.com,2259 Daniel Wall Apt. 982,Matthewton,Arizona,Hong Kong
8140,Samuel,Weaver,kristine89@example.net,605 Walker Mount,Davidmouth,Washington,Dominican Republic
8141,Natalie,Nicholson,chad28@example.net,35151 Christine Ford,West Stephanieside,Nebraska,French Guiana
8142,David,Ward,robertsoscar@example.com,6118 Beasley Locks,Alexanderburgh,South Dakota,Vietnam
8143,Steven,Potts,taylorcampbell@example.net,29602 Cooper Points,West Dennis,Utah,Togo
8144,Mario,Cook,riley14@example.com,2382 Robert Hollow,Torresport,Colorado,Bahrain
8145,Tamara,Williams,maxwellmartinez@example.com,634 Nelson Loaf,Colemanville,Nebraska,Ireland
8146,Elizabeth,Powell,andrewsalazar@example.org,2008 Jessica Pike Suite 701,East Tracy,Mississippi,Azerbaijan
8147,Timothy,Cox,joshuakim@example.net,9785 Munoz Drive,North Ginaland,Massachusetts,French Polynesia
8148,Christina,Jenkins,zhall@example.net,408 Mckenzie Views,Williamside,Hawaii,Guinea
8149,Jessica,Davis,nicholas65@example.net,05564 Kelley Forks,Susanview,Kentucky,Albania
8150,Julia,Ryan,shieldslaurie@example.com,4577 David Crescent,South Lisaview,Massachusetts,Monaco
8151,Michael,Keller,kent50@example.com,269 Dean Summit Apt. 754,Ashleytown,Pennsylvania,Turks and Caicos Islands
8152,Jon,West,richardsandoval@example.org,211 Jonathan Shoals,Barnesberg,New Hampshire,Ukraine
8153,Tonya,Pratt,christopher82@example.net,77310 John Forges Suite 141,Port Ericahaven,Washington,Tanzania
8154,Blake,Rice,adavis@example.org,9590 Nguyen Roads,Joshuaport,California,Seychelles
8155,Cassie,Austin,cathy45@example.net,744 Jessica Gateway,Davidfurt,Kentucky,Eritrea
8156,Corey,Montes,alexisanderson@example.com,99372 Campos Ramp Suite 177,New Kevinview,Pennsylvania,Mauritania
8157,Robert,Zavala,respinoza@example.org,052 Brooke Pike Suite 286,Stevenstad,South Carolina,Panama
8158,Ryan,Daniels,xgolden@example.com,80679 Villanueva Fords,North Brandon,Washington,Gibraltar
8159,Amber,Keller,emily79@example.com,56142 Bradley Route Suite 841,West Michaelborough,New York,Panama
8160,Andrew,Brown,william06@example.com,6912 Deborah Fall Suite 934,New Frankville,South Dakota,Qatar
8161,Angela,Barry,gregoryholt@example.org,47270 Macias Manor,West Jamesfort,New York,United States Virgin Islands
8162,Christopher,Montgomery,vthompson@example.org,559 Jordan Flat,Morenoshire,Utah,Japan
8163,Robert,Gentry,marksbeth@example.net,1482 Stevens Mills Apt. 103,Jonathanview,West Virginia,New Zealand
8164,Christopher,Smith,brettmahoney@example.com,2836 Pierce Rapid Apt. 568,East Jimmyton,North Dakota,Panama
8165,Jerry,Allen,anneclark@example.org,8877 Joseph Street Apt. 205,Williamsland,South Carolina,Bahamas
8166,Christy,White,stewartaaron@example.org,6939 Michael Land,Michellemouth,Wisconsin,Venezuela
8167,John,Wells,dsmith@example.com,425 Williamson Trail Apt. 239,Port Rogerstad,Michigan,Hungary
8168,Nicholas,Gordon,fdyer@example.net,758 Walton Estate Apt. 101,Smithstad,Maryland,Montserrat
8169,Michaela,Smith,marc27@example.com,219 William Drives,Kellyhaven,Illinois,Niger
8170,Nicolas,Horn,david55@example.org,2805 Bradley Walk Apt. 820,Meltonburgh,Washington,Burundi
8171,Michele,Jones,davidglass@example.org,509 Brooks Summit,North Dariushaven,Missouri,Guernsey
8172,Adam,Gordon,sgraham@example.net,619 Ryan Isle Apt. 631,Ronaldstad,Illinois,Timor-Leste
8173,Christina,Kennedy,luisroberts@example.net,31795 Hughes Walks,Dayland,Montana,Rwanda
8174,Mark,Bowen,ostevens@example.org,819 Woodard Ford,Debraport,Illinois,Botswana
8175,Jean,Ortega,jamie14@example.org,088 Roger Cape,New Jillmouth,Georgia,Honduras
8176,Wesley,Valencia,mcneilkatherine@example.com,8914 Rollins Village,Courtneyhaven,Utah,Niger
8177,Jennifer,Bush,juan00@example.com,55111 Kristie Brook,Coltonmouth,Oklahoma,Angola
8178,Cheryl,Taylor,karenhardy@example.com,4266 Donna Throughway Apt. 604,Seanhaven,New Mexico,Algeria
8179,Cheryl,Price,sgallagher@example.com,431 Tracy Vista Apt. 215,Lake Kevinhaven,New Hampshire,Mexico
8180,Andrea,Carrillo,ifarley@example.org,550 Daniel Mount Suite 192,New Toddmouth,Virginia,Dominican Republic
8181,Bernard,Perez,ihamilton@example.net,4168 Blackwell Falls,East Rodney,West Virginia,Tokelau
8182,Stacy,Hodge,michael48@example.net,31253 Padilla Lane,Lake Amanda,Virginia,Guam
8183,Jason,Mendoza,sarahmendez@example.net,210 Jerry Brook Apt. 865,New Hollychester,Michigan,Christmas Island
8184,Cody,Davis,elizabethanderson@example.org,3152 Alexandra Crest Suite 954,North Desireemouth,Maine,Pakistan
8185,Kimberly,Wilson,xharrell@example.org,73259 Jeffrey Trail Apt. 039,Angelicaborough,Nebraska,Antigua and Barbuda
8186,Daniel,Morrow,thomashunter@example.net,3610 Bell Fields,Maryville,Texas,Fiji
8187,Donald,Gray,anthony57@example.org,362 Harris Lock,South Savannahbury,Oklahoma,Bhutan
8188,Stephanie,Mccoy,orrhoward@example.net,6096 Gerald Skyway Suite 787,Russellport,Hawaii,Mexico
8189,Sarah,Cisneros,alexandercarter@example.com,1391 Alex Gateway,Danaport,Oklahoma,Heard Island and McDonald Islands
8190,Jennifer,Morris,claudia57@example.com,7849 Sherry Wells Suite 320,Maryfurt,Hawaii,Tanzania
8191,Anita,Green,david41@example.net,0450 Michael Lakes Suite 081,North Tina,Nevada,Lesotho
8192,Sarah,Thomas,thomas86@example.org,2438 Moran Route Suite 484,Johnsonland,Kansas,Mongolia
8193,Sandra,Montgomery,marcus64@example.net,09260 Robert Grove,Hodgemouth,Hawaii,French Guiana
8194,Christian,Schmidt,billy51@example.net,5409 Lori Ways Suite 248,Sallyfurt,Maine,Congo
8195,Christopher,Rush,rebecca64@example.net,8787 Scott Drive Apt. 513,Lake Joseph,South Carolina,Guadeloupe
8196,Joseph,Harris,toddmarquez@example.com,063 Stewart Estates,Robertside,Florida,Western Sahara
8197,Joseph,Ryan,christopherpowers@example.com,39937 Sabrina Square,Cindyton,Maine,Ecuador
8198,Michelle,Johnson,david06@example.org,4697 Gordon Trail,New William,Mississippi,Burkina Faso
8199,Kathleen,Anderson,christinawright@example.com,170 Darrell Underpass,Bradshire,Maine,Iran
8200,Eric,Murray,wking@example.com,9270 Andrade Points,Elizabethfort,Maryland,Guinea
8201,Tanya,Brennan,samuelcox@example.com,38146 Edward Roads Apt. 469,Willisborough,Vermont,Senegal
8202,Joseph,Beard,vharvey@example.net,22760 Russell Ways,Port Ashley,Louisiana,Slovenia
8203,Jeffrey,Simpson,thomas61@example.com,6712 Michael Ways,Annaport,Arkansas,Togo
8204,Benjamin,Rivera,benderbrenda@example.com,9003 Harvey Road,Aguilarshire,Indiana,Mexico
8205,Rebecca,Wood,jason98@example.com,07643 Taylor Ports Apt. 582,Fuentesshire,Florida,Tunisia
8206,Tony,Campbell,kryan@example.net,9959 Omar Square,Brianburgh,North Carolina,Saint Helena
8207,Tina,Adams,sherry89@example.net,8488 Horton Lakes Suite 522,East Shelby,West Virginia,Micronesia
8208,Kimberly,Christensen,xnguyen@example.com,12599 Kimberly Loaf,Currybury,Georgia,Tonga
8209,Jared,Brown,johnsonsean@example.net,9886 Lisa Knolls,West David,Massachusetts,Bahrain
8210,Nicole,Flores,phale@example.net,143 Anderson Courts,West Davidmouth,Vermont,Zambia
8211,Kim,Chen,lopeztracie@example.com,67918 Suzanne Prairie,East Josephshire,Alaska,Turkey
8212,James,Shaw,iriley@example.net,8966 Freeman Stream Apt. 940,Dianahaven,Hawaii,Mayotte
8213,Barbara,Berg,dcampbell@example.net,030 Moreno Green,Erintown,New York,San Marino
8214,April,Knox,sstone@example.com,653 Hughes Lodge Apt. 691,South Nathanhaven,Oklahoma,Greece
8215,Ralph,Lawrence,andrewdavenport@example.org,10939 Hancock Dale,Harrismouth,New Jersey,Jersey
8216,Carly,Smith,moralesmarisa@example.com,81904 Thomas Hill,Jesusmouth,Indiana,Spain
8217,Kristin,Williams,madison73@example.org,502 Diane Ridge Suite 090,Glovermouth,Pennsylvania,Brunei Darussalam
8218,Ashley,Kim,wbass@example.net,8192 Wright Loop,Port Patricia,Indiana,Sierra Leone
8219,Alexander,Lewis,brandongibson@example.net,21368 Rodriguez Hill Suite 710,Lake Julie,Wisconsin,Chad
8220,Stephanie,Pena,victor47@example.net,1870 Smith Green,Lake Jamesshire,North Dakota,Belize
8221,Amy,Ali,dillonmarsh@example.com,829 Todd Village Suite 559,Tracifort,Arizona,Switzerland
8222,Tammy,Wright,kimberlyjones@example.org,375 Kenneth Fort,Lake Scott,Colorado,Honduras
8223,Dawn,Kim,desireecampos@example.net,38458 Lisa Turnpike,Mariaview,Arizona,Chile
8224,Stephanie,Hunter,kelly70@example.org,703 Black Street Suite 989,Port Michael,Florida,Congo
8225,Jill,Le,gayers@example.com,26355 Patrick Road Apt. 748,New Heather,Mississippi,Greece
8226,Kelli,Peterson,meganbell@example.org,04929 Tricia Pike,Lake Janet,Tennessee,Monaco
8227,Mark,Burch,qbanks@example.net,1878 Jones Light,Madisonton,South Carolina,Honduras
8228,Tyler,Campbell,vwells@example.net,9729 Ramos Ford,Collinsfort,Virginia,Tokelau
8229,Victor,Johnson,joshuapratt@example.com,8930 Townsend Glen,Owenfort,Virginia,Canada
8230,Sean,Harding,bartonronald@example.com,50133 Todd Circles,Georgeport,Wisconsin,Congo
8231,Justin,Edwards,jennifer12@example.org,329 Laura Lodge Apt. 059,Lake Johnberg,Connecticut,Kyrgyz Republic
8232,Robert,Williams,nfuentes@example.com,770 Eileen Locks,Carolmouth,New Hampshire,British Virgin Islands
8233,Stephen,Hudson,loriolsen@example.net,104 Victoria Harbors Suite 381,Jonathanfurt,New Hampshire,Spain
8234,Christy,Jenkins,iweaver@example.org,845 Marcia Track,Petersonton,Pennsylvania,Venezuela
8235,Marvin,Travis,emiller@example.org,19472 Christine Track,West Kristin,North Carolina,Guadeloupe
8236,Charles,Lopez,hollandmatthew@example.net,3677 Cannon Lodge Suite 415,Gonzalezborough,Iowa,Equatorial Guinea
8237,William,Robinson,harpershannon@example.com,327 Rice Passage,Alexanderbury,Vermont,El Salvador
8238,Shane,Jackson,gary97@example.com,968 Martinez Loaf,South Amber,Indiana,South Africa
8239,Jeffrey,Griffith,jennifer71@example.org,41298 Michelle Meadow Apt. 058,Davidchester,Wyoming,Solomon Islands
8240,Lee,Ross,angiewalters@example.net,23607 Mann Curve,New Tiffanyport,Maine,Dominican Republic
8241,Thomas,Rivas,ellisoncole@example.net,67677 Nolan Creek Suite 902,Martinborough,Tennessee,China
8242,Jon,Carrillo,jacquelinebarajas@example.org,1845 May Mill,East Seanview,Wyoming,Sierra Leone
8243,Melanie,Brown,spearsdiane@example.net,372 Megan Extensions Apt. 379,New Wandaville,New Hampshire,Saint Martin
8244,Maria,Parks,karen12@example.org,0365 Christopher Drives Apt. 565,North Joseph,Maryland,Gibraltar
8245,Lisa,Sanchez,camachotimothy@example.org,59899 Bowers Curve Apt. 315,Port David,Michigan,Vanuatu
8246,Mark,Wong,frank41@example.org,0689 Adam Inlet,Kellifurt,Connecticut,Guinea
8247,James,Robinson,joseph23@example.com,993 Dustin Meadow Suite 023,Lake Stephen,Pennsylvania,Fiji
8248,Linda,Brown,kaylee11@example.com,4758 Mitchell Mountains,Gilmoreview,Wyoming,South Georgia and the South Sandwich Islands
8249,Michael,Meyers,diazjohn@example.com,0079 Hall Roads Apt. 107,New Danielletown,Oregon,Madagascar
8250,Nicholas,Valenzuela,lynnamanda@example.com,717 Contreras Meadow,Greggbury,Washington,Dominica
8251,Thomas,Dawson,dominguezrussell@example.org,83345 Sanchez Ville Apt. 553,East Ashley,Illinois,Cape Verde
8252,David,Blake,williamsjustin@example.com,46050 Cunningham View,North Chaseborough,Wyoming,Brunei Darussalam
8253,Jonathan,Kim,dakotagreene@example.com,2496 Stephanie Roads Apt. 637,East Robertton,Maryland,Japan
8254,Linda,Gonzalez,jessica08@example.org,9293 Harrison Garden Suite 490,West Latasha,Nevada,United States Minor Outlying Islands
8255,Kristen,Chase,zamorasydney@example.net,60525 Katherine Points Suite 490,Aaronborough,Missouri,Falkland Islands (Malvinas)
8256,Nicole,Smith,warecaroline@example.net,31525 Robert Orchard,New Carolbury,Oklahoma,Malta
8257,Tim,Johnson,amandataylor@example.org,97922 Larry Roads,East Williefort,Vermont,Malta
8258,Bridget,Rodriguez,hdixon@example.org,83748 Bernard Flat Suite 413,South Susan,Iowa,Namibia
8259,Jennifer,Carter,strongvalerie@example.org,6957 Anthony Drive,South John,Michigan,Bahrain
8260,Joshua,Scott,reedchristopher@example.net,6744 Dunlap Common,New Andrew,New Mexico,Andorra
8261,Patricia,Moore,marshalltimothy@example.net,188 Christina Corner,Lewisshire,Pennsylvania,Saint Pierre and Miquelon
8262,Daniel,Trevino,middletoncatherine@example.org,8758 Faith Crossing,North Cherylville,Montana,Kiribati
8263,Debbie,Jackson,zunigathomas@example.net,90174 Whitehead Avenue Apt. 003,East Brianville,Texas,United States Minor Outlying Islands
8264,Lawrence,Estrada,annamartin@example.com,388 Moss Ville Apt. 123,East Benjamin,Pennsylvania,Equatorial Guinea
8265,Melanie,Thompson,phebert@example.com,918 Smith Path Suite 691,Alvaradoton,New Hampshire,Mexico
8266,Christy,Williams,phillipsana@example.com,4654 Amy Estate Suite 179,Port Ronaldton,Wyoming,Tonga
8267,David,Wilson,stuartrobin@example.org,51617 Kim Spring,Paulshire,Arkansas,Indonesia
8268,Nicole,Huff,dcontreras@example.org,2416 Garrett Parkway Suite 917,North Robert,Kentucky,Heard Island and McDonald Islands
8269,Ryan,Fowler,monicaeaton@example.org,140 Castillo Way Suite 702,Ricardoview,Maryland,Mozambique
8270,Melinda,Hall,lonnierobinson@example.org,8903 Brian Run,South Jasonton,New Jersey,Chile
8271,Kelly,Weeks,carteramy@example.org,862 Mario Stream Apt. 252,Joneshaven,Alaska,Bulgaria
8272,David,Coleman,kaylamartinez@example.org,7201 Terri Estate Apt. 239,East Michael,Louisiana,Saint Vincent and the Grenadines
8273,Kyle,Jones,pkemp@example.org,9121 Christopher Hollow Apt. 019,Dennisside,Wisconsin,Colombia
8274,Kaitlyn,Vargas,nhouse@example.com,196 Mallory Heights,South Sethfort,Nebraska,Saint Vincent and the Grenadines
8275,Nancy,Moses,blackshawn@example.org,89441 Reginald Courts Suite 759,Gardnerborough,Tennessee,Rwanda
8276,Nicole,Gould,sandraroberts@example.net,69286 Jeremy Parks,South Toddborough,Alabama,Gibraltar
8277,Jonathan,Martin,rebeccabryant@example.org,486 Mitchell Throughway,Samuelmouth,Idaho,Nauru
8278,Kevin,Mclaughlin,calebtorres@example.org,975 David Meadows,Reeveschester,Alabama,United Kingdom
8279,Dana,Hicks,delacruzpatricia@example.org,39798 Joseph Plains Suite 620,South Aimee,Hawaii,Lesotho
8280,Benjamin,Wheeler,njoseph@example.net,876 Holloway Mount,North Christianport,North Dakota,Oman
8281,Peter,Rice,smiller@example.org,53846 Leslie Cape Apt. 490,Mortonland,Maine,El Salvador
8282,Christopher,Lopez,lisa01@example.com,1725 Glenn Camp Suite 512,Adamsstad,Hawaii,Azerbaijan
8283,Katherine,Mata,zarnold@example.com,65793 Stanton Ford Apt. 800,Carrollberg,Connecticut,American Samoa
8284,Michelle,King,howellwilliam@example.com,3038 William Coves,West Theresa,New Hampshire,Falkland Islands (Malvinas)
8285,Joseph,Savage,sandra56@example.com,252 Adam Gardens Suite 370,Stevenmouth,Utah,Bulgaria
8286,Wesley,Little,evanscaleb@example.com,21554 Peters Views Apt. 202,West Ashley,Vermont,Nigeria
8287,Kevin,Reyes,masonkristin@example.org,86314 Greg Course Suite 801,Lutzburgh,Indiana,Western Sahara
8288,Anthony,Reeves,alexa07@example.com,19432 Jacob Shoals,Jenningsville,Nebraska,Nauru
8289,David,Manning,gomezcurtis@example.org,117 Washington Shoals Suite 046,Annmouth,Utah,Slovakia (Slovak Republic)
8290,Joseph,Flores,christian34@example.com,347 Jacob Views,North Jeffreyport,Massachusetts,Solomon Islands
8291,Dawn,Nunez,jeffrey91@example.com,942 Hogan Centers,Taylorview,Georgia,Haiti
8292,Jason,Young,hnguyen@example.com,8883 Dawn Lodge Suite 491,East Cindy,Maryland,Somalia
8293,Olivia,Hines,barbara04@example.org,3878 Emily Loop Suite 791,Serranoburgh,Florida,Nepal
8294,Deborah,Michael,mspencer@example.org,079 Thompson Trail Suite 297,Sheenaside,New York,Hong Kong
8295,Rebecca,Jennings,johnclark@example.net,588 Fry Vista,Harrisside,Colorado,Qatar
8296,Victoria,Donovan,taylorshawn@example.com,29468 Holder Grove Suite 501,Robertsmouth,Montana,Mauritania
8297,Victoria,Mitchell,deleonrichard@example.org,5913 Rocha Stravenue Apt. 917,Smithfort,Rhode Island,Bhutan
8298,Donald,Campos,ojenkins@example.org,67504 Lynn Drives,Sabrinashire,New Mexico,Northern Mariana Islands
8299,Gina,Goodwin,kimberly04@example.net,9711 Colleen Islands Suite 004,Alvarezmouth,Illinois,Spain
8300,James,Maldonado,williamlarsen@example.net,34509 Juan Islands Suite 362,Jefferyborough,Wisconsin,Togo
8301,Sandra,Strong,wilsonkaren@example.net,80726 Benjamin Lakes Apt. 767,West Elaine,Utah,United Arab Emirates
8302,Ryan,Adams,bradleyvincent@example.org,006 Andrea Union Suite 154,Muellertown,California,Kiribati
8303,Dana,Kramer,ivalencia@example.org,4690 Adam Parks,Lake Julie,Wyoming,Congo
8304,Jackie,Thomas,stephenjimenez@example.org,27758 Booth Field Apt. 986,Reynoldsbury,Florida,Guernsey
8305,Robert,Chavez,lindsay94@example.org,8806 Gregory Walk,Estradaview,Minnesota,Antarctica (the territory South of 60 deg S)
8306,Samuel,Johnson,brandiphillips@example.org,450 Brandon Gateway,Rodriguezfurt,Oklahoma,French Southern Territories
8307,Jose,Davies,jennifer33@example.org,25307 Michele Ports Suite 982,South David,Pennsylvania,Jersey
8308,Duane,Barrett,fkim@example.org,1079 Alan Road Apt. 553,Jessicashire,Alaska,Antarctica (the territory South of 60 deg S)
8309,Courtney,Brown,ulindsey@example.org,456 Wanda Corner,West Clinton,Michigan,Antarctica (the territory South of 60 deg S)
8310,Cynthia,Smith,blacklinda@example.org,3048 Perry Manors,Lake Jeremy,Kansas,Cyprus
8311,Alicia,Jensen,kaneronald@example.net,6331 Phillips Stream,Codyview,Massachusetts,Philippines
8312,Desiree,Thomas,fostertimothy@example.com,21774 Contreras Springs Apt. 825,Christopherborough,Michigan,Switzerland
8313,Drew,Singleton,cgould@example.org,335 Brooks Freeway Suite 700,South Kimberlyland,Idaho,Ireland
8314,Lisa,Villanueva,andrea22@example.com,844 Julie Rapid Apt. 395,Kellyport,Kentucky,Seychelles
8315,Jenny,Griffith,eric29@example.com,5832 Kaitlyn Alley Apt. 099,Michellehaven,Missouri,Bermuda
8316,Jessica,Joseph,qross@example.com,80374 Deborah Garden,West Nicholaston,Alaska,Estonia
8317,Jennifer,Smith,myersbrian@example.com,030 Alisha Islands,Rubioberg,New Mexico,Netherlands
8318,Samuel,Garrison,brandy98@example.com,392 Louis Point,Glennfurt,Oregon,Niue
8319,Keith,Ballard,qbeard@example.com,2490 Graves Harbor Suite 273,Sellershaven,North Carolina,Saudi Arabia
8320,Craig,Walsh,fanderson@example.org,18347 Matthew Port,New Brandyview,Utah,Angola
8321,Jeffrey,Wright,markrobinson@example.net,53098 Moyer Centers,Richardsonbury,Michigan,San Marino
8322,David,Gill,andrewlopez@example.net,907 Johnny Ville,East Wendy,Louisiana,Netherlands Antilles
8323,Anthony,Burgess,cassandratucker@example.net,18812 James Street,South Steven,Pennsylvania,Puerto Rico
8324,Edward,Petty,hubbardmelissa@example.org,9021 Gamble Cliff Apt. 740,Johnsonchester,Iowa,Central African Republic
8325,Kristen,Benjamin,uwilson@example.com,0029 Dawson Inlet Apt. 344,Yateschester,New Jersey,Malta
8326,Douglas,Lopez,ggood@example.net,2282 Montoya Cape,West Calebmouth,Washington,Montserrat
8327,Jill,Riley,loganperez@example.com,93673 Sandra Mountain,West Jennifertown,Indiana,Gambia
8328,Stephen,Herring,clarkmallory@example.org,4964 Timothy Squares Suite 697,South Kellybury,Oregon,Congo
8329,Jonathan,Cardenas,hrogers@example.org,31411 Casey Forest,North Thomashaven,Louisiana,Netherlands
8330,Amanda,Murphy,isaacburgess@example.org,4834 Janet Bridge Suite 687,Kevinborough,Wyoming,Czech Republic
8331,Kathy,Smith,megan50@example.org,19003 Jay Drive Apt. 438,Mosesberg,California,Afghanistan
8332,Richard,Key,jonesrachael@example.com,32074 Kristen Wall,Victoriatown,New Hampshire,Honduras
8333,Keith,Alvarez,usolomon@example.org,682 Henderson Creek,Mollytown,Vermont,South Africa
8334,Brittany,Walker,mking@example.com,78804 Glass Centers,Monicaland,Alaska,Belize
8335,Carrie,Soto,wfreeman@example.com,98183 Campbell Valleys,Port Kevintown,Kansas,Tanzania
8336,Erin,Jones,adamsrichard@example.net,8972 Taylor Ridge,Katelynfurt,Maryland,Croatia
8337,Alexis,Davidson,sean43@example.org,320 Tina Burgs Suite 964,New Tyrone,Delaware,Dominican Republic
8338,Michael,Rodriguez,rodriguezkyle@example.net,24135 Jacob Light,New Heather,Alabama,Gibraltar
8339,Steven,Campbell,marissa59@example.com,70690 Ross Village,Huntershire,Arkansas,Argentina
8340,Kenneth,Harper,nancylandry@example.com,540 Alan Wall Suite 201,Carpenterville,Minnesota,China
8341,Adrian,Phillips,chaveztravis@example.com,225 Morris Courts Suite 986,New Markton,Minnesota,Croatia
8342,Kyle,George,elizabethchandler@example.com,331 Jeffery Course,Brownmouth,New Jersey,Latvia
8343,Michael,Jacobs,ingramjesse@example.com,56043 Paul Roads,West Rebecca,New Hampshire,Cote d'Ivoire
8344,Ashley,Johnson,brittanyparker@example.net,26837 Wallace Extensions Apt. 406,Jenniferland,Alabama,French Polynesia
8345,Kimberly,Edwards,chandlerjanet@example.org,4556 Jacqueline Motorway Suite 227,Lake Josephbury,New Hampshire,Central African Republic
8346,Samuel,Warren,marvin60@example.org,0860 Tina Forest,Whitemouth,Montana,Guatemala
8347,Paul,Smith,idavis@example.org,13213 Justin Parkways,Saraport,New Jersey,Saint Barthelemy
8348,Jodi,Terry,tinadavis@example.org,3198 Lisa Crossroad,East Jamesmouth,Alaska,Guadeloupe
8349,Brian,Williams,khester@example.com,9359 Mary Ports Apt. 555,Shellymouth,Wisconsin,Czech Republic
8350,Kristen,Ferguson,jeremy62@example.org,4402 Jordan Mall,Phyllismouth,Florida,Indonesia
8351,Melinda,Martin,brandon00@example.net,827 Cassandra Unions,New Johnfort,Florida,Mauritius
8352,Zachary,Pratt,michael85@example.com,019 Theresa Spurs,Port William,Ohio,Croatia
8353,Kurt,Smith,fhuffman@example.com,2580 Jason Shoal,North Debrastad,New Hampshire,Nigeria
8354,Vanessa,Watson,homolly@example.org,8651 Ali Cove,New Craigtown,North Carolina,Saudi Arabia
8355,Erin,Anderson,campbellelizabeth@example.net,96235 Roman Corners Apt. 276,New Lisaville,Oklahoma,Netherlands
8356,David,Jones,bishopchristopher@example.com,8796 Cynthia Flat Apt. 985,West Kristinville,South Dakota,Vanuatu
8357,Joel,Lloyd,stanleyallen@example.com,8891 Gibson Spur Suite 065,Sharontown,Oregon,Cook Islands
8358,Robert,Miller,owenstina@example.com,898 Davis Light Suite 218,Lake Lisa,Alaska,Chile
8359,Shawn,Humphrey,bridget00@example.com,08327 Wood Greens,Kingberg,Nevada,Central African Republic
8360,Colleen,Gonzalez,nathan35@example.net,71037 Coleman Square Apt. 092,Alyssaland,Maryland,Russian Federation
8361,Allison,Gaines,mcdanielbarbara@example.net,4799 Fisher Flats Apt. 078,Valenzuelaport,Pennsylvania,Venezuela
8362,April,Campbell,medinalaura@example.net,0853 Kelly Club,West Scottmouth,Ohio,Angola
8363,Jennifer,Fernandez,robertwood@example.net,8926 Ryan Path,Mccannburgh,North Carolina,Colombia
8364,Brittany,Johnson,leslie13@example.com,18283 Erin Centers Apt. 377,Timothyshire,Massachusetts,Palau
8365,John,Burns,masondavis@example.org,395 Jimenez Haven Suite 171,West Misty,Louisiana,China
8366,Yolanda,Miranda,kim13@example.com,460 Michele Plaza,North Donna,Colorado,British Virgin Islands
8367,Sherry,Russell,vargasjennifer@example.com,00479 Johnson Grove,Katherineville,North Carolina,Croatia
8368,Scott,Nolan,frostdonna@example.org,839 Charles Parkway Apt. 762,Port Christinafurt,California,Western Sahara
8369,Briana,Moyer,vsullivan@example.net,252 Carrie Skyway Suite 352,West Melindaberg,Rhode Island,Bulgaria
8370,Gina,Schroeder,oliviafritz@example.com,5757 Andre Fields Apt. 307,Lake Abigail,North Dakota,Togo
8371,Stephanie,Green,aguirrelindsey@example.com,68110 Summers Path,Lake Jeremiahmouth,Utah,Svalbard & Jan Mayen Islands
8372,Tiffany,Jordan,laurasmith@example.net,9441 Tiffany Landing Suite 676,Meghanland,New Mexico,South Africa
8373,Emily,Daugherty,gileswilliam@example.org,842 David Unions,South Anthony,California,Dominica
8374,Victoria,Moore,dana27@example.com,22275 Barrera Hill,Villanuevatown,Kansas,Saint Vincent and the Grenadines
8375,Brian,Marsh,daniel28@example.org,7542 Nelson Groves Suite 719,Yatesstad,Arizona,Saint Helena
8376,Stephanie,Sims,olee@example.org,2950 Cindy Drives Suite 172,South Amberberg,Hawaii,Algeria
8377,Brooke,Shepard,alex44@example.net,7582 Bradley Lodge Apt. 546,Maryfurt,Connecticut,Guinea
8378,Jimmy,Miller,davidmiddleton@example.org,5435 Travis Light,South Mathew,Maine,Cambodia
8379,Karen,Rodriguez,sarahlee@example.com,1685 Thompson Brooks Suite 733,Combsfurt,Minnesota,Saint Martin
8380,Hunter,Williams,wlopez@example.org,492 Woods Circles,Meganfurt,Massachusetts,Uganda
8381,Nicholas,Ayala,wjones@example.net,22243 Zachary Mountains Suite 534,Christophermouth,Minnesota,Mongolia
8382,Steven,Johnson,rachelharrell@example.org,40982 Karen Road,West Thomastown,Maine,Palestinian Territory
8383,Scott,Freeman,wallacenancy@example.org,9116 King Shoal Suite 011,North Jenniferstad,Maryland,Falkland Islands (Malvinas)
8384,Gabriel,Thomas,thomastroy@example.org,3494 Jonathan Track,Adamsview,Vermont,Mali
8385,Matthew,Perez,robertwaters@example.org,790 Tyler Crescent Suite 997,Lorraineside,Alaska,Congo
8386,Melissa,Payne,vrogers@example.com,5927 Alvarez Springs Suite 511,Lake Richard,Connecticut,Saint Martin
8387,David,Thompson,daniel61@example.com,873 Vanessa Mountain Suite 173,West Elizabethtown,Georgia,Burkina Faso
8388,Steven,Thompson,millerzachary@example.net,8831 Conley Port Apt. 675,North Lauren,Tennessee,Venezuela
8389,Andrea,Mills,zacharygill@example.com,02583 Chad Glen Apt. 752,Burnsbury,California,Kiribati
8390,Jennifer,Guzman,josephsmith@example.com,13335 George Knolls,Rachelfort,Iowa,Montserrat
8391,Andrew,White,casey78@example.net,342 Carl Junctions,West Staceyfurt,South Dakota,Liberia
8392,Anthony,Lindsey,lbryan@example.net,078 Justin Path Apt. 031,Michaelstad,Pennsylvania,Bolivia
8393,Julia,Mann,grantdavid@example.net,64310 George Pike Apt. 081,North Reneetown,Colorado,Cambodia
8394,Amber,Mathis,trevormassey@example.com,985 Alex Brooks Suite 485,East Sarah,Delaware,Eritrea
8395,Kimberly,Bradley,hendersonbrooke@example.com,566 Moran Stream,East Brittanyburgh,South Carolina,Tajikistan
8396,Cheryl,Mason,jbailey@example.org,2190 Smith Pass,New Jenniferbury,Maryland,Japan
8397,Christian,Duke,ghall@example.org,3978 Justin Lodge Apt. 834,West Madisonborough,Delaware,Puerto Rico
8398,David,Weiss,zbecker@example.net,2377 Williams Estate,Saramouth,New Hampshire,Fiji
8399,Taylor,Ford,alvarezjoseph@example.com,71054 Nichole Villages,Lake Francisco,Maine,Kenya
8400,Shane,Russo,samanthabrown@example.net,429 Grant Pike,Lake Samanthamouth,North Dakota,Barbados
8401,Denise,Randall,npatton@example.org,85854 Roberts Bypass Apt. 962,Dariusburgh,New Hampshire,Malawi
8402,James,Williams,david18@example.com,2302 Thompson Grove Suite 038,Edwardport,Alabama,Turks and Caicos Islands
8403,Dustin,Gallegos,kevin51@example.net,247 Holly Corners,Longberg,Tennessee,Saint Pierre and Miquelon
8404,Aaron,Murphy,hwelch@example.net,737 Bowman Radial Suite 251,Myersport,California,China
8405,Jeremy,Walker,stephaniemedina@example.com,205 Valdez Cliff Apt. 681,East David,Kansas,Qatar
8406,Johnathan,Arnold,lopezchristina@example.net,1959 Melissa River Suite 396,Kimberlyborough,Massachusetts,Greenland
8407,Katelyn,Neal,rebecca89@example.net,50729 Jeffrey Alley,Wrightview,Rhode Island,Romania
8408,Amy,Rivera,tylerpruitt@example.com,0331 Hardin Rest Suite 116,West Lindsey,Florida,Zambia
8409,Diane,Gross,amorgan@example.com,9589 Wright Station Apt. 165,Cassandraport,West Virginia,Cambodia
8410,Nicholas,George,lswanson@example.com,605 Rose Freeway Suite 720,Billymouth,West Virginia,Greece
8411,Justin,Ortiz,anthony99@example.org,87424 Stanley Inlet Apt. 818,East Deanna,New Mexico,Guinea
8412,Darrell,Little,wruiz@example.net,2596 Kevin Rest,Hartmanhaven,Ohio,Saint Barthelemy
8413,Marcus,Booth,nedwards@example.com,0214 Jennifer Course,Ericksonton,Wisconsin,Ethiopia
8414,Kimberly,Avila,alan01@example.net,971 Mitchell Extension Suite 225,Alexandriabury,Michigan,Costa Rica
8415,Wayne,Wells,jasonbrown@example.org,8012 Dennis Park Suite 782,Arielville,Mississippi,Saint Martin
8416,Shane,Gray,seth85@example.net,74231 Perry Throughway Apt. 652,West Vanessa,Alaska,Mexico
8417,William,Miller,wheelerchristie@example.org,874 Johns Ports,North Nathan,California,Kenya
8418,Alyssa,Goodman,perrywhitney@example.com,8994 Elizabeth Oval,New Janeborough,Wisconsin,Dominican Republic
8419,Lisa,Bray,ndavis@example.com,281 Bauer Pines Apt. 128,Martinville,Alaska,Tajikistan
8420,Justin,Martin,michael15@example.com,43328 Linda Extension,Perezburgh,Florida,Kuwait
8421,Carl,Hansen,hyoung@example.com,29165 Kim Underpass Apt. 197,Lake Lisa,Colorado,Morocco
8422,Christine,Barnes,sandrajackson@example.com,166 Butler Walk Apt. 730,Floresshire,Virginia,Marshall Islands
8423,Mallory,Young,wolson@example.net,0613 Conner Station,North Kellyfurt,Delaware,Belize
8424,Patricia,Hernandez,evansderrick@example.org,9506 Yesenia Plaza Suite 305,New Elizabethton,Mississippi,United States of America
8425,Brianna,Gibson,joshua00@example.com,379 Patrick Extension,Lake Jacob,Tennessee,Saint Barthelemy
8426,Kimberly,Petersen,robert87@example.org,9710 Tucker Valleys,Port Tyler,Wyoming,Moldova
8427,Jonathan,Lucero,gambleedwin@example.org,0157 Armstrong Route,Amandaside,Oregon,Faroe Islands
8428,Edward,Maynard,blackvictoria@example.net,55659 Bowers Lodge Apt. 889,Port Walter,New Mexico,Djibouti
8429,Alicia,Greene,xrodriguez@example.net,7004 Roberts Fort,Danieltown,South Carolina,Germany
8430,Christina,Dixon,xsutton@example.com,336 Tyler Cliffs,Port Richard,Texas,Spain
8431,Richard,Miller,srivera@example.com,2770 Nancy Wall Suite 934,Gabriellabury,New Hampshire,Moldova
8432,Toni,Vasquez,amy02@example.net,159 Edwards Plains Suite 095,Kathybury,North Carolina,New Caledonia
8433,Chelsey,Cooke,stephanieneal@example.net,645 Jones Meadow Suite 306,South Kellimouth,Michigan,Andorra
8434,Daniel,Thomas,fjackson@example.com,073 Dalton Square,Port Mary,New Hampshire,Guyana
8435,Laura,Wu,richard17@example.org,5278 Young Square,Stantonstad,Kansas,Liechtenstein
8436,Derek,Copeland,curtisvasquez@example.org,7489 Oliver Port,North Jadeshire,Utah,Spain
8437,Aaron,Flores,pmercado@example.com,69110 Paul Junctions,Petersmouth,Montana,Cote d'Ivoire
8438,Robert,Dougherty,abigail47@example.org,87234 Smith Rest Suite 482,Jacobport,Iowa,Sweden
8439,Lydia,Hughes,joneswilliam@example.net,3885 Stone Trail Suite 489,Rodriguezton,South Dakota,Lithuania
8440,Edward,Robinson,dianawhite@example.org,448 James Keys Suite 332,East Matthew,North Carolina,China
8441,Danielle,Osborn,polsen@example.net,188 Gilbert Valleys,North Alyssa,New Mexico,Paraguay
8442,Henry,Garcia,david97@example.com,9506 Hernandez Causeway,South Andrew,Louisiana,Slovenia
8443,Tyler,White,laura85@example.net,2766 Rogers Corners,Taylorborough,Vermont,Bahamas
8444,Kevin,Jensen,kristenwebb@example.net,190 Nelson Village Suite 208,North Felicia,Kansas,Bhutan
8445,Joe,Bowers,hilltheresa@example.net,694 Cohen Knoll Suite 499,East Angela,Rhode Island,Guernsey
8446,Raymond,Townsend,christina23@example.org,165 Sara Junctions,East Michael,Iowa,Liberia
8447,Jennifer,Pineda,jacobthompson@example.org,54409 Gilbert Crossing Suite 967,West Danny,Massachusetts,Brunei Darussalam
8448,Alexis,Pacheco,jnelson@example.org,1441 Crystal Course Apt. 225,Erichaven,Pennsylvania,Micronesia
8449,Jeremy,Kemp,petersongregory@example.com,8316 Morgan Overpass,West Brandon,Maine,Nauru
8450,Brian,Avila,usoto@example.com,88996 Smith Coves,Reynoldsview,Oregon,Australia
8451,Sheila,Berry,bryan57@example.org,806 Hayley Park,Lake Kevin,Kansas,Benin
8452,Stephen,Sherman,david78@example.net,7735 Dixon Canyon Apt. 682,Garrettfort,Virginia,Niger
8453,Samuel,Tran,alice54@example.net,1886 Kimberly Divide Apt. 834,East Reginamouth,Montana,Jordan
8454,Nathan,Byrd,atkinsjohn@example.com,7176 Brown Plains Suite 520,Lake Jeffrey,Tennessee,Antarctica (the territory South of 60 deg S)
8455,Michael,Edwards,roberto08@example.com,26674 Hurley Avenue Suite 500,Fordville,Massachusetts,Timor-Leste
8456,Sandra,Bryant,rblackburn@example.net,34352 Montgomery Ford,South Darrenhaven,Alabama,Fiji
8457,Jennifer,Nixon,sarahamilton@example.org,78381 French Road Apt. 006,Greenborough,Missouri,Malawi
8458,Brian,Bowen,lowens@example.com,801 Thomas Lodge Apt. 551,Youngland,Alabama,Jamaica
8459,John,Anderson,danielleparker@example.org,177 Reginald Points,Grayfurt,Colorado,Poland
8460,Steven,Thomas,jasminepratt@example.com,73488 Belinda Burg,Stacyland,Pennsylvania,Mauritania
8461,Michelle,Lopez,michael75@example.org,60920 Whitney Green Suite 013,Beckborough,Wyoming,Saudi Arabia
8462,Anne,Romero,richardshields@example.com,80487 Singleton Ramp Suite 758,Port Ninaview,West Virginia,Anguilla
8463,Jose,Orr,brian31@example.org,5707 Andrew Gateway,Munozville,Louisiana,Estonia
8464,Anthony,Eaton,roy25@example.net,976 Campbell Parkway,Ericton,Alaska,Madagascar
8465,Rick,Booth,kellygarcia@example.org,1212 Carroll Plains Suite 615,Port Ronald,Maryland,Anguilla
8466,Elizabeth,Williams,andrejohnson@example.com,519 Khan Springs,Maryside,Wyoming,Singapore
8467,Mary,Beltran,glenn62@example.com,034 Lewis Flat,Lake Jacob,Montana,Dominica
8468,Brett,Williams,josephcochran@example.org,2598 Diaz Flat,South Michellebury,New Mexico,Romania
8469,Crystal,Horne,xhenderson@example.org,437 Heather Road,Fitzpatrickville,Louisiana,Ecuador
8470,Cynthia,Gilbert,nhayes@example.net,000 Leon Villages Apt. 779,Susanton,Utah,Netherlands Antilles
8471,Melanie,Sanders,millerjames@example.net,153 Elijah Fords Apt. 006,Booneton,Oregon,Gambia
8472,Paula,Walsh,robertmoreno@example.net,016 Elliott Ville,Velezside,Tennessee,Saint Lucia
8473,Hannah,Smith,simonthomas@example.org,83359 Steve Summit Apt. 133,Lopezton,Missouri,China
8474,Russell,Gillespie,jill32@example.org,772 Short Ridges,North Cynthiaberg,Connecticut,Saint Vincent and the Grenadines
8475,Sean,Cole,vstevens@example.net,4414 Ian Bypass Suite 924,Pricebury,West Virginia,Holy See (Vatican City State)
8476,John,Austin,glenkaufman@example.net,9474 Michael Light,Port Brandon,Hawaii,French Guiana
8477,Pamela,Robbins,phernandez@example.org,6576 Clark Ways Apt. 431,Khanchester,Oregon,Guinea-Bissau
8478,Brandon,Dunn,ashleymckinney@example.com,208 Jeffrey Mews,Williamsfurt,Utah,British Indian Ocean Territory (Chagos Archipelago)
8479,Julie,Reynolds,smithheather@example.com,3893 Rodney Vista,Lake Amanda,Hawaii,Spain
8480,Jamie,Johnson,fjohnson@example.org,21863 Jennifer Field,Samanthafurt,New Jersey,Senegal
8481,Ronnie,Ellis,milesphillip@example.com,143 Gibson Via,Port Mark,Ohio,Burkina Faso
8482,Christopher,Cooper,reedamanda@example.net,532 Susan Plains Apt. 405,New Justinfurt,Nevada,Latvia
8483,Jared,Mills,gbrown@example.org,96868 Alvarez Hills,South Mary,Kansas,Denmark
8484,Robert,Davis,jford@example.org,08074 Curtis Extension,Michaelville,Oklahoma,Guam
8485,Rhonda,Buck,michaelgriffin@example.net,7614 Andrea Manors,Port Molly,North Dakota,Nigeria
8486,Ryan,Spencer,manderson@example.com,613 Wendy Cliff Apt. 722,West John,Michigan,New Zealand
8487,Jeremiah,Smith,dguerrero@example.net,3222 Hudson Throughway,South David,Connecticut,Slovenia
8488,Michelle,Reyes,seanstevenson@example.com,501 Kelly Spring,Millerview,Alabama,Lithuania
8489,Luis,Myers,melissanavarro@example.org,64362 Nicholas Harbors Apt. 487,Mooreville,Maine,Comoros
8490,Heather,Smith,rhonda45@example.org,5175 Anderson Pike Apt. 998,Gomezport,Montana,Anguilla
8491,David,Morrow,brianwilson@example.org,985 Shaffer Place Suite 456,East Andre,West Virginia,Kuwait
8492,Michele,Christensen,kaitlynperkins@example.com,0792 Robert Ramp,Port Michaelshire,New Jersey,Iceland
8493,Thomas,Rogers,lynn17@example.net,466 Johnson Wells Apt. 945,Mcphersonberg,Wisconsin,Tonga
8494,Tina,Klein,roberto64@example.com,196 King Parks,Wayneburgh,Kansas,Sri Lanka
8495,Martin,Mills,butlerjill@example.org,0465 Buckley Highway Suite 432,Parkerhaven,Wisconsin,Guinea-Bissau
8496,Kevin,Mueller,jeremiah52@example.net,0122 Jonathan Plains,North Nicoleport,Washington,Mozambique
8497,Shannon,Moore,john50@example.org,9930 Michael Heights,Lake David,New Hampshire,Dominica
8498,Jason,White,pnixon@example.com,54050 David Squares Suite 637,North Mario,Vermont,Iraq
8499,Melinda,Martin,jamespatton@example.com,953 Mackenzie Meadows Suite 172,Darlenefort,Illinois,Western Sahara
8500,Andrew,Kemp,stonedonald@example.net,166 Bradley Spurs,Micheleville,Connecticut,Malaysia
8501,Eric,Chavez,barnessarah@example.net,5533 Yoder Rest,Thomasborough,Tennessee,Wallis and Futuna
8502,Lori,Martinez,owilliamson@example.net,449 Lisa Isle Suite 301,Davidtown,Texas,Morocco
8503,Diane,Gray,paynemichael@example.org,20448 Megan Overpass Suite 856,North Susanfort,Wisconsin,Saint Helena
8504,Wanda,Davis,kathryn12@example.net,390 Rick Mill Apt. 540,Williamsville,South Dakota,Turks and Caicos Islands
8505,Troy,Williams,yanderson@example.net,21972 Derek Isle Suite 263,Robinsonshire,Maryland,Syrian Arab Republic
8506,Robert,Garcia,douglas17@example.com,1301 Cunningham Mews Apt. 835,South Pamela,Alabama,Honduras
8507,Diane,Adams,sotoandrea@example.org,1943 Mitchell Center Apt. 655,Lake Adamburgh,Minnesota,Burundi
8508,Russell,Palmer,wreese@example.com,1074 Clark Landing Suite 800,Westmouth,California,China
8509,Lisa,Moore,christophervang@example.com,17981 Lyons Mountains Suite 050,Pacebury,South Carolina,Serbia
8510,Shawn,Wolf,petersentracy@example.net,22178 Phillips Track,Kingfurt,Kentucky,Moldova
8511,Jessica,Fields,lindseythomas@example.net,67303 Richardson Road,South Erika,Connecticut,Georgia
8512,Raven,Zimmerman,william84@example.com,1882 Martin Springs Apt. 748,Housetown,Iowa,Guatemala
8513,Ashley,Wolfe,osbornecourtney@example.org,91944 Michelle Hill,Ochoaborough,North Carolina,Guinea
8514,Michael,Contreras,plee@example.org,33996 Christopher Freeway Apt. 359,East Elizabeth,Arizona,United States of America
8515,Erika,Williamson,rodgerscatherine@example.com,031 Richard Meadows Suite 526,Carriefort,Connecticut,Guam
8516,Deborah,Richardson,clinton61@example.net,2836 Christopher Greens,South Anthony,Maryland,Chad
8517,Erika,Watson,tiffanyweiss@example.org,839 Sabrina Wells,Elizabethville,Arkansas,Georgia
8518,Dawn,Stanley,cdyer@example.com,375 Brad Estates,Mccallbury,Arkansas,Russian Federation
8519,Toni,Johnson,belljared@example.net,72347 Collins Spur Suite 636,Marcusshire,Delaware,Iran
8520,Laurie,Gibson,kklein@example.org,5308 Stephanie Brook,East Robertchester,South Carolina,Guadeloupe
8521,Barbara,Alexander,davisjames@example.net,210 Perez River,Lindaland,Maine,Austria
8522,Vincent,Lambert,lauriemiranda@example.com,2985 Michael Forges,Floydport,South Carolina,Holy See (Vatican City State)
8523,Elizabeth,Bailey,emills@example.net,9506 Weeks Wall Apt. 809,Byrdtown,Georgia,Somalia
8524,Wyatt,Bailey,hunterdarrell@example.com,240 Joseph Cliff,East Katherinechester,Kansas,Papua New Guinea
8525,David,Murphy,davidramsey@example.com,83182 Kaitlyn Glen Suite 080,Parkertown,Illinois,Romania
8526,Morgan,Morgan,michaelhodge@example.org,87722 Green Cliffs,Davidsonview,New Hampshire,Malaysia
8527,Jody,Fields,woodwarddaniel@example.com,0160 Brianna Island Apt. 033,North Erichaven,Connecticut,Antarctica (the territory South of 60 deg S)
8528,Teresa,Brooks,keithmartin@example.org,6085 William Locks Suite 233,Crystalchester,Florida,Israel
8529,Angela,Hall,carolyn12@example.org,711 Brian Isle,Martinezhaven,North Dakota,Guinea-Bissau
8530,Amanda,York,russellcathy@example.net,68717 Murray Mills Suite 116,North Rachel,Illinois,Libyan Arab Jamahiriya
8531,Jacob,Johnson,daniel03@example.org,5566 Giles Streets Apt. 289,West Codystad,Oklahoma,Saudi Arabia
8532,Stephen,Murphy,liudawn@example.net,28709 Graham Loop,Kingshire,Tennessee,Myanmar
8533,Sally,Lee,ulewis@example.net,366 Julie Pines Suite 089,Valeriefort,Hawaii,Trinidad and Tobago
8534,Sandra,Haynes,acochran@example.com,23673 Martinez Curve Apt. 950,Piercestad,Alabama,Japan
8535,Christopher,Lewis,leestephanie@example.com,758 Lee Avenue,Desireeburgh,Illinois,Mexico
8536,John,Kelly,michaelpowers@example.org,5446 Hensley Terrace,Lake David,Pennsylvania,Norway
8537,Sarah,Ross,timothy18@example.net,64151 Matthew Corners Suite 251,East Derekhaven,Iowa,Equatorial Guinea
8538,Brian,Thompson,harrisondavid@example.net,83409 Smith Skyway,Kyleland,New York,French Southern Territories
8539,Kevin,Pierce,jacob69@example.org,2813 Dodson Common Suite 067,Brianfort,Vermont,Luxembourg
8540,Mary,Johnson,doylemiranda@example.org,15336 Eric Overpass Suite 743,West Jennifer,Massachusetts,Canada
8541,Julie,Glenn,alejandro75@example.net,28284 Kimberly Junctions,North Kevin,South Dakota,Lesotho
8542,Mia,Velez,christian99@example.com,8625 Hines Loop Apt. 454,North Tracy,Nevada,Iran
8543,Jonathan,Richard,johnstonmarcus@example.com,79786 Brown Stream Apt. 050,Snyderbury,Massachusetts,Mexico
8544,Rebecca,Lowe,samanthacampbell@example.com,549 Jackson Street Apt. 194,East Martinton,Rhode Island,Turks and Caicos Islands
8545,Jasmine,Ware,vnelson@example.net,822 Robert Junctions Suite 505,Ryanbury,Rhode Island,Honduras
8546,Kenneth,Johnson,johnhart@example.org,81324 Samantha Gateway,West Sethburgh,North Dakota,China
8547,Christine,Sparks,valerie40@example.net,00025 Davis Isle,Gregoryland,Iowa,Tajikistan
8548,Carla,Williams,wholt@example.org,20669 Christian Drives Apt. 276,Lake William,Mississippi,Czech Republic
8549,Michael,Martin,dbates@example.com,8324 Davies Orchard,Stewartstad,New Hampshire,Venezuela
8550,Miranda,Walker,nicoleallen@example.org,5921 Wood Street,Cruztown,New Hampshire,French Guiana
8551,Kenneth,Nolan,vsullivan@example.net,271 Jacob Circle Suite 812,Lake Julie,Maine,Albania
8552,Andrew,Adams,ndavis@example.net,19862 Prince Vista,West Maxwell,Michigan,British Virgin Islands
8553,Debbie,Gates,david27@example.net,7321 Malik Street,West Anthonyville,Wisconsin,Seychelles
8554,Justin,Dawson,ioliver@example.org,239 Gloria Turnpike Suite 136,Rollinsfurt,Connecticut,Egypt
8555,Scott,Higgins,rickey55@example.com,3772 Paul Loop Suite 317,Davidfurt,Idaho,Ghana
8556,Marc,Hernandez,kimberlysmith@example.com,04517 Jimenez Wells,Nicolehaven,Connecticut,Tokelau
8557,Benjamin,Castro,matthewspeter@example.com,91768 Christopher Run,Calderonmouth,Connecticut,Timor-Leste
8558,Zachary,Jimenez,edgarbrown@example.net,926 Hogan Burg,New Taylor,North Carolina,Cocos (Keeling) Islands
8559,Kevin,Leblanc,danielallison@example.net,382 Sellers Bypass,East Jacobshire,Utah,Andorra
8560,Michelle,Perry,maldonadoashley@example.org,36737 Joseph Hills Apt. 188,Jamestown,New Jersey,Cuba
8561,Michael,Hardy,davidperez@example.com,2635 Lee Terrace,Thomastown,North Dakota,Nepal
8562,James,Ellis,ianfoster@example.net,64524 Jose Orchard Suite 296,Lake Kristopherborough,Arizona,Kuwait
8563,Kent,Lopez,blairjenny@example.org,72969 Susan Heights,Courtneychester,Michigan,Thailand
8564,Christian,Lucas,jennifer79@example.org,8519 Montgomery Prairie Apt. 479,East Courtneystad,Alabama,Guadeloupe
8565,Heather,Jackson,patricia79@example.net,0143 Greene Route Apt. 652,Reidport,Connecticut,Pakistan
8566,Tara,Logan,gonzalesdawn@example.org,2882 Ashley Squares,Patriciaside,Vermont,Saint Vincent and the Grenadines
8567,Thomas,Howard,leonmargaret@example.net,5980 Robinson Lake,Davidhaven,Montana,Finland
8568,Anthony,Brooks,thomas32@example.com,9677 Thomas Mall Apt. 885,East Jennafort,Montana,Greece
8569,Brian,Washington,vanessa22@example.org,1789 Davila Drive Apt. 706,Lake Ashley,New Hampshire,Russian Federation
8570,Christine,Gilbert,kimberly43@example.com,551 Shannon Brooks Apt. 943,South Bryan,Nevada,Bhutan
8571,Jane,Clark,sotokimberly@example.net,00606 Thomas Cliff Apt. 223,Lake Wayne,Wyoming,Slovakia (Slovak Republic)
8572,Johnathan,Henry,bryan10@example.org,0011 Erika Springs,New Briantown,New York,Spain
8573,Crystal,Knight,charles08@example.org,6998 Cortez Overpass,Andreaport,Iowa,Antarctica (the territory South of 60 deg S)
8574,Gregory,Humphrey,mpineda@example.org,2384 Cole Curve,Michelleland,Delaware,United Kingdom
8575,Andrea,Romero,terrence54@example.org,0930 Connie Ferry Suite 578,Kimberlyview,South Dakota,Palau
8576,Brandon,Sanchez,scott06@example.com,9917 Lauren Cliffs,Ryanhaven,Georgia,Spain
8577,Christina,Parker,johnclark@example.net,17692 Barry Corner Apt. 134,East Dennisburgh,Pennsylvania,China
8578,Shelly,Schmidt,mgutierrez@example.com,232 Cody Shore Suite 255,Shellyhaven,Alabama,Lithuania
8579,Melanie,Stokes,perrysarah@example.net,83246 Mark Causeway,North Grace,California,Moldova
8580,Edwin,Jimenez,johnsonlaura@example.com,317 Mark Port,Anthonyland,Vermont,Saint Vincent and the Grenadines
8581,Kelsey,Riley,barretttammy@example.net,77109 Gibson Vista,Port Kyle,Maryland,Nicaragua
8582,Jasmine,Blair,robertrodriguez@example.com,380 Lynn Spring Suite 568,Brandyborough,Indiana,Korea
8583,Carolyn,Valdez,andrewssean@example.org,1999 Gonzales Burgs,North James,Colorado,Vietnam
8584,Catherine,Tucker,lisa83@example.com,42315 Gonzalez Curve,Hicksside,Maine,Myanmar
8585,Roy,Haynes,emily91@example.org,36329 Margaret Flat Apt. 536,South Madisonchester,New York,Brazil
8586,Martha,Morton,bsmith@example.net,9194 Harrington Land Apt. 619,Scotthaven,Kansas,Togo
8587,Lisa,Ramirez,batesdaniel@example.com,3390 Sarah Trail,South Kristy,Louisiana,Madagascar
8588,Rebecca,Miller,brandon98@example.net,30153 Ian Island,Port Andrew,North Dakota,Botswana
8589,Jeremy,Phillips,christopher95@example.org,393 Black Turnpike Suite 100,New Brianburgh,Washington,South Georgia and the South Sandwich Islands
8590,Gail,Lowe,joseph18@example.com,49632 Kennedy River Apt. 742,Maryfort,Mississippi,Korea
8591,Stacy,Estes,angel04@example.net,5893 Allison Stravenue,Shawnside,Georgia,Uruguay
8592,Jason,Lowery,christinaodom@example.org,616 Kelly Inlet Suite 927,Port Linda,Hawaii,Svalbard & Jan Mayen Islands
8593,Eric,Salazar,eric04@example.org,9945 Trujillo Squares Suite 345,Dawsonfort,Delaware,Iraq
8594,Daniel,Hawkins,michaelhamilton@example.com,9237 Matthew Stream Suite 664,Michaelburgh,Oregon,Nigeria
8595,Kevin,Gordon,nataliejohnson@example.org,7008 Ramirez Court,East Anita,North Dakota,Latvia
8596,Eddie,Durham,mistybray@example.com,09459 Smith Fort,East Nancyville,Montana,Latvia
8597,Daniel,Estrada,james50@example.org,640 Rush Trafficway Suite 268,New James,New York,Tanzania
8598,Jason,Farmer,doris36@example.net,15057 Brittany Circle Suite 416,Davenportmouth,Kentucky,Iran
8599,Anne,Gardner,kerry65@example.com,4395 Juan Plaza Apt. 997,West Melissafurt,Wisconsin,Ireland
8600,John,Powell,dave91@example.net,6823 Mclean Harbors,Meganport,Florida,Libyan Arab Jamahiriya
8601,Nicholas,Bowers,nwilliams@example.net,618 Copeland Square,Lake Daisy,North Carolina,Tuvalu
8602,Tanya,Johnson,william74@example.com,9437 Stephens Mill Suite 153,Perryport,Florida,Luxembourg
8603,Terry,Lee,mendozasharon@example.org,5611 Floyd Brook,East Jennifer,Nebraska,Serbia
8604,Katrina,Hart,pittmanamy@example.org,70757 Ramirez Turnpike Apt. 623,Ramirezbury,Nebraska,Cape Verde
8605,Rebecca,Carter,rrodgers@example.com,44188 Campos Summit Apt. 664,Rebeccaborough,Oklahoma,American Samoa
8606,Michelle,Buckley,rachelsantiago@example.com,46726 Gonzalez Green,Lake Rodneychester,Kansas,Zimbabwe
8607,Wendy,Smith,danamartin@example.org,58850 Davis Bridge Suite 542,East Tracyhaven,Idaho,Niger
8608,Matthew,Williams,mcclureeric@example.org,19165 Valdez Lane,Staffordtown,Idaho,Eritrea
8609,Michael,Rose,anthony22@example.net,00938 Kelly Plaza Suite 636,New Michael,Montana,Belarus
8610,Edward,Ford,amandaelliott@example.org,738 Mueller Vista Apt. 274,Trantown,Idaho,Niue
8611,John,Thomas,nicholasortiz@example.net,800 Moss Forge Apt. 479,East Karenberg,Ohio,Zimbabwe
8612,Jessica,Brooks,hallchristina@example.com,997 Summers Dale Apt. 094,New David,Maryland,Canada
8613,Diana,Joyce,laurensanford@example.org,200 Timothy Circle,Stantonville,Arkansas,Saint Barthelemy
8614,David,Fuller,clayjake@example.com,85324 Erica Junction,Anneburgh,Alaska,Iraq
8615,Meagan,Cole,cynthia01@example.org,546 Oneill Shores,East Jenniferbury,Rhode Island,North Macedonia
8616,Diane,Burke,gjohnson@example.org,29821 Katie Springs,East Larrymouth,Texas,Brazil
8617,Stephanie,Morris,nelsonkelly@example.org,776 Gonzales Loaf Suite 934,Lake Michaelshire,Wisconsin,Iceland
8618,Ronald,Robinson,huntrussell@example.com,255 Crystal Neck Suite 000,Evansport,Montana,Heard Island and McDonald Islands
8619,Danielle,Norris,romerosamuel@example.com,91068 Black Ramp,Lake Kenneth,Maryland,United Arab Emirates
8620,Jose,Smith,nguyenjames@example.org,316 Ryan Bridge,West Paulahaven,Vermont,Uganda
8621,Erika,Stein,colemankara@example.org,915 Aguilar Garden Suite 503,Jamesview,Virginia,Pakistan
8622,Cassandra,Valentine,wilkersonchristian@example.net,124 Sarah Dam Apt. 677,Kathrynmouth,Mississippi,New Caledonia
8623,Joshua,Davis,pattonshaun@example.com,6601 Brown Lane Suite 727,Michellefort,North Carolina,Guatemala
8624,David,Medina,joshua82@example.net,404 Jennifer Extensions Suite 189,South Jameston,Illinois,Nigeria
8625,Deborah,Bell,michaelgardner@example.com,96045 Kenneth Overpass,North Danielton,Delaware,Honduras
8626,Sharon,Villanueva,bowersmisty@example.com,092 Donna Corner,New William,Arizona,Czech Republic
8627,Daniel,Williams,joseallen@example.net,2613 David Fall,South Kelly,North Carolina,Honduras
8628,Nicole,Berry,mary62@example.net,227 Campbell Path,Anthonymouth,Delaware,Kuwait
8629,Morgan,Hampton,martinezmatthew@example.com,2367 Collins Turnpike,Lutzhaven,Kentucky,Yemen
8630,Olivia,Calderon,laura63@example.com,11523 Thomas Cliffs,Frazierfort,Iowa,Pakistan
8631,Marie,Ramirez,bbeard@example.org,2563 Kathryn Forge,East Ricardoborough,Nebraska,Lao People's Democratic Republic
8632,Angela,Thompson,bmassey@example.com,335 Hunter Courts,South Robert,Wisconsin,Vanuatu
8633,Tara,Horne,gwilliams@example.com,409 Brandon Passage,New Raymondland,Rhode Island,Hong Kong
8634,Jonathan,Wright,pagebrian@example.com,8448 Chavez Lane Apt. 674,West Meredith,New Hampshire,China
8635,Pam,Jones,jennifer74@example.com,9813 Wright Trail,Christinechester,Louisiana,Iran
8636,Kevin,Stephens,mayamber@example.com,97414 Daniel Harbor Apt. 835,Smithville,South Carolina,Luxembourg
8637,Danielle,Huff,pwilkinson@example.com,5976 Leslie Locks Suite 370,New Rebeccaton,Hawaii,Italy
8638,Donna,Robbins,perezbrandon@example.net,82052 Laura Dam,New Keith,Massachusetts,Argentina
8639,Nicole,Phillips,johnny65@example.net,71878 Andrea Drive Suite 176,Petershire,Illinois,Belize
8640,Evelyn,Evans,hoopermaria@example.org,4204 Cole Forest Apt. 813,New Jenniferbury,Arizona,Puerto Rico
8641,Sabrina,Lee,ktravis@example.org,8570 Cathy Turnpike,New Robertburgh,Connecticut,Equatorial Guinea
8642,Jill,Robinson,jamespacheco@example.com,75637 Tracy Pass,Stevenland,Connecticut,Guadeloupe
8643,Christina,Solis,john65@example.net,085 Hudson Ranch Apt. 240,North Belindabury,Alaska,Kiribati
8644,Susan,Gilmore,adammoss@example.org,3338 Johnathan Forest,Michelechester,Wyoming,Thailand
8645,Tamara,Cox,ehall@example.net,26106 Costa Spurs Apt. 266,Jonfurt,Nevada,Nigeria
8646,Kimberly,Rivera,medinajoy@example.org,3400 Kennedy Circle Apt. 743,South Mathew,Arizona,French Southern Territories
8647,Michael,Robinson,anthony94@example.net,207 Banks Cove,West Amandaview,Ohio,Andorra
8648,Megan,George,friedmanlouis@example.com,20322 Brianna Glen Suite 831,West Kendraport,New Jersey,Saint Martin
8649,Robert,Campbell,fwalters@example.net,85614 Nathan Mountain,Gordonstad,Illinois,Greece
8650,William,Mills,gouldjason@example.org,825 Rodriguez Extensions,West Lisaburgh,Delaware,Cayman Islands
8651,Logan,Sanders,erinmiller@example.net,504 Lisa Shore Apt. 500,Angelatown,New Mexico,Portugal
8652,Darlene,Bowers,taylormatthew@example.com,7601 Reese Parkway Suite 638,Kathleenfort,Utah,Samoa
8653,Andrew,Hamilton,qgarcia@example.net,219 Travis Village,North Kimberly,Pennsylvania,Antigua and Barbuda
8654,Megan,Glenn,swhite@example.org,174 Carlos Point Suite 339,Hallchester,Alabama,Afghanistan
8655,Oscar,Thomas,davidbowen@example.net,551 Leach Shores Suite 005,East Daniel,Virginia,Bangladesh
8656,David,Lloyd,gabrielduran@example.com,470 Ruth Hills Apt. 063,West Stephen,Maine,Turkmenistan
8657,Kevin,Thomas,kwilson@example.org,10078 George Shoal,Port Edwinfort,Ohio,Paraguay
8658,Cassandra,Castillo,robert69@example.com,97391 Catherine Prairie Suite 949,East Zachary,North Dakota,Congo
8659,Andrew,Bowen,mikeellis@example.com,1824 Maldonado Glen,East Donna,Virginia,Malta
8660,Kristopher,Flynn,jessicafarrell@example.net,68120 Brown Hills Suite 233,Port James,California,Equatorial Guinea
8661,Daniel,Dawson,marshjasmine@example.org,3824 Timothy Ridge,New Brendaton,Alaska,Sierra Leone
8662,Anthony,Jones,jenkinsjennifer@example.org,72490 Jason Station Suite 434,Contrerasshire,Wyoming,Bouvet Island (Bouvetoya)
8663,Ryan,Cherry,zfischer@example.org,66276 Jones Extension Apt. 689,Bauerstad,Kansas,Sao Tome and Principe
8664,Joel,Williams,fwatson@example.com,988 Hernandez Brooks,Port Andrewborough,Rhode Island,Hong Kong
8665,Maria,Zavala,ricardo84@example.com,123 Michael Divide,Deborahhaven,Texas,Venezuela
8666,Jerry,Watkins,michaelferguson@example.org,5607 Peggy Mount,Lake Nancy,Hawaii,Greece
8667,Amy,Williams,connie66@example.com,178 Ryan Station Suite 047,West Nicole,Maryland,Guinea
8668,Ronald,Mcdonald,jane17@example.com,074 Deborah Forks Suite 993,South Lauren,Minnesota,Lithuania
8669,Tammy,Roberts,zsmith@example.net,5249 Thomas Station,Kyleshire,Massachusetts,Lebanon
8670,Aaron,Trevino,oharris@example.net,445 Diaz Fork,South Edward,New Mexico,India
8671,John,Gibson,lspencer@example.org,1037 Derrick Corners,North Morgan,New Jersey,Micronesia
8672,Vanessa,Davies,mwallace@example.net,168 Wang Brooks Apt. 191,Randyhaven,Wisconsin,Liberia
8673,Marcus,Murray,jonathan74@example.com,0941 Luis Street Suite 968,Lake Aaronberg,Virginia,French Polynesia
8674,Leslie,Lowe,smithbrandon@example.net,717 Martinez Centers Suite 343,Rachelside,Florida,Malta
8675,Catherine,Carroll,woodsjohn@example.net,24404 Dawn Throughway Apt. 942,Mullinsstad,Colorado,Trinidad and Tobago
8676,Brian,Waller,clarksusan@example.net,4327 Grace Road,Waltonfurt,Louisiana,Trinidad and Tobago
8677,Cameron,Arnold,kathymckinney@example.com,6317 Ryan Cliff,Graystad,Idaho,Haiti
8678,Jared,Harris,mariathompson@example.org,8406 Hoffman Forge Suite 443,Johnsonbury,Rhode Island,Kenya
8679,Monique,Ford,khenry@example.net,6307 Tanner Forges,East Bryanhaven,Maine,Cuba
8680,Deborah,Patterson,bellnicole@example.com,5565 Billy Meadow Apt. 169,Cindyfort,Montana,Western Sahara
8681,Cory,Cummings,roy16@example.net,017 Keith Vista Apt. 108,Lake Nicholas,South Carolina,Portugal
8682,Nancy,Gonzales,christina18@example.org,431 Regina Street,Gailside,Nevada,Mozambique
8683,Craig,Henry,gabriella61@example.net,641 Diaz Run,South Gary,Florida,United States Virgin Islands
8684,Kristin,Williams,bryantshirley@example.com,7986 Hodges Bridge,Chambershaven,Nebraska,Congo
8685,Bryan,Hamilton,robertsonemily@example.net,65228 Ware Port,Lake Christopher,New Jersey,South Georgia and the South Sandwich Islands
8686,Susan,Kemp,mrodriguez@example.net,663 Heather Plains,Taylorfort,Massachusetts,Holy See (Vatican City State)
8687,Kristin,Mack,matthewjordan@example.net,814 Cook Lodge Apt. 320,East Anna,Montana,Reunion
8688,Elizabeth,Klein,dgreen@example.org,8780 Robert Route,Gonzalesville,Mississippi,Italy
8689,Alice,Reed,mdiaz@example.org,2512 John Lodge,West Jonathan,Oregon,Cuba
8690,John,Carter,gjuarez@example.net,7943 Anita Flat Apt. 025,Jackieland,New Jersey,Tuvalu
8691,April,Dunn,andersonrobert@example.org,08219 Lisa Locks,Port Anthonyshire,Georgia,Svalbard & Jan Mayen Islands
8692,Holly,Lam,vchan@example.net,66927 Diane Centers Suite 967,Denisefort,Wyoming,Holy See (Vatican City State)
8693,Christina,Simmons,david52@example.org,984 Jill Forks,Port Davidborough,Delaware,United States Minor Outlying Islands
8694,Lindsay,Mosley,lewisjoseph@example.com,784 Hanson Orchard Apt. 341,Alanbury,New Mexico,Norfolk Island
8695,Lydia,Mullen,blane@example.com,545 Hines Ford,East Paigeport,Arkansas,Gabon
8696,Kimberly,Hood,carolynjones@example.org,45091 Stanton Ranch,South Sherrifort,Connecticut,Bahamas
8697,Crystal,Graham,joseph14@example.com,94746 Kathy Mountain Suite 485,West Chelseaburgh,North Carolina,Kyrgyz Republic
8698,Tara,Cline,gmoore@example.com,179 James Inlet,Josephfurt,Rhode Island,French Guiana
8699,Cory,Jackson,barbara22@example.com,45972 Heather Alley,West Victoriaborough,Indiana,Honduras
8700,Patricia,Mccarthy,mark63@example.org,5841 Washington Mills Suite 171,West Angelaside,Massachusetts,United States of America
8701,Aaron,Campos,tammy16@example.net,9985 Betty Street Suite 043,North Lance,Florida,Palestinian Territory
8702,Christopher,Clements,tclark@example.org,36292 Renee Road,South Jennifertown,Connecticut,Tokelau
8703,Toni,Mason,jenniferduncan@example.com,70891 Michelle Creek,South Petertown,Indiana,Aruba
8704,Sandra,Curry,brownkaren@example.com,275 Guzman Trail Apt. 481,Lake Holly,Hawaii,South Georgia and the South Sandwich Islands
8705,Heather,Gutierrez,andreyoung@example.com,9069 Roger Bridge Apt. 917,Port Kimberly,Rhode Island,Trinidad and Tobago
8706,Charles,Herrera,ihall@example.com,0919 Nancy Row,West Leahside,New York,Albania
8707,Angel,Cruz,bauerkatherine@example.net,0624 Mallory Orchard,South Joseph,Massachusetts,Cocos (Keeling) Islands
8708,Xavier,Daniels,kevinschwartz@example.org,933 William Fort,Port Lindastad,Montana,Venezuela
8709,Barry,Smith,nathan98@example.org,1247 Angel Ports Apt. 764,Shannonbury,Missouri,American Samoa
8710,Lisa,Mccoy,brittany91@example.net,620 Elizabeth Cliffs,Robinsontown,South Carolina,Benin
8711,Julie,Ortiz,sherimoreno@example.org,42914 Cruz Summit Suite 989,Lake Margaret,Michigan,British Virgin Islands
8712,Stanley,Delgado,hudsonvalerie@example.org,4334 Micheal Stream,Annchester,California,Germany
8713,Jennifer,Kelly,jrodgers@example.com,1676 Allen Mill Apt. 990,Port Anthony,Wisconsin,Oman
8714,Jerry,Davenport,mmorgan@example.org,52579 Hale Lake,Michellemouth,New York,French Polynesia
8715,Kimberly,Vang,ctaylor@example.net,0831 John Forges,Theresaside,Oklahoma,Saint Pierre and Miquelon
8716,Laurie,Sanchez,nicolehart@example.org,598 Jeffrey Meadows Suite 204,Andreberg,Vermont,Micronesia
8717,Marcus,Smith,burnslisa@example.net,33983 Rebecca Drives,South Wendyhaven,Washington,Haiti
8718,Danielle,Pierce,thomas84@example.org,533 Jared Mission Apt. 125,Port Monique,Kentucky,Portugal
8719,Jeffrey,Bush,shortjesse@example.net,0922 Roberto Fords,Elizabethbury,Hawaii,Central African Republic
8720,Gregory,Ochoa,larsonlarry@example.com,533 Lewis Shores Apt. 460,New Gregory,Arizona,Tajikistan
8721,Yesenia,Wagner,ahernandez@example.com,89576 White Loop,South Andrewberg,New Hampshire,Mongolia
8722,Nicole,Simmons,wkramer@example.org,902 Stephanie Isle,Lauramouth,Kansas,Burkina Faso
8723,Jennifer,Kaufman,xdean@example.org,4051 Teresa Unions Suite 182,Clarkland,Alabama,Paraguay
8724,Michael,Payne,shawnoconnor@example.net,28590 Sandra Fields Apt. 879,Richardburgh,Florida,Belgium
8725,Andrew,Delacruz,wagneramy@example.com,8076 Robert Neck,Norrisfort,Alaska,Afghanistan
8726,Eric,Waters,tbarr@example.org,790 Ford Forges Suite 164,West Jesse,New York,United States Minor Outlying Islands
8727,Melinda,Harris,rramsey@example.org,76567 Tony Dam,Port Ryanmouth,Colorado,Reunion
8728,Christopher,Lewis,shane79@example.net,888 Smith Burgs Apt. 746,South Monique,Pennsylvania,Thailand
8729,Kelly,Burgess,itorres@example.com,2157 Justin Course Apt. 637,Lake Anthony,Washington,Congo
8730,Brandon,Rojas,ibradley@example.com,55908 Stone Fields Suite 644,Allenberg,North Carolina,Guernsey
8731,Dana,Herrera,lori60@example.net,67059 Michelle Burg,Tuckerchester,Kansas,Cape Verde
8732,Edward,Stanton,emma20@example.com,6956 Courtney Lodge Suite 934,Conwaystad,Wisconsin,Myanmar
8733,Samantha,Davis,trevorspence@example.org,256 Dakota Lodge,Port Rachel,Alabama,Niger
8734,David,Martinez,marquezdanielle@example.net,7129 Jessica Spurs Suite 498,Kennethton,Louisiana,South Georgia and the South Sandwich Islands
8735,Tommy,Moyer,kaitlyn48@example.com,21992 Williams Mills Apt. 858,North Tyler,Maine,Yemen
8736,Lauren,Olson,christinecardenas@example.net,3164 Jill Expressway Suite 635,Port Ashley,Minnesota,Jamaica
8737,Kevin,Bush,beardelizabeth@example.org,20374 Christopher Plaza,Brandonmouth,Nevada,Monaco
8738,Jerry,Rice,elewis@example.net,012 Brown Row Apt. 200,East Williamhaven,Idaho,Palestinian Territory
8739,Jennifer,Harris,jenniferjordan@example.net,20533 Sara Ports Apt. 494,Samuelchester,Florida,Oman
8740,Jennifer,Flores,blankenshiphannah@example.net,48485 Gardner Ramp Apt. 931,Lake Anthony,Arizona,Saint Lucia
8741,Christian,Wiggins,kelseydixon@example.com,36366 Vickie Fall,North Andrew,Michigan,Lesotho
8742,Savannah,Campos,jonathon00@example.net,63916 Stephen Lane,Markton,Ohio,Dominican Republic
8743,Richard,Porter,david74@example.net,03566 Timothy Drives Suite 610,North Michaelborough,Virginia,Korea
8744,Albert,Welch,youngrebecca@example.org,83469 Garrett Parkway Suite 853,New Timburgh,Nevada,Bangladesh
8745,Arthur,Jones,gavin57@example.org,65690 Christopher Streets Apt. 876,South Dwaynemouth,Utah,Kiribati
8746,Ronald,Castro,acostatheresa@example.org,9807 Jackson Station Suite 898,East Kevin,Oklahoma,New Zealand
8747,Ronald,Mcmahon,jose68@example.org,8465 Bonnie Route Suite 263,North Roberta,Utah,Montserrat
8748,Karen,Smith,amandafreeman@example.net,4939 Christopher Ville Suite 653,West Peterstad,Connecticut,Cuba
8749,Patricia,White,tmartin@example.com,46559 Fleming Road,Billyshire,Texas,Lebanon
8750,Melissa,Jones,nmiller@example.com,309 Tapia Viaduct,New Johnfort,Florida,Burkina Faso
8751,Chad,Figueroa,marquezcharles@example.com,96209 Warren Via Suite 135,Lake Dwaynemouth,Kansas,Burkina Faso
8752,Crystal,Douglas,rachelaustin@example.com,00681 Matthew Mission Apt. 570,Berryshire,Indiana,United Kingdom
8753,Tonya,Turner,morrisonsteven@example.org,99918 Ruth Stream,Gregoryport,Utah,Ethiopia
8754,Erica,Edwards,kennethjackson@example.com,75766 Clark Grove,Fisherland,Missouri,Sri Lanka
8755,Nancy,Copeland,frederickgarcia@example.com,2946 Erica Knoll,East Jackton,Pennsylvania,Pitcairn Islands
8756,Marissa,Blair,michelle79@example.net,00927 Erica Extension,New Loretta,Rhode Island,Burundi
8757,Nicholas,Lawrence,hburgess@example.net,20046 John Tunnel,Erikafort,Oklahoma,Myanmar
8758,Robert,Kelly,nmercer@example.org,9840 Clinton Ramp Apt. 703,East Andrea,Tennessee,Bulgaria
8759,Michael,James,michaelmcdonald@example.com,072 White Club Apt. 192,Rogersstad,South Carolina,Congo
8760,Roberto,Mack,millerjames@example.com,691 House Road,West Daniel,Iowa,Cuba
8761,Carlos,Kim,jeffrey49@example.com,756 Chambers Mountains Apt. 416,Georgefurt,South Dakota,Andorra
8762,Christopher,Wells,hallronald@example.org,5184 Laura Freeway,Aimeeshire,New Jersey,Lithuania
8763,Edward,Fitzgerald,monique37@example.net,24578 Kim Vista,Lake Gregoryfort,Oregon,Sri Lanka
8764,James,Chavez,pamela58@example.org,353 Grant Rest,South Joshuamouth,Arkansas,New Zealand
8765,Ana,Holt,julie48@example.org,92277 Miller Bypass Apt. 449,Austinview,South Dakota,Tunisia
8766,Pamela,Norman,anthonyschaefer@example.net,805 Thompson Wall,Port Russell,Oregon,Falkland Islands (Malvinas)
8767,April,Williams,alicia37@example.com,805 Tiffany Heights,Stephenbury,Washington,Romania
8768,Christopher,Martin,jacob30@example.org,8046 Flores Flat Apt. 044,West Courtneyhaven,Illinois,Christmas Island
8769,Kerry,Moore,lloydjerry@example.com,1553 Lynch Union,Lake Maryville,Nebraska,Cambodia
8770,Cynthia,Odonnell,ybailey@example.net,1319 Peter Manors,Huberhaven,West Virginia,Taiwan
8771,Joshua,Tapia,russelldavid@example.com,0925 Martinez Spur Apt. 688,East Elizabeth,Mississippi,Kiribati
8772,Kevin,Hodge,georgecolleen@example.org,6495 Robert Light Suite 752,Nicholsbury,Oklahoma,United States Minor Outlying Islands
8773,Jonathan,Young,rubenballard@example.org,6581 Brown Ridge Apt. 859,Peterhaven,Illinois,El Salvador
8774,Jeffery,Hale,selena92@example.com,06017 Hernandez Drive Suite 812,Pricefort,Mississippi,Azerbaijan
8775,Sarah,Henderson,whitedaniel@example.org,1798 Tony Dam,Josephmouth,Delaware,Bangladesh
8776,Heather,Murillo,hparker@example.net,384 Weber Lock Suite 695,New Dennis,Maryland,Moldova
8777,Lisa,Morgan,jimenezjames@example.com,62273 Valerie Landing,Jennashire,Delaware,Saint Lucia
8778,Elizabeth,Murphy,lindsay19@example.com,478 Troy Viaduct,Billymouth,Massachusetts,Liechtenstein
8779,Timothy,Lee,hudsonemily@example.com,69910 Brown Mews Suite 757,Christopherburgh,North Dakota,Uzbekistan
8780,Victoria,Smith,william59@example.net,28819 Jensen Key Apt. 608,North Jennifer,Kentucky,Afghanistan
8781,Mary,Cross,briansilva@example.org,921 Lam Mount Apt. 855,Thomasborough,California,Vanuatu
8782,Jeremy,Oconnor,patriciajohnson@example.net,94031 Martinez Wells,North Garyview,Alabama,United States of America
8783,Howard,Jackson,gadams@example.org,854 Robert Square Apt. 761,Port Kathrynview,Nebraska,Togo
8784,Trevor,Woods,karen01@example.com,804 James Key Apt. 798,Ramirezfurt,New Jersey,Kiribati
8785,Troy,Vasquez,anthonykelly@example.net,803 Bradley Burg Apt. 037,New Danny,Montana,Cameroon
8786,Sean,Davis,carla87@example.net,1481 Ashley Locks Suite 168,North Josephview,Florida,Mexico
8787,Eric,Bishop,jeffrey83@example.org,23637 Davila Square,New Lisa,Pennsylvania,Korea
8788,James,Dougherty,dturner@example.org,746 Christopher Mountain Apt. 806,North Kelly,Kansas,Netherlands Antilles
8789,Derrick,Hendrix,josephcoffey@example.com,674 Cohen Shores Suite 753,South Timothyland,Michigan,Barbados
8790,Jerry,Robinson,wolfjoseph@example.com,4007 Vargas Mission,West Hannahport,Colorado,Hong Kong
8791,Rachel,Osborne,lindaortiz@example.net,3719 Elijah Ferry,Port Jasmineside,Oregon,San Marino
8792,Sally,Matthews,hwright@example.org,843 Kendra Junctions Apt. 390,South Paul,Wyoming,Jersey
8793,Denise,Walters,rstephens@example.org,30087 Donaldson Valley Apt. 067,Port Robertville,Colorado,Albania
8794,David,Parker,bperez@example.com,546 Timothy Pines Suite 410,Paulside,Tennessee,Norway
8795,Michael,Patterson,munozbenjamin@example.net,2170 Mario Station,Lake Shannon,Vermont,Saint Lucia
8796,Steven,Wheeler,whall@example.net,15602 Munoz Oval Suite 820,Brewerville,Kansas,Fiji
8797,Erika,Griffin,bpatterson@example.net,43176 Scott Greens Apt. 078,Vanessaberg,Idaho,Croatia
8798,Erica,Hartman,pjohns@example.net,92503 Joshua Court,Michellestad,Connecticut,Brazil
8799,Kelly,Wilson,tcunningham@example.net,61708 Anthony Harbor,Lake Charles,Texas,Uzbekistan
8800,Travis,Smith,john23@example.org,3902 Ellis Trace,Christopherberg,Idaho,Turkey
8801,Ashley,Lyons,flawson@example.net,4423 Schmidt Manors,Beverlyfort,Tennessee,Peru
8802,Antonio,Vance,markmontes@example.com,84804 Jennifer Cliff,Youngberg,Delaware,Martinique
8803,Donald,Medina,dwright@example.net,496 Charles Viaduct,Davidbury,New Mexico,Swaziland
8804,James,Smith,hallison@example.net,92496 Sean Way Suite 861,South Paul,Mississippi,Liechtenstein
8805,Lori,Luna,gmorrison@example.org,41558 King Viaduct Suite 082,West Tiffany,Alabama,Cyprus
8806,Jason,Russo,xsmith@example.com,04794 Watson Trail Apt. 839,North Scottton,Colorado,Spain
8807,Kristin,Smith,david95@example.com,9743 Lori Courts,Davidberg,Connecticut,Suriname
8808,Allison,Hanna,pittmankristine@example.com,12286 Humphrey Mountain Suite 183,Lake Melvinbury,Alabama,Mali
8809,Katie,Franklin,nancywells@example.net,34451 Jason Port,Davidtown,New York,Antarctica (the territory South of 60 deg S)
8810,Stephanie,Rios,iayala@example.net,6220 Felicia Place Apt. 863,Starkmouth,Massachusetts,Iran
8811,Paula,Figueroa,stacey16@example.net,01657 Brooks Mountains Suite 093,Petersonmouth,Maine,Liechtenstein
8812,Jasmine,Weaver,dreynolds@example.org,1820 Brown Green Suite 701,New Thomasmouth,Iowa,United Kingdom
8813,Cheryl,Phillips,hpowell@example.com,1696 Anderson Groves,East Brian,California,Tokelau
8814,Lindsey,Price,msimon@example.net,626 Catherine Hill Apt. 706,Lake Patrick,Alaska,Timor-Leste
8815,Jon,Winters,rfreeman@example.com,82347 Garcia Courts,Sandersstad,Kentucky,Cyprus
8816,Christine,Frazier,brandon99@example.net,46305 Scott Islands,Nguyenbury,Wyoming,Austria
8817,Lindsey,Rosales,dreed@example.com,71294 Michele Mount Apt. 213,Dominguezborough,Nebraska,Montserrat
8818,John,Rogers,dmcdaniel@example.org,0821 Davis Drives,East Kristi,Arkansas,Andorra
8819,Kimberly,Weaver,nathanielanderson@example.com,494 Gonzalez Trafficway,Stephanieberg,Oklahoma,Jordan
8820,Sarah,Ross,jamiewright@example.org,350 Shane Isle Apt. 767,New Zachary,Pennsylvania,Benin
8821,Emily,Hooper,cobbemma@example.org,278 Berry Estates,Kristenbury,Tennessee,Mayotte
8822,Melissa,Hancock,jessica63@example.com,3776 Mclean Creek Suite 010,East Lacey,Wyoming,United Kingdom
8823,Rodney,Bush,snash@example.net,1517 Woodward Shore,South Brittanyshire,Colorado,Netherlands Antilles
8824,Michelle,Parker,rebecca99@example.net,218 Charles Turnpike Suite 654,Rochahaven,Wyoming,Tuvalu
8825,Cindy,Wright,williamsronald@example.net,6706 Phyllis Isle,Nancyland,Utah,Sudan
8826,David,Garrett,shannonhorton@example.com,393 Lawrence Parkways,Lauraborough,Vermont,Qatar
8827,Alfred,Evans,zpatterson@example.org,399 Franco Estates Apt. 698,Hernandezport,Louisiana,Bosnia and Herzegovina
8828,Jean,Donaldson,ljones@example.org,23221 Farmer Shoals Suite 322,Laurenville,Wisconsin,Kuwait
8829,James,Montgomery,quinnalexandria@example.org,9194 Samuel Key Apt. 863,Port Michaelborough,Michigan,Micronesia
8830,Cameron,Stevens,frankhenson@example.com,7565 Powell Court Suite 072,New Victoria,Hawaii,Saint Kitts and Nevis
8831,Phillip,Spencer,vfriedman@example.org,14971 Joseph Summit,North Caitlinville,Minnesota,Ukraine
8832,Dustin,Thomas,terribrown@example.net,26467 Raymond Plaza Apt. 217,New Brandonmouth,Missouri,Honduras
8833,Kevin,Hernandez,montoyarobert@example.org,5229 Gabriel Shores,Greenestad,Montana,Papua New Guinea
8834,Nancy,Carson,qhernandez@example.com,24110 Wheeler Village,Lake Katrinamouth,Alaska,Nepal
8835,Michelle,Jones,jennifer77@example.org,5630 Harris Mission,Wadeborough,South Dakota,Colombia
8836,Mark,Long,deannadavis@example.org,7337 Wilson Ramp Apt. 375,Lopezburgh,Tennessee,Bermuda
8837,Jasmin,Moran,david77@example.org,8583 George Vista,North Leetown,Massachusetts,Armenia
8838,Sharon,Carey,johnny43@example.org,4888 Erin Port,New Emilybury,Iowa,Lebanon
8839,Parker,Hernandez,gsimon@example.net,79474 Brian Gardens Apt. 115,Laurenview,Alabama,Djibouti
8840,Patricia,Hendrix,thompsondavid@example.com,2424 Aaron Court,Danielland,Florida,Ghana
8841,Donna,Smith,brianwilliams@example.org,842 Hall Harbor Suite 617,New Kennethburgh,North Dakota,Sri Lanka
8842,Kimberly,Soto,christopher04@example.com,61587 James Glens,New Jamesville,Missouri,Guadeloupe
8843,Lawrence,Morgan,xdavis@example.org,981 April Hollow Apt. 936,Huntton,Indiana,Yemen
8844,Linda,Harding,kcoleman@example.net,2076 Jasmine Manor,Riverahaven,Vermont,North Macedonia
8845,Vincent,Grant,cunninghamjessica@example.org,54025 Zamora Motorway Suite 002,Brockport,South Dakota,Jamaica
8846,Sheila,Wells,cordovacameron@example.net,0003 Adrienne Land Apt. 760,Higginsshire,Minnesota,Colombia
8847,Amy,Hanna,rebeccasmith@example.org,4635 Andrew Club Suite 863,South Randy,Maryland,Niger
8848,Kyle,Daugherty,dillonadams@example.net,3628 Ortiz Islands,Heatherside,Nebraska,Hong Kong
8849,Wayne,Wolf,greenlouis@example.com,1613 Alan Corners,Brandonfurt,Maryland,Gibraltar
8850,Kenneth,Marks,nathanrocha@example.net,96993 Castillo Trail Suite 929,East Edwardhaven,Massachusetts,Gibraltar
8851,Robert,Aguilar,abbottlauren@example.com,07002 Rodriguez Mews Suite 089,West Waynefort,Ohio,Aruba
8852,Kenneth,Martin,andrewreed@example.org,90244 Mandy Loop,West Michael,Tennessee,Trinidad and Tobago
8853,Stephanie,Murphy,clintondavis@example.org,75704 Santana Forge,Alexanderton,Colorado,Cayman Islands
8854,Kristin,Huynh,smarshall@example.com,7170 Beard Groves,New Elizabethside,Colorado,Nepal
8855,Justin,Bell,changkayla@example.net,58789 Shawn Rapids,Judytown,Wisconsin,Dominica
8856,Kristen,Martin,riverapaul@example.org,199 Boyd Forge Suite 027,Port Tyler,Kentucky,Aruba
8857,Amber,Hudson,ytyler@example.net,27185 Kelly Ridge,Gardnerhaven,Alaska,Philippines
8858,Christopher,Tucker,singhblake@example.org,07841 Berry Divide Apt. 415,New Brandon,New Jersey,Antigua and Barbuda
8859,Wendy,Harper,williameverett@example.org,1797 Perkins Loaf,Johnburgh,Louisiana,Oman
8860,James,Wright,penajoel@example.com,57860 Oliver Passage Apt. 885,Millerland,Kansas,Russian Federation
8861,Holly,Ward,sara52@example.org,434 Melinda Ridge,West Dominiquemouth,Colorado,China
8862,Julie,Lindsey,christopher10@example.net,3044 Gross Meadow,North Rachel,Louisiana,Tokelau
8863,Danielle,Robertson,jeffreyhood@example.org,3669 Angela Rest,Port Laurenton,Florida,Namibia
8864,Elizabeth,Poole,michaeltorres@example.net,5305 Alvarez Hill,Clementsberg,Delaware,Norfolk Island
8865,Maria,Wade,laurieliu@example.com,6348 Barry Inlet,Jacobsberg,West Virginia,Burkina Faso
8866,Carlos,Henderson,donna47@example.org,1800 Murphy Spurs,Michaelberg,Illinois,Northern Mariana Islands
8867,Scott,Curtis,oburgess@example.net,6312 Walter Mountains,Parkerside,Oklahoma,Somalia
8868,Joshua,Johnson,amy23@example.org,7334 Johnson Island Suite 338,North Ashley,Florida,Bolivia
8869,Kayla,Moran,stravis@example.org,9639 Faulkner Streets,West Bobby,North Dakota,Eritrea
8870,Brad,Decker,brewerjeremy@example.net,713 Joshua Burg,South Jill,Hawaii,Qatar
8871,Kimberly,Waters,ramirezsamuel@example.com,7670 Diane Ville,Port Deanna,Wisconsin,Tuvalu
8872,Juan,Browning,stephaniemartin@example.com,683 Daniel Turnpike Suite 470,Waltersshire,Florida,Montserrat
8873,Mark,Holland,simmonsannette@example.com,25815 Brenda Forest,Reginaville,Hawaii,Anguilla
8874,Caroline,Brady,michaelalexander@example.net,3060 Angela Roads Suite 236,North Heather,Arizona,Saudi Arabia
8875,Christopher,Love,peterspencer@example.net,274 Duran Mountains,Lesterberg,Connecticut,Anguilla
8876,Connor,Gardner,roydalton@example.com,606 Vaughn Harbors,Gabriellefurt,Tennessee,Congo
8877,Abigail,Roman,moraalbert@example.org,8221 Love Land Suite 908,Elizabethmouth,Kansas,Slovakia (Slovak Republic)
8878,Maxwell,Herrera,pamelaorozco@example.org,969 Shelia Road Suite 888,North Derrickborough,West Virginia,Cook Islands
8879,Lisa,Phillips,frenchchristine@example.net,00697 Stephanie Villages,Katiemouth,Michigan,Morocco
8880,Ronald,Best,jamie99@example.com,071 Jared Key Apt. 340,Osborneton,Idaho,Singapore
8881,Aaron,Crawford,tiffany93@example.org,6714 Amanda Junction Apt. 830,Simmonsside,Ohio,Colombia
8882,Katie,Brown,ucook@example.net,47141 Williams Rapid,East Carlos,Utah,Hong Kong
8883,Jennifer,Jennings,tiffanydavis@example.com,04536 George Junctions Apt. 447,New Katelynside,Nevada,Hungary
8884,Tiffany,Peterson,fdavis@example.org,36171 Brown Port,Judyland,Alaska,Somalia
8885,Randy,Smith,lewiskenneth@example.org,775 Robinson Crossroad Apt. 683,South Lisa,North Carolina,Paraguay
8886,Adam,Martin,laura32@example.org,9736 Deborah Branch,Brownview,North Dakota,Estonia
8887,Sarah,Dawson,littlejohn@example.net,6412 Lewis Stravenue Suite 652,Hillville,Arkansas,South Georgia and the South Sandwich Islands
8888,Zachary,Stanley,xharper@example.org,02868 Donald Ferry,West Ryan,New Mexico,Cayman Islands
8889,Anthony,Hall,lawrence49@example.com,24781 Raymond Squares Apt. 707,Lake Samuelfurt,New Jersey,Canada
8890,Tony,Cole,lisaherring@example.net,3773 Kelsey Vista Apt. 834,West Natalieshire,Massachusetts,Bouvet Island (Bouvetoya)
8891,Christina,Dunlap,craigheather@example.net,364 Anderson Cape,Lake Lesliehaven,Nebraska,New Caledonia
8892,Erica,King,morsecarol@example.net,243 Brenda Cove Suite 513,Walkerville,New York,Slovenia
8893,Robert,Mullins,vbryan@example.net,3477 Patton Forges Apt. 320,Middletonshire,Wyoming,Saint Kitts and Nevis
8894,Cheryl,English,shelbysmith@example.net,693 Sabrina Spurs,Barryport,South Carolina,Angola
8895,Susan,Church,fkennedy@example.net,45573 Allison Port Suite 773,New Juliashire,North Carolina,Australia
8896,Robert,Brown,todd41@example.net,204 Mcdaniel Valleys,Robertview,Illinois,Lao People's Democratic Republic
8897,Cindy,Avila,myersmark@example.com,44611 Fowler Unions Suite 610,New Lance,Connecticut,Ireland
8898,Tanya,Young,rcooper@example.org,986 Renee Springs,Sharonburgh,Indiana,Venezuela
8899,Bonnie,Serrano,dillonfelicia@example.net,937 Justin Square Apt. 505,West Brian,Alaska,Turkey
8900,Daniel,Parker,penny83@example.com,907 Kelly Island Apt. 561,Youngborough,North Dakota,Swaziland
8901,Lindsay,Mcguire,millsjeanette@example.net,465 Casey Park,Port Ryanport,New Mexico,Pitcairn Islands
8902,Andrew,Jones,huangbrian@example.org,3409 Williams Ford Suite 996,Lauraton,New Jersey,Malaysia
8903,Sylvia,Orozco,rebecca65@example.net,820 Mathis Stravenue,Port Christina,Tennessee,Wallis and Futuna
8904,Rebecca,Moreno,gregorybrown@example.com,719 Mason Vista,North Marcusfurt,Alabama,Nicaragua
8905,Brian,Watson,angelawalker@example.com,93560 Powell Wells Suite 769,East Josephhaven,Colorado,Zimbabwe
8906,John,Baker,tmiller@example.net,770 Best Prairie Apt. 396,Tammyport,Massachusetts,Belarus
8907,Kevin,Bell,michaeltaylor@example.org,7511 Williams Squares Apt. 348,New Thomas,California,Sudan
8908,Margaret,Vargas,jamesmcclure@example.com,98908 Doris Vista,Marybury,Rhode Island,Argentina
8909,Shawn,Wells,michele91@example.net,180 Jodi Junction Suite 258,East Michael,Washington,Monaco
8910,Kyle,Mitchell,hshields@example.com,7135 Nicole Way,New Danielside,Kentucky,Slovakia (Slovak Republic)
8911,Ann,Gutierrez,brownmatthew@example.net,349 Hernandez Place Apt. 356,Martinezbury,New Mexico,Malaysia
8912,Patricia,Myers,smithandrew@example.com,204 Carson Mountains,Kimberlymouth,Oregon,Montenegro
8913,William,Grant,xrowland@example.org,8659 Alexander Knoll Suite 241,East Michelleburgh,New Hampshire,Gambia
8914,Craig,Harris,tgutierrez@example.com,5816 Cooke Estates,East Cynthia,Idaho,Niue
8915,Alexander,Frazier,ramosalexandria@example.com,408 Daniel Place,Marthatown,Georgia,Malaysia
8916,Sarah,Blanchard,crice@example.net,42927 Robinson Terrace Apt. 036,Mitchellstad,Kansas,Tajikistan
8917,Kathy,Jackson,troberts@example.com,050 Kathryn Ports Apt. 354,Ortizbury,Nebraska,Czech Republic
8918,Jeremiah,Perez,danakoch@example.net,11913 Ward Loaf,New Margaret,Georgia,Cayman Islands
8919,Lisa,Tran,jordanvalenzuela@example.com,8108 Macias Lake Suite 657,Aguilarton,Massachusetts,Nauru
8920,Ronald,Perry,fwatts@example.com,617 Debra Lights Apt. 381,Francoborough,Nebraska,Hungary
8921,Pamela,Evans,omarclayton@example.org,359 Laura Oval,Hensleyshire,Nebraska,Burundi
8922,Carolyn,Mann,richardbrewer@example.net,464 Johnson Points Suite 013,South Amanda,California,Lithuania
8923,Jonathan,Reed,theresa66@example.com,53374 Robert Rue Suite 952,Bennettview,Delaware,Yemen
8924,Monique,Hughes,steeleashley@example.com,99252 Gordon Rapids Suite 629,Lake Kristenhaven,Indiana,Gibraltar
8925,Daniel,Alexander,joneskenneth@example.org,278 Alex Glens Apt. 820,Vaughnfort,New Hampshire,Papua New Guinea
8926,Jacqueline,Cook,yudavid@example.org,9752 Crystal Shore,Carrilloton,New Mexico,Greenland
8927,John,Wright,julie90@example.org,5574 Michele Locks,Porterport,Alabama,Turkmenistan
8928,Kelly,Martinez,hernandezandrew@example.com,319 Burns Row Suite 796,Danielville,Kentucky,Sri Lanka
8929,Lisa,Brown,laura19@example.com,67710 Donna Mission Apt. 479,Port Aaron,West Virginia,Guernsey
8930,Gregory,Johnson,jeremy44@example.com,7993 Cheryl Parkway Suite 936,Christinehaven,Virginia,Solomon Islands
8931,Joseph,Nelson,uwilliams@example.org,6262 Skinner Mission Apt. 997,Danaville,New Mexico,Saint Kitts and Nevis
8932,Jill,Valdez,ramirezmichael@example.org,74826 Jones Mill Apt. 897,North Eric,Missouri,Uruguay
8933,Michael,Brown,james07@example.org,93048 Mcmillan Place Suite 413,North Amymouth,Alabama,Yemen
8934,Charles,Shaw,morrisamanda@example.com,2437 Kayla Crescent,Garretthaven,Oregon,Costa Rica
8935,Jose,Archer,jasongamble@example.net,667 Shelton Coves Apt. 625,Derricktown,Ohio,South Georgia and the South Sandwich Islands
8936,Edgar,Martinez,hwilson@example.org,678 Wolfe Place,Lake Lisamouth,South Dakota,Romania
8937,Daniel,Woods,mreed@example.com,825 Hayley Motorway Suite 805,West Barbaraton,Washington,Andorra
8938,Jesse,Watson,pattersonvalerie@example.net,24873 White Estate Apt. 938,South Catherine,Illinois,Djibouti
8939,Nicole,Torres,barbara93@example.org,8870 Herring Summit,Brettville,Washington,Sweden
8940,Jeffery,Mercer,lisagonzalez@example.net,114 Kelly Course Apt. 155,New Michael,Alaska,Kenya
8941,Michele,Lambert,vmoore@example.org,820 Laura Villages Apt. 226,Jasonbury,South Dakota,Papua New Guinea
8942,Crystal,Reed,patrick75@example.org,138 Mary Mission Suite 067,South Eddie,Kansas,Netherlands
8943,Timothy,Moss,lwaters@example.net,9598 Janet Squares Apt. 268,Ashleyport,North Carolina,France
8944,James,Kim,joseph40@example.org,392 Blackwell Tunnel Apt. 372,North Margaret,Iowa,South Georgia and the South Sandwich Islands
8945,Rachel,Duncan,riversamy@example.net,375 Whitaker Mountains Apt. 629,Smithmouth,Nebraska,Ethiopia
8946,Cindy,Schaefer,lindanelson@example.net,658 Briggs Crest,North Alexandra,Hawaii,Marshall Islands
8947,Scott,Mcmillan,sanchezcameron@example.net,9975 Williams Via Suite 315,Davidville,Oklahoma,Saint Lucia
8948,Joseph,Garcia,harrissamuel@example.com,4258 Kathy Corner,New Adam,Nevada,Holy See (Vatican City State)
8949,Rachel,Tyler,carrlori@example.com,5243 Jonathan Port,East Teresa,Washington,Congo
8950,Sara,Patterson,baueramanda@example.org,068 Guerrero Island Apt. 691,North Justin,Maryland,French Guiana
8951,Angela,Terry,luceroabigail@example.org,82531 Clark Ridge,Alexiston,Connecticut,Uruguay
8952,Rhonda,Oliver,danielroberts@example.com,283 Garcia Courts Suite 583,West Glenn,North Carolina,United States Minor Outlying Islands
8953,Jacob,Bruce,stanley59@example.net,9916 John Port Apt. 912,Brittanymouth,Delaware,Ireland
8954,Darrell,Young,aaronwatkins@example.net,110 Catherine Drive Apt. 365,West Danielville,Maine,Bermuda
8955,Brooke,Shannon,jacksonlauren@example.org,3536 Dylan Orchard Suite 430,Carlsonfort,New Jersey,Andorra
8956,Michelle,George,parkerjordan@example.org,721 Chandler Junction,Gardnerberg,Connecticut,Liechtenstein
8957,Charles,Williams,lisagray@example.org,72538 Kimberly Plaza Suite 869,Kristiemouth,New Jersey,Germany
8958,Shawn,Jackson,iharper@example.org,0221 Samantha Road,Port Gregory,Utah,Eritrea
8959,Joseph,Chen,michael29@example.net,10860 Bobby Extensions,North Sarahland,Oregon,Norway
8960,Belinda,Freeman,mmoran@example.net,46617 Adam Alley Suite 312,Shawnborough,Virginia,Austria
8961,David,Anderson,bruceandrade@example.net,17809 Adkins Locks Apt. 136,Murphyburgh,Indiana,Russian Federation
8962,Brenda,Shaw,theresaramirez@example.com,87120 Christopher Street Apt. 281,East Joshuaport,Illinois,Central African Republic
8963,Robin,Barnes,ilucas@example.com,69308 Douglas Springs,Reginaberg,Pennsylvania,Gabon
8964,Patrick,King,wphillips@example.net,6486 Winters Center,Angelachester,Hawaii,Svalbard & Jan Mayen Islands
8965,Anthony,Hampton,janderson@example.net,526 Fisher Union,Kingstad,Louisiana,Sierra Leone
8966,Ray,Davis,wmcfarland@example.net,93111 Susan Trace,South Kimberlytown,Wisconsin,Niger
8967,Jose,Petersen,xreed@example.net,197 Richard Hill,Dwayneton,South Carolina,Central African Republic
8968,Michael,Richardson,christianmontes@example.net,0489 James Lights,New Rebecca,Wyoming,Mauritania
8969,Anthony,Smith,melaniejohnson@example.org,068 Higgins Cliffs Suite 518,Lake William,Kansas,Mexico
8970,William,Walker,howarddanielle@example.net,7918 Stephen Circle,Jonathanhaven,South Dakota,Niger
8971,Christian,Pennington,melissavasquez@example.net,88319 Derrick Oval,Wheelermouth,New Mexico,Equatorial Guinea
8972,Roger,Cruz,brucesteven@example.net,092 Johnston Neck,West Christopher,Nebraska,Hungary
8973,Kathy,Barron,pamelahill@example.org,968 Martinez Center Apt. 117,Averyfort,Vermont,Netherlands Antilles
8974,Alexander,Brown,marialambert@example.net,547 Roberts Pike Suite 110,Conniefurt,Nevada,Iran
8975,Michael,Neal,xkennedy@example.org,4060 Shaw Springs Suite 537,Hillfort,Ohio,Burkina Faso
8976,Jason,Sparks,shawn56@example.net,0745 Richard Isle Apt. 548,Johnview,Texas,Lesotho
8977,Bryan,Strickland,kevinbrown@example.org,6157 Nicholas Plains Suite 411,Port Tammyburgh,Indiana,French Guiana
8978,Joshua,Douglas,michaelmoran@example.com,16897 Matthew Walks,West Barbara,Kansas,Cote d'Ivoire
8979,Erica,Harris,millerronald@example.org,1434 Michael Court Suite 300,Lake Austinville,Idaho,Barbados
8980,Kristen,Stewart,dudleychristopher@example.net,18292 Wright Stravenue Suite 933,West Nathanielfort,Massachusetts,Marshall Islands
8981,Laura,Anderson,jonesronald@example.net,6273 Krista Trail,Port Courtneyport,Nevada,Saudi Arabia
8982,Robert,Peters,kennethduke@example.org,0748 Thomas Port,New Ashleyburgh,Louisiana,North Macedonia
8983,Mark,Elliott,linda84@example.net,557 Garcia Passage Apt. 170,Aaronmouth,Maine,Jamaica
8984,Jonathan,Hill,wilsonjoel@example.org,4553 Rhonda Villages,Lake Dianaview,South Carolina,Mauritania
8985,Christopher,Porter,fscott@example.net,27518 Nathaniel Mountains Apt. 283,New Chrismouth,Arkansas,Indonesia
8986,Derrick,Jimenez,brian79@example.net,4604 Chelsea Street,Coxville,North Carolina,Qatar
8987,Larry,Gonzales,wbrown@example.com,7479 Justin Island,New Katherine,New York,Palau
8988,Mark,Smith,wbates@example.net,8010 Clark Walk,Lake Brittanystad,Washington,Madagascar
8989,Brandon,Blankenship,roybright@example.org,9122 Mcclure Motorway,East Mark,Iowa,Monaco
8990,Keith,Snyder,donald59@example.net,91369 Nicholas Estate Apt. 255,North Kimberly,Maine,Morocco
8991,Cathy,Hamilton,carolynprince@example.org,169 Rice Parkway Suite 612,South John,Delaware,Tunisia
8992,Aaron,Johnson,xharrington@example.net,06083 Velasquez Spur,New Cynthia,Iowa,Lebanon
8993,Mia,Oneill,tuckerjerry@example.com,769 Brenda Forest Suite 895,Turnerfurt,West Virginia,Moldova
8994,Michael,Payne,brianramsey@example.org,2569 Brandon Falls,East Jessica,Maryland,Tanzania
8995,Melissa,Cummings,palmermatthew@example.net,09620 Davis Grove Suite 918,West Crystal,Ohio,Poland
8996,Suzanne,Casey,martinkrystal@example.org,8047 Christopher Shore Suite 594,Lake Laura,Oregon,Finland
8997,Ryan,Wright,fryedavid@example.net,105 Curry Groves Apt. 530,Wendyview,Massachusetts,Northern Mariana Islands
8998,Kara,Tyler,samuelabbott@example.org,0950 Cynthia Terrace,Raymondburgh,Florida,Tuvalu
8999,Christina,Medina,vazquezjose@example.net,516 Campos Well,Johnsonshire,New Hampshire,British Indian Ocean Territory (Chagos Archipelago)
9000,Misty,Smith,grocha@example.net,0554 Barbara Summit,Turnerhaven,Indiana,Suriname
9001,Kristin,Munoz,jonathanmaxwell@example.net,51692 Julie Roads Suite 737,Stacyfurt,California,Bulgaria
9002,Seth,Robertson,andrea52@example.net,6705 Glenn Rue Suite 195,Philipmouth,North Carolina,Germany
9003,Carrie,White,amy72@example.org,815 Heather Stream,Sextonfurt,Iowa,United Kingdom
9004,Tonya,Gonzalez,vanessa62@example.net,56164 Micheal Wall Suite 145,Port Scotthaven,New York,Hong Kong
9005,Billy,Clark,zstevens@example.net,855 Jones Fields Suite 759,Blankenshipfort,Texas,Tanzania
9006,Kristopher,Smith,makayla55@example.org,5079 Christopher Springs,Smithstad,Michigan,Senegal
9007,Matthew,Gordon,qwalker@example.org,71607 Garza Extensions,Palmerview,Vermont,Slovenia
9008,Travis,Higgins,cameronkim@example.org,61970 Patrick Orchard Apt. 191,West Jane,Arizona,Vanuatu
9009,Amy,Simpson,jennifer51@example.com,76473 Chloe Mills,East Sandy,Missouri,Grenada
9010,Felicia,Burnett,jenniferhester@example.net,8840 Jeremy Locks,Lake Katrinaview,Alaska,Uganda
9011,Julie,Heath,mcdonaldjohn@example.org,96280 Christine Extensions Apt. 556,South Andrefort,Wisconsin,Bosnia and Herzegovina
9012,Grant,Sims,rdunn@example.org,6038 Rowland Drives Apt. 740,Walkerhaven,South Carolina,Uzbekistan
9013,Tiffany,Davis,brenda50@example.org,421 Lee Springs Apt. 265,Lake Michaelhaven,Virginia,Holy See (Vatican City State)
9014,Kevin,Bryant,karenmitchell@example.org,88425 Lisa Mission Apt. 741,Stevenside,West Virginia,Norway
9015,Michael,Dunlap,xyoung@example.com,442 Maureen Radial Apt. 927,Phelpsbury,Ohio,China
9016,Courtney,Manning,taylormurphy@example.net,09445 Martinez Light,Huangfort,West Virginia,Togo
9017,Carl,Hunt,jordanhaney@example.org,32789 Gordon Dale Apt. 982,Wrightview,Rhode Island,Mali
9018,Regina,Gay,owensjulie@example.org,3353 Kaiser Throughway Apt. 908,Jacobshire,West Virginia,Azerbaijan
9019,Kim,Ferguson,davidstanley@example.net,17278 Leonard Burg,West Dean,Oregon,Kiribati
9020,Tyrone,Jackson,johnsondavid@example.net,620 Miller Greens,New Jessica,Colorado,Tuvalu
9021,Carol,Kelly,nnunez@example.net,511 Rivera Crest Apt. 036,North Aliciaport,Wisconsin,Samoa
9022,Samantha,Davis,ashleeking@example.net,6424 Brown Freeway Suite 258,Clarkfurt,Connecticut,Fiji
9023,Ashley,Daniel,huffmelissa@example.com,6604 Harris Station Apt. 533,Tinaside,Alaska,Bahamas
9024,Patricia,Henderson,theodorelester@example.net,55869 Butler Prairie Suite 190,Allenmouth,Nevada,Liechtenstein
9025,Lisa,Martinez,nataliemartin@example.org,1237 Nicole Wells Apt. 714,Christopherburgh,Wisconsin,Madagascar
9026,Angela,Hamilton,tammy88@example.com,7059 Anderson Union,Roytown,New Hampshire,French Southern Territories
9027,Cheryl,Smith,vlong@example.com,910 Nguyen Glen,Merrittport,Indiana,Australia
9028,Richard,Powell,jaywang@example.net,73276 Anthony Grove Apt. 237,Port Cynthia,South Dakota,Venezuela
9029,Michael,Gonzales,cookjason@example.net,3666 Johnson Club Apt. 036,North Anthony,Georgia,Gibraltar
9030,Sheila,Thompson,denise02@example.com,54341 Ramos Corners,West Kristinshire,Utah,Chile
9031,Andrew,Reynolds,carrollgina@example.com,42964 Rogers Loaf,Lake Kathleenmouth,Michigan,South Africa
9032,Diana,Reynolds,brittanyhamilton@example.org,3184 Matthew Branch,North Mary,Florida,Switzerland
9033,Richard,Williams,jonathanmassey@example.net,883 Wilson Oval Apt. 777,Smithview,Iowa,China
9034,Barbara,Brown,brettrodriguez@example.com,251 Joyce Village,Christopherland,Hawaii,Hong Kong
9035,Joseph,Wells,rhunter@example.net,1379 Smith Crescent,Phillipsfort,Minnesota,Netherlands Antilles
9036,Brian,Moody,michaelschaefer@example.org,753 David Dale Apt. 838,North Mike,Georgia,India
9037,Jonathan,Zamora,jessesmith@example.com,794 Chung Drive,East Joshua,Arizona,Tonga
9038,Annette,King,sproctor@example.org,173 Riley Point,North Joshua,Mississippi,Kuwait
9039,Justin,Valentine,valenzuelashannon@example.com,27452 Alexander Islands Suite 224,Riggstown,Ohio,Antarctica (the territory South of 60 deg S)
9040,Brenda,Jefferson,jaclynjones@example.com,4885 Dave Causeway Apt. 210,East Shanehaven,Washington,Uzbekistan
9041,Bruce,Johnson,stevenbarr@example.org,7955 Gary River Apt. 883,Rebeccaside,Montana,New Zealand
9042,John,Perez,fwhite@example.com,82433 Hood Rapid,Lake Christopher,North Dakota,Kenya
9043,Becky,Simmons,deankathleen@example.org,746 Manning Park,Lake Stephanie,Kansas,Chad
9044,Brenda,Small,wrightbenjamin@example.org,5854 Victor Glen Suite 690,West Jill,New Mexico,Argentina
9045,Daniel,Andrews,amanda50@example.net,072 Lisa Coves,Christopherchester,Nevada,Nauru
9046,Dana,Williamson,craignicholas@example.com,336 Sandra Mountain Suite 204,Bethanyport,West Virginia,Denmark
9047,Kyle,Kelly,nhouse@example.net,33854 Keith Divide Apt. 282,West Kelsey,Idaho,Comoros
9048,Andrew,Franklin,frank78@example.org,454 Sellers Divide,Stevenhaven,Louisiana,France
9049,Joan,Thomas,samantha90@example.com,63497 Turner Isle Suite 312,West Lisaberg,Wisconsin,Tonga
9050,Glenn,Jennings,joshuastevens@example.net,552 Jones Summit Apt. 228,Lake Rachelfurt,Texas,Togo
9051,James,Fisher,haleyhowell@example.net,8753 Brown Trafficway Apt. 455,Jessicaview,Missouri,Canada
9052,Cody,Avila,fclark@example.com,859 John Lane Apt. 033,Hamiltonberg,Delaware,Saint Pierre and Miquelon
9053,Beth,Jackson,rowemichael@example.net,22001 Rebecca Stream Apt. 316,Chenton,Michigan,Cocos (Keeling) Islands
9054,Jay,Thompson,randall93@example.com,027 Patterson Estate,Jessicashire,Kansas,Nicaragua
9055,Michael,Walker,slopez@example.com,089 Melissa Neck,Lopezland,Iowa,Fiji
9056,Philip,Maddox,mark49@example.net,06803 Amanda Trail Apt. 577,South Christinaview,Rhode Island,Trinidad and Tobago
9057,Aaron,Hall,marshalljoseph@example.net,023 Duran Camp Suite 577,Petersonfurt,California,Malta
9058,Kim,Shaw,mwilliams@example.com,65098 Rice Brook,Lake Kelsey,North Dakota,Swaziland
9059,Amanda,Hansen,tiffanyhorton@example.org,2993 Brandy Skyway,East Heather,Massachusetts,Morocco
9060,Chad,Jones,devinthompson@example.com,694 Rodriguez Key Suite 766,Michaelaville,Florida,Mali
9061,Barbara,Wagner,wcruz@example.com,47242 Jeremy Trail,West Jessicaborough,Kentucky,Nepal
9062,Eric,Le,carrie52@example.org,4056 Cox Manor Suite 000,West Justinmouth,Washington,Suriname
9063,Rachel,Morris,charlescollins@example.com,242 Diane Turnpike,Josemouth,North Carolina,Saudi Arabia
9064,Matthew,Schultz,barrettkristen@example.net,24850 Lisa Gardens Suite 347,West Krystal,North Dakota,Micronesia
9065,David,Lynch,ericagonzalez@example.org,70255 Philip Point Suite 592,West Kevinchester,Minnesota,Cyprus
9066,Tony,King,carly25@example.net,10239 Myers Club Apt. 624,East Nicholasmouth,Connecticut,Nauru
9067,Laura,Munoz,robert46@example.com,43667 Sara Port Apt. 175,Johnside,Ohio,Oman
9068,Samuel,Moore,hschultz@example.net,5477 Medina Overpass Suite 997,Keithhaven,Missouri,Christmas Island
9069,Dillon,Hernandez,jefferysmith@example.com,425 Rosales Expressway Suite 505,Cardenaschester,Arkansas,Gambia
9070,Tiffany,Valdez,jgomez@example.net,468 Miguel Loop Apt. 073,Chavezfort,New Mexico,Somalia
9071,Kathryn,Nash,christopherramsey@example.net,30652 Jon Alley Apt. 389,Johnburgh,Indiana,Korea
9072,Rachel,Edwards,emily60@example.net,15962 Mcmillan Villages Apt. 989,Lake Laurafurt,Florida,Saudi Arabia
9073,Becky,Woods,oanderson@example.net,535 Catherine Pass,New Bryanchester,Iowa,Azerbaijan
9074,Robert,Colon,montgomeryjuan@example.org,1492 Timothy Circle Suite 239,West Randallhaven,Indiana,Mexico
9075,Heather,Jones,jmitchell@example.net,88826 Zachary Roads,Lake James,South Carolina,Bahrain
9076,Kevin,Santiago,xanderson@example.org,0818 John Turnpike,Christopherland,Tennessee,Libyan Arab Jamahiriya
9077,Heather,Steele,anthonyhernandez@example.org,8005 Andrea Rapids Suite 866,South Samanthaview,West Virginia,Saint Helena
9078,Amanda,Franklin,stokesjared@example.org,2153 Davis Mall Apt. 013,Ashleyton,New Mexico,Lithuania
9079,Luis,Stewart,meredithbrown@example.net,70246 John Curve Suite 311,Lake Austinstad,North Dakota,El Salvador
9080,Robert,Parsons,seth27@example.net,4392 Michael Neck,Valeriechester,Alaska,United States of America
9081,Robert,York,millerjoshua@example.com,6549 Richard Junctions Apt. 072,West Sheilachester,Virginia,British Virgin Islands
9082,Matthew,Garcia,mitchellcrystal@example.com,61638 Cook Villages Suite 800,Nicholasburgh,Michigan,Saint Lucia
9083,Kevin,Burns,christopher52@example.org,48377 Larsen Drive,Knightton,New Mexico,Uruguay
9084,Donna,Curry,mwalter@example.net,0731 Jenkins Path,North Maryberg,Virginia,Botswana
9085,Kimberly,Nixon,dwilson@example.com,4431 Claudia Run,Lake Michaelbury,Ohio,Mauritania
9086,Adam,Barrett,matthew47@example.net,98310 Cortez Heights Apt. 663,Michaelville,Ohio,Malta
9087,Christina,Ellis,wroberts@example.net,88984 Walker Ferry,Charleshaven,Virginia,Guam
9088,Stacy,Lopez,gonzalezanthony@example.com,2076 Shelby Overpass,East Mario,Kansas,Faroe Islands
9089,Kristen,Knight,kevin24@example.net,84866 Martinez Corner Apt. 269,West Ashley,Massachusetts,Sweden
9090,Timothy,Rice,wpoole@example.net,31179 Michael Club Suite 945,New Eric,West Virginia,Zimbabwe
9091,Brent,Ball,scottdaniel@example.org,06342 Beth Brook,Lisaland,New Mexico,Greenland
9092,Jason,Jackson,smithnancy@example.net,20530 Beth Field,South Susanfurt,South Carolina,Benin
9093,Ashley,Bartlett,wroy@example.org,7362 James Mountain Suite 629,Chenton,Alabama,Heard Island and McDonald Islands
9094,Juan,Brennan,melissawilson@example.com,52196 Debra Courts Suite 516,East Waynefurt,Minnesota,Cyprus
9095,Scott,Martin,brianbrown@example.com,79355 Mario Junctions Suite 647,Jasonstad,Georgia,Ghana
9096,Heather,Chapman,jhamilton@example.org,5403 Ball Pines,Brandibury,Maryland,Bosnia and Herzegovina
9097,David,Howard,nsteele@example.org,0311 Garcia Junctions Suite 925,Kristachester,Wyoming,Pitcairn Islands
9098,Nathan,Brown,william04@example.com,353 Goodman Ranch,Lucaston,Delaware,Paraguay
9099,Lauren,Sosa,gkennedy@example.com,76333 Miguel Street,New Julieland,South Dakota,Svalbard & Jan Mayen Islands
9100,Melvin,Brown,kyle66@example.com,13821 Larry Stravenue Suite 121,Port Brandonbury,Maine,Ecuador
9101,Dylan,Ramsey,rsmith@example.org,62942 Ramirez Heights,North Robert,Minnesota,Italy
9102,Andrew,Watkins,lsavage@example.com,7511 Ellis Mission,New Annatown,Arkansas,Trinidad and Tobago
9103,Rhonda,Merritt,harrisalexandria@example.com,19509 Lisa Haven Suite 054,Turnerhaven,Michigan,Morocco
9104,Christopher,Parker,hojennifer@example.com,247 Johnson Forge Apt. 853,East Stephaniefurt,Minnesota,Dominican Republic
9105,Lance,Thompson,hillpamela@example.org,79261 Salazar Ridge Suite 588,Lindsayside,Indiana,Lithuania
9106,Jaime,Gibson,karenanderson@example.com,166 Jason Mission Suite 988,South Jacobchester,Texas,Indonesia
9107,Courtney,Ford,ohernandez@example.org,495 Jackson Islands Suite 992,Harrisburgh,Ohio,Dominican Republic
9108,Jennifer,Parks,andrew43@example.org,1209 Hicks Hill,Melissaland,Massachusetts,Haiti
9109,Matthew,Thomas,alvarezdonald@example.org,68690 Denise Curve,West Evanland,Georgia,British Virgin Islands
9110,Dorothy,Reynolds,woodsjustin@example.net,22089 Sean Mountain Suite 375,South Nancy,Rhode Island,Portugal
9111,Michael,Jones,jpowell@example.net,933 Amanda Valleys Suite 192,New Nicole,Iowa,British Virgin Islands
9112,Brittany,Henderson,andersonbrooke@example.org,36173 Mark Freeway,Mayerchester,Mississippi,Burkina Faso
9113,Joseph,Watson,kevin14@example.net,52759 Eric Forest,West Alexistown,Idaho,Netherlands Antilles
9114,Caroline,Gonzalez,mannlinda@example.net,05811 Vega Rest Apt. 548,South Angelaview,Tennessee,Spain
9115,Amy,Randolph,bdavis@example.net,08005 Amber Oval,East Joshua,Maine,Congo
9116,Tony,Reilly,jessica23@example.com,2614 Sharon Avenue,South Andrea,California,Slovakia (Slovak Republic)
9117,Melissa,Garza,james41@example.com,19443 Sarah Drive,New Harry,Louisiana,Jersey
9118,David,Mullen,janetalexander@example.net,85263 Miller River,Lake Patricia,Oregon,Korea
9119,John,Parker,ryan76@example.com,3631 Philip Stravenue,Jenniferhaven,Texas,Switzerland
9120,Keith,Young,ktownsend@example.com,0518 Todd Lodge Suite 711,East Angela,Nebraska,Gabon
9121,Connie,Thomas,deleonholly@example.com,32528 Maldonado Keys Suite 574,Jeffreyfurt,Nevada,Mauritania
9122,Johnny,Hutchinson,sarahclark@example.com,5511 Mann Summit Suite 728,East Andreaport,Connecticut,Romania
9123,Veronica,Braun,steven88@example.net,4296 Jacob Villages Apt. 356,New Judy,Maryland,Aruba
9124,Jake,Taylor,sodom@example.org,15894 Harold Plains,East Brandonchester,Colorado,Iran
9125,Hannah,Russell,craigrobert@example.com,21605 Cynthia Villages Apt. 257,Martinezville,Vermont,Saint Barthelemy
9126,Kristin,Carter,ltorres@example.com,670 Kevin Harbor Suite 426,New Nancy,Oklahoma,Saint Pierre and Miquelon
9127,Samantha,Jackson,jamesmurray@example.org,79648 James Crossing,North Corey,New Jersey,Chile
9128,Rebecca,Herring,ray05@example.com,3615 Diane Oval Suite 865,Laurenchester,Arkansas,Brazil
9129,Melissa,Mullins,andersonjohn@example.org,958 John Fork Apt. 636,Jennifertown,North Dakota,Micronesia
9130,Corey,Bridges,alvareznicole@example.com,78165 Phillips Tunnel Suite 608,North Donnaborough,Louisiana,Finland
9131,Robert,Perkins,david34@example.org,9727 Rose Lodge Suite 025,Lake Jessica,Kentucky,Gambia
9132,Stephanie,Snyder,hesterrobin@example.org,98712 Richard Throughway Suite 375,East Tracy,Massachusetts,Azerbaijan
9133,Alyssa,Smith,jason27@example.net,7288 David Harbor Apt. 100,Port Ashleyberg,North Carolina,Monaco
9134,Kristi,Cunningham,damonfitzgerald@example.org,649 Rice Flat,Mossborough,Kentucky,Ecuador
9135,Robert,Duncan,moniqueleon@example.net,267 Greene Trace Apt. 614,East Christine,California,Central African Republic
9136,Reginald,Adams,torresjenna@example.com,40542 Kimberly Knolls Suite 126,Port Jacquelineview,North Carolina,Niger
9137,John,Lee,markhenson@example.org,35128 Christopher Spurs,New Douglas,Washington,Guatemala
9138,Lori,Shepherd,rherrera@example.org,713 Kimberly Rapids Apt. 089,Troytown,Wyoming,Thailand
9139,Peggy,Marsh,mcarpenter@example.org,645 Virginia Wall,Lake Justinborough,Alaska,Faroe Islands
9140,Bradley,Stone,pdavidson@example.org,464 Jodi Parks,Lopezchester,Texas,Monaco
9141,David,Sparks,bhanson@example.com,068 Antonio Union,Rogershaven,Vermont,Cote d'Ivoire
9142,Mary,Fuller,michaelwright@example.com,07497 Thompson Shore Apt. 337,Williamsbury,New Mexico,Paraguay
9143,Timothy,Bradley,danielpierce@example.net,46460 Keith Pike Suite 338,North Judyhaven,Colorado,Lithuania
9144,Erika,Yoder,stephaniesimmons@example.com,918 Ronald Union,North Alexandraport,Maryland,Mozambique
9145,Matthew,Allen,wilcoxbrittany@example.net,92544 Martinez Well Apt. 418,West Emily,California,French Southern Territories
9146,James,Hodge,andrewcunningham@example.com,968 Snow Point,Randallland,New Mexico,New Zealand
9147,Amy,Sandoval,jonathon92@example.org,08588 Leon Gateway Apt. 083,New Dominictown,Alaska,Bermuda
9148,Debra,Craig,christopher43@example.com,2283 Lam Mews,Herreraville,Rhode Island,Dominica
9149,Stephanie,Boyer,hburke@example.org,10506 Heather Common,Lake Jerry,Iowa,Saint Vincent and the Grenadines
9150,Felicia,Clark,howard38@example.org,7133 Ibarra Flats Suite 573,Williamshire,North Carolina,Tanzania
9151,Justin,Lawson,reginald09@example.org,7625 Bennett Trail,East Eileen,Montana,Solomon Islands
9152,Jacqueline,Villanueva,vnunez@example.net,225 Katie Crescent,Wintersstad,Connecticut,Bosnia and Herzegovina
9153,Anthony,Brown,mcdonaldscott@example.org,3315 Smith Isle Suite 002,New Kevin,Arkansas,Tokelau
9154,Lee,Davis,jennifer68@example.org,97647 Jessica Key,Port Michael,North Dakota,Gabon
9155,Michael,Barrett,jonbell@example.net,2660 Huffman Cliffs Suite 023,Jefferyville,New Mexico,Somalia
9156,Danielle,Yoder,krystal59@example.net,3694 Amber Manor,Taylorland,Minnesota,Norway
9157,Jessica,Ross,mitchellsharon@example.com,299 Matthew Spurs,Lake Rachel,Michigan,Guadeloupe
9158,Mark,Luna,zjohnson@example.org,71584 Kristopher Field Suite 902,Port Austin,Oklahoma,Turkmenistan
9159,Louis,Moore,james28@example.net,865 Penny Centers,East Mark,South Carolina,Andorra
9160,Joshua,Ramirez,luke46@example.net,45549 Hobbs Garden Apt. 500,Claytontown,Ohio,Barbados
9161,Laura,Moss,kelly02@example.net,20482 Vincent Shore Suite 603,Port Victoria,Colorado,El Salvador
9162,Kristina,Moody,spearskristin@example.net,237 Jack Alley Apt. 541,Henrychester,Virginia,Russian Federation
9163,Craig,Smith,ericgarcia@example.org,305 Richardson Passage,Hernandeztown,Colorado,Dominican Republic
9164,Patrick,Miles,jwalker@example.com,31842 Herring Vista,Normaburgh,Georgia,Central African Republic
9165,Stephanie,Hunter,millercolleen@example.com,674 Bradley Groves,New Stefanieville,Idaho,United States Minor Outlying Islands
9166,Carol,Preston,xgay@example.net,42114 Wanda Freeway,East Rachel,Ohio,Northern Mariana Islands
9167,Linda,Rivera,melissa68@example.org,3533 William Cove,South Michael,Washington,Indonesia
9168,Christopher,Vargas,jessica35@example.net,2020 Tiffany Station Suite 687,Ronaldview,California,Bouvet Island (Bouvetoya)
9169,Jeffrey,Griffin,bentonjerry@example.com,9184 Cervantes Trace,West Marybury,Hawaii,Austria
9170,Jeffrey,Travis,kristenhutchinson@example.org,2924 Villarreal Islands Apt. 621,North Cynthia,North Carolina,El Salvador
9171,Edward,Fischer,lthomas@example.com,3486 Jones Views Suite 384,South George,Texas,Gibraltar
9172,Isaac,Merritt,tony00@example.net,85799 Nguyen Field Apt. 051,Port Jamesside,Arizona,Vietnam
9173,Richard,Turner,vmurphy@example.net,2317 Rhodes Loop,New Teresamouth,West Virginia,Mauritius
9174,Frederick,Cooper,sydney04@example.org,558 Bishop Islands Suite 166,Carlsonhaven,Arkansas,Indonesia
9175,Michelle,Chen,ogardner@example.com,567 Johnson Ramp,Davidville,Illinois,Antigua and Barbuda
9176,Lauren,Powell,hullrebecca@example.com,34307 Hunter Run,Port Vincent,Texas,Mayotte
9177,Chase,Castaneda,garciajason@example.org,104 Ivan Centers Suite 144,Angelaborough,Hawaii,Albania
9178,Lawrence,Dickerson,willistonya@example.org,72481 Day Fields Apt. 236,Santiagoton,Rhode Island,Netherlands
9179,Daniel,Bishop,iford@example.org,3598 Patricia Heights Suite 439,Davischester,Florida,Gambia
9180,James,Sparks,obell@example.org,757 Kim Glen Suite 281,Gabrielleton,Tennessee,Bahrain
9181,Gary,Nichols,gbrown@example.org,111 Villegas Road Apt. 271,South Bryanhaven,South Carolina,Belize
9182,Summer,Watson,racheljohnson@example.net,985 Simmons Village Apt. 845,Fraziermouth,Indiana,Gabon
9183,Noah,Anderson,hornewilliam@example.org,850 Emily Overpass,Larryview,Michigan,Northern Mariana Islands
9184,David,Collins,smcpherson@example.com,892 Michael Harbor Apt. 996,Chaseview,California,Martinique
9185,John,Bowers,omorton@example.org,485 Stanley Hills Apt. 421,South Curtis,Massachusetts,Isle of Man
9186,Christina,Stanley,gonzalezkevin@example.net,0202 Marie Lake,Carrieville,Illinois,Cyprus
9187,Robert,Wood,ogarcia@example.com,45059 Sheri Mountains Suite 061,Taylorfort,Nevada,Trinidad and Tobago
9188,Douglas,Cervantes,orozcokimberly@example.com,635 Ronald Crest Suite 294,West Davidhaven,New Jersey,Somalia
9189,Elizabeth,Howell,elainefitzgerald@example.org,0680 Lauren Summit Suite 939,North Sarahmouth,Georgia,Fiji
9190,Paul,Olson,josephbarker@example.org,17423 Mark Tunnel,Palmerberg,Montana,Lesotho
9191,Samantha,Carter,william39@example.com,94010 James Cape Suite 872,West Michaelville,Kansas,Denmark
9192,Terri,Hunter,fosterrobert@example.net,2700 Humphrey Plaza Apt. 235,Coopertown,Missouri,Sierra Leone
9193,Colleen,Bauer,jeffrey28@example.net,153 Brian Prairie,Lake Tylerport,Massachusetts,Uruguay
9194,Scott,Graves,wilsonrandy@example.org,900 Dixon Circles Apt. 453,Rosarioborough,Florida,Tunisia
9195,Jennifer,Baker,georgejeremiah@example.org,9015 Gibson Ways,Port Carolyn,North Carolina,Nepal
9196,Nathan,Norman,zsmith@example.net,99165 Amanda Meadows Apt. 626,South Jamesstad,Idaho,Uzbekistan
9197,Jacob,Martinez,terribanks@example.net,105 Albert Harbor,Scottbury,Utah,Swaziland
9198,Charles,Chandler,rosarioangela@example.net,66017 Austin Valleys,North Charles,Iowa,Norfolk Island
9199,Elizabeth,Harris,robertmorgan@example.com,775 Skinner Meadow Suite 267,South Stephenchester,Alabama,Guadeloupe
9200,Brandon,Williams,joshuali@example.com,609 Wilson Expressway Apt. 582,South Douglasville,Hawaii,Burundi
9201,Jessica,Cowan,shannon62@example.org,71435 Natalie Trafficway,Petersenport,Alabama,Norfolk Island
9202,Maurice,Saunders,douglassusan@example.org,2332 Heather Spurs,Brandonshire,New Hampshire,Falkland Islands (Malvinas)
9203,Meghan,Campbell,lmcintosh@example.org,549 Hancock Squares,Rosestad,North Carolina,Grenada
9204,Kelly,Dickson,raymary@example.com,29850 Cummings Roads Apt. 638,Melvinchester,Illinois,Maldives
9205,Debra,Wallace,mcgeebenjamin@example.com,97742 Thomas Falls,Arielburgh,Delaware,Jordan
9206,Michael,Wilson,fsloan@example.com,027 Justin Spurs,Lake Adam,Tennessee,Dominica
9207,Jason,Ramirez,pam67@example.net,6301 Caitlin Dale,South Brittany,Nebraska,Martinique
9208,Matthew,Scott,lyoung@example.org,37019 Sharp Port Suite 410,North Barbara,Pennsylvania,Cote d'Ivoire
9209,Kyle,Park,riverajeffrey@example.net,125 Sandra Skyway,Kellyfurt,Maine,Japan
9210,Emma,Lee,maynardharold@example.org,9171 Robin Loop Apt. 585,North Bobbyside,Oklahoma,Tunisia
9211,Samantha,Neal,mitchellbarry@example.com,073 Christina Pine Suite 175,Richardsontown,Kentucky,Tonga
9212,Thomas,Charles,zgutierrez@example.org,512 Kathy Valley,Port Jose,Alaska,Saint Kitts and Nevis
9213,Tony,Vargas,paul87@example.org,60843 Myers Fords Suite 454,Steeleport,Texas,Northern Mariana Islands
9214,Julia,Hubbard,laurafitzpatrick@example.com,034 Rivera Throughway Suite 342,Phillipsfort,Nevada,Myanmar
9215,Timothy,Hickman,gjordan@example.net,97770 Joseph Flats,Martinstad,Rhode Island,Ireland
9216,Ryan,Carr,williamwalker@example.com,15630 Jesse Wall,South Jennifer,Oklahoma,Dominica
9217,Anna,Williams,rlopez@example.net,474 Katherine Land Suite 300,North Brent,Nebraska,Burkina Faso
9218,Brianna,Kelly,lawsontimothy@example.net,6464 Miller Pines,Port Josephshire,Tennessee,Portugal
9219,Jimmy,Dunn,dmiller@example.org,5972 Kevin Center,West Dawn,Washington,Bermuda
9220,Gregory,Bridges,gregory65@example.com,424 Lamb Parkways,Hughesfort,Alaska,Mozambique
9221,Jose,Santiago,adamgarcia@example.net,289 Zachary Glens Suite 410,Port Emilyfurt,Florida,Guam
9222,Amanda,Baker,sabrina46@example.net,5723 Bryan Row Apt. 508,New Oliviaburgh,Hawaii,Qatar
9223,Scott,White,ghardy@example.net,293 Dean Tunnel Suite 069,Gonzalezfurt,New Hampshire,Antigua and Barbuda
9224,Christian,Flores,james79@example.org,2037 Eaton Lakes Suite 932,Johnsonstad,Indiana,Burkina Faso
9225,Stephen,Rivera,iballard@example.net,5701 Paula Keys,Mariemouth,Arizona,Colombia
9226,John,Johnson,kim17@example.net,3596 Jeffrey Common,Valenciaport,Idaho,Mauritius
9227,Laura,Mills,dannywright@example.net,07282 Rebecca Lakes,Brownstad,Ohio,Comoros
9228,Roy,Villa,alexissmith@example.com,5617 Miller Rest Suite 334,Bonillaborough,South Carolina,Sierra Leone
9229,James,Jones,ortegapaul@example.com,82060 Knight Pass Apt. 491,Harrisfurt,Vermont,Pitcairn Islands
9230,Mark,Clark,linda45@example.net,88712 Cox Parkway Apt. 129,New Rachelhaven,Hawaii,Congo
9231,Guy,Wolfe,lucasmatthew@example.net,30009 May Light,East Christinaborough,Hawaii,Mexico
9232,Leah,Johnson,edwardreed@example.net,780 Philip Manor Apt. 988,North Marcus,Maryland,Israel
9233,Aaron,Johnson,andrew13@example.com,29034 Brittany Trail Suite 987,South Glenburgh,Minnesota,Saint Vincent and the Grenadines
9234,David,Morrow,hallcatherine@example.org,2285 Cynthia Road,North Rebeccaborough,Missouri,Mongolia
9235,Ruben,Abbott,susansullivan@example.com,83616 Moore Green,Lake Ann,Wisconsin,Cyprus
9236,Tonya,Ramirez,brownjennifer@example.com,4878 Ricky Wall Apt. 530,Grahamchester,Virginia,Reunion
9237,Kayla,Chen,andrewsingleton@example.org,641 Lisa Trace Suite 503,Fitzgeraldbury,Delaware,Korea
9238,Dan,Harris,rodriguezjennifer@example.net,89902 Weber Ridge Apt. 943,West Stevenfurt,Wisconsin,Liechtenstein
9239,Adam,Mcdaniel,gregory10@example.net,65501 Navarro Meadows Suite 531,Adamberg,Delaware,Gibraltar
9240,David,Baker,kenneth80@example.com,8626 Clark Isle Suite 412,New Michelle,Louisiana,Comoros
9241,Troy,Perez,jacqueline01@example.net,687 Bautista Island Apt. 739,Erinview,Alaska,Colombia
9242,Micheal,Day,francisco04@example.com,854 Brenda Brooks Apt. 440,Delgadofort,Tennessee,Egypt
9243,Ashlee,Hall,samuelblack@example.com,009 Kathleen Creek Suite 553,Port Jennifermouth,Maryland,Tonga
9244,Travis,Campbell,bhernandez@example.org,69270 Brown Road,Port Michellefurt,Massachusetts,Venezuela
9245,Angela,Lawrence,saralara@example.net,12034 Elliott Meadow Suite 879,New Shannonchester,Indiana,Rwanda
9246,Debra,Christian,sylvia67@example.com,55883 Barrera Underpass Suite 398,Davisside,South Dakota,Guadeloupe
9247,Jeffrey,Mata,fishersusan@example.org,358 Larry Trail Apt. 578,Aguilarhaven,Arizona,Lao People's Democratic Republic
9248,Julie,Ware,amandajohnson@example.com,2252 Robin Cape Suite 111,Patriciaberg,Montana,Puerto Rico
9249,Derrick,Adams,sheenacallahan@example.org,351 Decker Vista,West Ryanborough,Kansas,Maldives
9250,Cody,Burke,josephmata@example.net,362 Reyes Lodge Apt. 966,Lake Peterburgh,Maryland,Guyana
9251,Timothy,Williams,bmarquez@example.com,72513 Denise Garden Suite 217,Richardside,Wyoming,Monaco
9252,Alexander,Hudson,amber00@example.org,76137 Patel Road Suite 277,West Alexander,Maryland,Afghanistan
9253,Wendy,Obrien,camerondean@example.net,317 Tommy Rapid Suite 667,South Anthony,Kentucky,Guyana
9254,Brenda,Perkins,watkinsnicole@example.com,55813 Philip Estates Apt. 971,North Courtneychester,Alaska,Afghanistan
9255,David,Murphy,medinaaaron@example.com,0679 Robert Lights,Mooreport,New Jersey,Sri Lanka
9256,Beverly,Espinoza,kathyfry@example.com,35255 Baldwin Wall,Leeland,Alabama,Italy
9257,George,Peters,nicholas30@example.net,29536 John Inlet,South Ryanside,Michigan,Jamaica
9258,Kenneth,Alexander,andrea18@example.com,580 Ellison Ports,Phillipmouth,Ohio,Serbia
9259,Lindsay,Johnson,kerryboyd@example.com,3620 Andrea Haven,Youngview,Wyoming,Barbados
9260,Matthew,Wright,daniel36@example.com,322 Nicholas Ferry,Yorkville,Kentucky,Malawi
9261,Amanda,Johnson,buckleyjonathan@example.net,53570 Woods Plains,South Jay,South Dakota,Russian Federation
9262,Rebecca,Parsons,osbornedaniel@example.com,27316 Norris Mountains,East Jamesside,Kentucky,Rwanda
9263,William,Wright,mercadokaren@example.net,386 Abbott Walks,Jaybury,Wyoming,Argentina
9264,John,Higgins,yangmichael@example.net,6867 Huynh Stravenue,Stephenbury,Wisconsin,Kiribati
9265,Samantha,Chambers,xmorales@example.org,46577 Jessica Stream,West Chris,Georgia,Israel
9266,Shannon,Wilson,kmorrow@example.org,817 Johnson Vista,Lewisview,Tennessee,Barbados
9267,Matthew,Irwin,haguilar@example.org,513 Mary Expressway,Loriberg,Ohio,Niger
9268,Rodney,Potts,feliciajohnson@example.com,9240 Carla Route,South Kiaraburgh,Louisiana,Malta
9269,Jason,Cuevas,denniscastro@example.org,871 Angela Way,Robertburgh,New York,Seychelles
9270,Brandon,Burton,nolanvincent@example.net,2915 Lisa Roads Apt. 853,Melissaburgh,Kentucky,Andorra
9271,Brandon,Martinez,randalljared@example.net,4438 Justin Branch Suite 368,Nguyenville,Virginia,Papua New Guinea
9272,Robert,Cruz,coffeymichaela@example.com,12516 Phillips Land Suite 154,Scottstad,Nevada,Uzbekistan
9273,Brian,Lewis,codysmith@example.com,20530 Duran Divide,Figueroahaven,West Virginia,Yemen
9274,Ricardo,Burgess,brian09@example.com,2052 Burch Pines Apt. 395,Shawfurt,New York,Montenegro
9275,Jacqueline,Robertson,rhondajohnson@example.net,829 Davila Bypass,Joshuachester,Vermont,French Southern Territories
9276,Sharon,Parks,esullivan@example.net,82738 Williams Mission,Rileyborough,New Jersey,Poland
9277,Stephanie,Rodriguez,samanthacooke@example.com,0396 Cox Drives,Davenportbury,Idaho,Belize
9278,Amber,Frederick,jeanne69@example.net,27549 Mckenzie Plains,North Susanport,North Dakota,Malta
9279,Justin,Washington,kaylaprice@example.org,6474 Wells Viaduct,Lisaside,New Jersey,San Marino
9280,Tracy,Williams,rebecca42@example.org,445 James Union,West Zachary,Maine,Sao Tome and Principe
9281,John,Gibbs,jennifertaylor@example.net,085 Roberts Mountains Apt. 628,Armstrongberg,Missouri,Falkland Islands (Malvinas)
9282,April,Castillo,smithtravis@example.org,12161 Kenneth Isle,Lake Michaelburgh,Hawaii,Kyrgyz Republic
9283,David,Mcmillan,mfloyd@example.net,990 Trevino Bypass,North Tammymouth,New Mexico,Kyrgyz Republic
9284,Erik,Moon,moniquehines@example.org,5233 Watson Pass Suite 360,Robertsville,Pennsylvania,Chile
9285,Catherine,Miller,nathan36@example.org,0502 Donna Point Suite 085,East Emilyton,Michigan,Greece
9286,Michael,Adams,valerie65@example.net,37092 Jones Divide Suite 109,Lake Jasmine,North Carolina,Czech Republic
9287,April,Hernandez,gwilson@example.net,3482 Sanchez Greens Suite 972,Port Erikbury,Delaware,Mexico
9288,Ashley,Griffith,gmorrow@example.com,194 Chase Lights Suite 432,Cynthiaborough,Rhode Island,Kenya
9289,Daniel,Lopez,emilypierce@example.org,210 Wise Hill Apt. 248,Jillport,Kentucky,Netherlands Antilles
9290,Andrea,Arroyo,milleredward@example.org,571 Cooper Expressway,Jenniferland,Rhode Island,Turks and Caicos Islands
9291,Rhonda,Morgan,beckermaria@example.org,59187 Frye Flats,New Jeremy,Colorado,Cameroon
9292,Morgan,Wilson,craig29@example.com,823 Wagner Flats,Brownland,Ohio,Saint Pierre and Miquelon
9293,Vanessa,Tate,krussell@example.net,95376 Joshua Ranch Apt. 377,Port Trevorton,New York,Djibouti
9294,Deanna,Edwards,michelle18@example.net,175 Shannon Expressway,South Megan,Nebraska,Pakistan
9295,Anna,Jones,coleaaron@example.com,53471 Gallegos Locks Apt. 218,Port Amanda,New York,Madagascar
9296,Keith,Vance,nmartinez@example.net,32739 Burns Light,West Rodney,Ohio,Kazakhstan
9297,Craig,Garcia,lambertbrandi@example.com,423 Rebecca Islands,Kellerfurt,Mississippi,Rwanda
9298,Ryan,Perez,morajohn@example.org,2164 Jeremiah Parks Suite 843,Alexanderland,Colorado,Syrian Arab Republic
9299,Brian,Hobbs,kathycarter@example.net,46132 Shannon Run,East Emily,Indiana,Canada
9300,Isaac,Nichols,destinypatel@example.org,8072 Williams Drive,North Barbara,Mississippi,Mauritania
9301,Theodore,Dickerson,peter70@example.org,245 Jensen Spur,Jonesport,Illinois,Antarctica (the territory South of 60 deg S)
9302,Troy,Vargas,ochase@example.net,71034 William Ranch,North Dalton,Maine,Ukraine
9303,Jason,Hardy,lisawatts@example.com,098 Owens Corners,Port Nathan,Arkansas,Colombia
9304,Robin,Nguyen,amandamcneil@example.net,90231 Jennings Circle Apt. 088,New Robertaland,Texas,Panama
9305,Shirley,Jones,christopher80@example.com,64174 Maddox Fall,Lake Kathyside,Arkansas,Spain
9306,Randall,Becker,shermantheresa@example.net,69957 Michael Neck,Rodrigueztown,Mississippi,Timor-Leste
9307,Jared,Ewing,jenniferburgess@example.org,25121 Parker Wall Suite 531,Mcclainshire,Wisconsin,Austria
9308,Martha,Rivas,echapman@example.com,981 Julie Ramp Apt. 270,Jessicaport,South Dakota,Croatia
9309,John,Dixon,fernandezangela@example.org,4171 Wood Knoll Suite 874,Heatherfort,Minnesota,Oman
9310,Allison,Pearson,lmoore@example.net,20872 Watson Pass,Moorechester,Hawaii,Chad
9311,Victor,Fernandez,jessicahall@example.com,52741 Khan Springs,Ramseytown,Alaska,Trinidad and Tobago
9312,Mary,Kelly,storres@example.net,8615 Weaver Dale Suite 301,New Blake,South Carolina,Romania
9313,Mary,Luna,jayboone@example.org,8625 Rachel Fall,Aprilmouth,New York,Hong Kong
9314,Anthony,Jones,nicolenelson@example.org,56945 Dorothy Courts Apt. 309,Johnberg,Alabama,Dominica
9315,Tamara,Burns,arellanodaniel@example.org,2318 Shannon Springs,South Robynland,Louisiana,Bulgaria
9316,Steven,Rodriguez,omiller@example.org,027 Allen Overpass Suite 769,South Megan,Utah,Switzerland
9317,Theresa,Silva,jessica85@example.com,8817 Morris Rapids,Barryport,Utah,Australia
9318,Ann,Reeves,gharris@example.net,9556 Jones Heights,Scottstad,Georgia,Luxembourg
9319,Timothy,Montes,williamssandra@example.com,611 Jay Plains,North Alex,Virginia,Monaco
9320,Jenna,Nelson,adamglover@example.com,6094 Jessica Bridge,Davidton,Texas,Turkey
9321,Kevin,Richardson,mathewskaren@example.org,8546 Nicholas Crest,South Angelicatown,Alabama,Oman
9322,Jacob,Harding,marcwalker@example.org,76853 David Ridge Suite 493,Brendanberg,Missouri,Lesotho
9323,Thomas,Cox,andrewroberts@example.net,96711 Kristen Meadow Suite 011,Flowersport,Delaware,Iran
9324,Eddie,Gardner,richard01@example.com,60844 Brown Harbors,Port Jesse,Indiana,Mauritius
9325,David,Johnson,williamsdakota@example.com,66460 Arias Street Apt. 375,Susanburgh,Tennessee,Maldives
9326,Angela,Reyes,darrell05@example.org,6736 Peterson Junctions Apt. 569,Wigginsmouth,North Dakota,Montenegro
9327,Brent,Walker,kimberly57@example.org,10307 Edgar Mills Apt. 358,West Whitney,Pennsylvania,British Virgin Islands
9328,Peter,Schultz,kristymarshall@example.org,2244 Tucker Dale Apt. 040,East Kevin,Georgia,Egypt
9329,Christopher,Carney,riverapaul@example.net,0600 Davis Square Apt. 890,South Alyssaside,Arkansas,Vietnam
9330,Lisa,Miller,davisdawn@example.com,09776 Robert Unions Apt. 571,Thomasport,Kansas,French Guiana
9331,Nathan,Harris,xmosley@example.org,158 Sharp Village,Christophershire,Oklahoma,Congo
9332,Rhonda,Bridges,benjaminhines@example.com,98399 Karina Roads Apt. 975,Amandaville,Montana,Norfolk Island
9333,Tara,Martin,nstafford@example.com,183 Melissa Isle Suite 982,Lawsonstad,Wyoming,Hungary
9334,Natalie,Black,lori58@example.com,619 Kevin Prairie Suite 663,North Joshua,North Carolina,Ghana
9335,Mike,Gallegos,elizabeth14@example.org,7204 Anna Stravenue Apt. 568,South Valerie,Kentucky,Maldives
9336,Audrey,Lopez,travisfernandez@example.org,0307 Cabrera Terrace,New Maryfurt,Michigan,Guadeloupe
9337,Robin,Beck,mathewzamora@example.net,466 Torres Village,North Victortown,Texas,Ukraine
9338,Frederick,Olson,zthompson@example.com,7757 Smith Falls Apt. 867,Thompsonton,New Mexico,Trinidad and Tobago
9339,Katie,Moon,mford@example.org,887 Grace Isle,North Christianshire,Maryland,Cote d'Ivoire
9340,Stephanie,Newman,justinwhite@example.org,257 Anderson Mall,Kellystad,New Hampshire,Georgia
9341,Joshua,Butler,ericwiggins@example.org,3862 Hannah Camp Apt. 929,Williamport,Pennsylvania,Belarus
9342,Brandi,Fisher,zacharystevens@example.com,365 Sanders Lakes Suite 690,Kathyshire,Michigan,Andorra
9343,Lisa,Clark,clairecolon@example.org,48970 Thompson Corners Suite 997,South Johnnyland,Louisiana,Comoros
9344,Todd,Mann,simmonsdonald@example.com,219 Kevin Glen,East Spencer,Florida,Malaysia
9345,Alicia,Bailey,heidireese@example.com,23790 Christina Pine,Alisontown,West Virginia,Latvia
9346,James,Smith,xspears@example.com,795 Daniel Oval Suite 387,Lake Joshuachester,Illinois,Mozambique
9347,Gina,Christensen,lewisryan@example.org,403 Chad Centers Suite 261,New Amberhaven,Vermont,Bangladesh
9348,Scott,Thompson,tgrant@example.org,44053 Garcia Divide Apt. 594,East Jamesport,Massachusetts,Colombia
9349,Thomas,Vasquez,ksolomon@example.org,70055 Nolan Pike Apt. 762,Lake Elizabethbury,Maryland,Mongolia
9350,Brenda,Obrien,qstrong@example.com,98914 Rangel Fall Apt. 015,Laurenside,Arkansas,Jersey
9351,Virginia,Sanchez,martinleslie@example.com,29717 Williamson Crescent Apt. 945,Lake Robertshire,Idaho,Reunion
9352,Anthony,Howard,jensenraymond@example.net,374 Wendy Pines Apt. 160,Garyburgh,Rhode Island,Montenegro
9353,Autumn,Rogers,johnsonkaren@example.net,60215 Fowler Avenue,Curtisberg,South Carolina,Lao People's Democratic Republic
9354,Christine,Bates,jonathan15@example.com,060 Henderson Expressway Apt. 087,Robertburgh,Nevada,Lesotho
9355,David,Navarro,seanrogers@example.net,10597 Sanchez Forks Suite 349,Williamhaven,Colorado,Yemen
9356,Jennifer,Bryan,fdillon@example.org,930 Carla Alley Apt. 749,West Brian,South Dakota,Lithuania
9357,Stephanie,Anderson,sarahhull@example.net,071 Johnson Ville,East Sara,Wyoming,Lesotho
9358,Ronald,Warren,rebekahsmith@example.org,601 Erickson Bridge Suite 578,Port Kelly,Illinois,Portugal
9359,Gerald,Townsend,elizabeth06@example.org,92624 Williams Passage Suite 761,New Marthabury,New Jersey,Cameroon
9360,Elizabeth,Schultz,richard18@example.org,67670 Michele Views Suite 111,Nicoletown,New Mexico,Bahrain
9361,Jose,Torres,uadams@example.com,8367 Jodi Gardens,Michaelhaven,Colorado,India
9362,Lucas,Rowe,vadams@example.net,833 Leslie Spur,Coopershire,Indiana,North Macedonia
9363,Angela,Sutton,alejandrowood@example.org,22827 Lee Cove,Maxshire,New Mexico,French Polynesia
9364,Lisa,Cook,michaelgraham@example.com,4016 Carolyn Station,New Drew,Montana,Portugal
9365,Hannah,Harvey,thomasbradley@example.net,4595 Jenkins Manors Suite 969,Lake Jason,Massachusetts,Uganda
9366,Bryan,Leach,smithchristopher@example.org,5226 Kathy Pass,Swansonbury,Alaska,Algeria
9367,Carla,Werner,tjohnson@example.org,5447 Lee Cliff Suite 637,Gonzalezmouth,Iowa,Afghanistan
9368,Eric,Carlson,wardrodney@example.com,3343 Lindsay Station,New Zachary,Hawaii,Cambodia
9369,Susan,Burke,vfisher@example.com,3859 Danielle Shores,North Debra,South Dakota,Kyrgyz Republic
9370,Erin,Mcconnell,sara54@example.org,2962 Scott Landing,East Ryanview,Louisiana,Panama
9371,Javier,Hester,douglasolson@example.net,5785 Green Plaza,North Jessicaborough,Arkansas,Turkmenistan
9372,Kathryn,Krause,bryancamacho@example.net,982 Baker Flat,Port Jake,Mississippi,Liechtenstein
9373,Nathaniel,Brown,simmonskimberly@example.net,37826 Brandy Trafficway,Lake Jonathan,Pennsylvania,United States Minor Outlying Islands
9374,Ryan,Mendoza,laurenallen@example.com,936 Gregory Lake,East Jonathanside,Indiana,Bahrain
9375,Kathleen,Strickland,jeromesantiago@example.com,082 Warner Causeway,West Michellemouth,South Dakota,Jersey
9376,Christopher,Taylor,ssmith@example.org,29103 Suzanne Fort Apt. 546,Bennettstad,Oregon,Saint Vincent and the Grenadines
9377,Richard,Cooper,sarah12@example.org,29530 Bethany Canyon Apt. 806,New Brian,Delaware,Saint Kitts and Nevis
9378,Amber,Romero,angelahorne@example.org,332 Miller Highway,Port Davidton,Washington,Kuwait
9379,Laura,Escobar,vfoster@example.net,088 Anthony Tunnel Apt. 754,Hernandezport,Kentucky,Venezuela
9380,Robert,Willis,lindsay43@example.net,27037 Foster Pines,Jasonbury,New York,Kuwait
9381,Melanie,Campbell,ipena@example.net,7218 Richard Land,Mcdonaldhaven,Pennsylvania,American Samoa
9382,Erin,Berger,todd30@example.org,225 Garcia Views Suite 027,New Donald,South Carolina,Lithuania
9383,Brian,Nelson,gchung@example.com,457 Rebecca Road Suite 511,Bennettland,Pennsylvania,Guam
9384,Joshua,Hunt,donna47@example.org,275 Bryan Branch,Evanburgh,Kentucky,Norway
9385,Jeremy,Lee,oramirez@example.org,07964 Johnson Mews Apt. 800,Livingstonfurt,Delaware,North Macedonia
9386,Samantha,Casey,nicolebrady@example.org,542 Jeff Rapids,East Carolyn,Alaska,Korea
9387,Caroline,Hubbard,jessicalewis@example.com,6919 Alan Greens,East Jaredfurt,Illinois,Saint Vincent and the Grenadines
9388,Jeffrey,Stephens,laurahernandez@example.net,6925 Nathan Knoll Suite 640,Davistown,Arizona,Tonga
9389,Samantha,Cooley,ashleyschultz@example.org,261 Sandra Village,South Ronaldshire,Oregon,Costa Rica
9390,Jessica,Gomez,scott35@example.org,15421 Michael Valleys,Shelbyside,Ohio,Netherlands
9391,Jeffrey,Parsons,anthony48@example.net,8529 Jones Passage,West Sarah,Oklahoma,Burkina Faso
9392,Stephanie,Diaz,lynnjohnson@example.net,651 Rivera Track Suite 706,East Katherineborough,Virginia,Rwanda
9393,Kathy,Weaver,haydenmonica@example.org,94254 Robert Highway,Thorntonchester,New Jersey,Wallis and Futuna
9394,Paula,Doyle,michael78@example.net,4567 Campbell Islands,New Austinberg,New York,French Polynesia
9395,Anthony,Cox,donaldsoncarl@example.org,0304 Pham Junctions Suite 056,Roseport,New Hampshire,Botswana
9396,Joanna,Griffin,hudsonjohn@example.com,78979 Lisa Tunnel,Kathrynview,Minnesota,Chad
9397,Vanessa,Fernandez,vanessa90@example.com,411 Chelsey Lock Suite 291,West Jason,New Hampshire,French Polynesia
9398,Alyssa,West,kirbykevin@example.net,2630 Norton Village,Adamshaven,Delaware,Reunion
9399,Kimberly,Pacheco,ronaldsmith@example.net,702 Moreno Valley,Port Shannon,Georgia,Saint Vincent and the Grenadines
9400,Jeff,Jones,kwilliams@example.net,311 Richard Inlet,Fosterstad,West Virginia,Togo
9401,Mark,Warren,eric20@example.net,53627 Jason Mill,North Kathryn,North Dakota,Saint Martin
9402,Victor,Brown,duncanjimmy@example.net,819 Holder Expressway,Hernandezchester,Utah,Hong Kong
9403,Emma,Bailey,patty28@example.com,847 Kimberly Station Suite 952,Lake Leslie,Wisconsin,Ukraine
9404,Anna,Rodgers,chrisrobinson@example.com,8271 Kidd Shoal,Lake Ericbury,South Carolina,Saint Lucia
9405,Kathryn,Wilson,qanderson@example.org,714 Donald Underpass,Michaelport,Idaho,Netherlands Antilles
9406,Terri,Wang,alicia34@example.org,42402 Samantha Unions,Stephenport,Iowa,Falkland Islands (Malvinas)
9407,Alyssa,Freeman,tinaherring@example.com,890 Caroline Ferry,Staceymouth,Hawaii,Seychelles
9408,Corey,Carter,pmcmillan@example.com,39318 Nguyen Station,New Nicolefurt,Utah,Israel
9409,Geoffrey,Baird,annaanderson@example.net,038 Walker Viaduct,Dixonhaven,Maryland,Montenegro
9410,Ryan,Roberts,fieldspamela@example.net,3245 Drew Point,Lake Brittneystad,Pennsylvania,Gambia
9411,Eric,Guerrero,larsonlouis@example.com,937 Stevenson Avenue Suite 171,Brooksville,Mississippi,Croatia
9412,Matthew,Mcgee,belljason@example.net,560 Colleen Keys Apt. 895,West Kaitlyn,New York,Greenland
9413,Marcus,Marshall,josephallen@example.com,086 Reid Meadows,Port Jeremy,North Carolina,Sao Tome and Principe
9414,Pamela,Fischer,amandacruz@example.org,49834 Villanueva Ramp Apt. 371,Gilesfort,North Dakota,Cayman Islands
9415,Amanda,Hernandez,jennifer31@example.net,38242 Taylor Mall,Angelaside,Nebraska,Greenland
9416,Theresa,Jones,arthurhill@example.net,633 Amanda Club Apt. 418,Shahchester,North Dakota,Belgium
9417,Margaret,Collins,ianboyd@example.net,965 Garcia Crossroad Suite 231,Wellshaven,Minnesota,Cook Islands
9418,Mark,Rollins,njordan@example.org,67849 Anthony Forge Suite 739,South Rachel,Wisconsin,Morocco
9419,Mary,Flores,georgelopez@example.org,8102 Rodriguez Squares,Alyssamouth,Montana,Ukraine
9420,Virginia,Miller,michaelmorris@example.net,841 Joseph River Suite 092,Johnsonville,Washington,San Marino
9421,Renee,Martin,schwartzamy@example.com,66154 Ward Islands,Davistown,Missouri,Morocco
9422,Kevin,Cortez,wryan@example.com,2891 Diana Views Suite 385,Lake Robertfort,Ohio,Nepal
9423,Peter,Wood,eschneider@example.org,853 Kimberly Squares Suite 349,Brandonmouth,Rhode Island,Niue
9424,Melody,Walter,gabrielamarquez@example.org,444 Michael Stream,Katiemouth,Oregon,British Virgin Islands
9425,Edward,Bennett,hernandezryan@example.net,51207 Mitchell Mount,Forbesside,Michigan,Norway
9426,Lisa,Brown,brian32@example.net,333 Adam Crest Suite 435,Lake Dorothyhaven,Texas,Russian Federation
9427,Michael,Mendoza,jason34@example.com,79058 Barnes Island Suite 163,Joshuaview,Alaska,Serbia
9428,Samantha,Duran,hernandezbrandi@example.net,42375 Myers Stream Apt. 461,Hartmanburgh,Alaska,Montserrat
9429,Brian,Williamson,cross@example.com,44006 Wade Isle,North Jessica,Alabama,Western Sahara
9430,Mary,Lutz,christopher44@example.com,163 Armstrong Centers Suite 796,Jonesmouth,Colorado,Falkland Islands (Malvinas)
9431,Richard,Smith,kimberlypalmer@example.net,42811 Eric Square,Anthonyton,Maryland,Antarctica (the territory South of 60 deg S)
9432,Jason,Miller,oliviasanchez@example.net,54443 Jeffrey Mission Suite 645,Lake Cindyhaven,Indiana,United States Minor Outlying Islands
9433,James,Ross,james38@example.org,090 Griffin Ridges Apt. 600,Ericksonside,Oklahoma,Guadeloupe
9434,Timothy,Flynn,birdmark@example.net,332 Tyler Forges,Sandersborough,Minnesota,Zimbabwe
9435,Charles,Randall,alejandro56@example.com,47649 Jones Radial Apt. 513,North Christopherside,Maryland,Mexico
9436,Lori,Barr,jennifermelton@example.com,08948 Snyder Ramp Suite 150,New Justinview,Idaho,Egypt
9437,John,Campbell,jonathon72@example.net,015 Johnson Mission,Kristihaven,New Jersey,Palau
9438,Carlos,Vega,stoutalex@example.org,330 Franklin Mews,New Scott,Missouri,Belize
9439,Heidi,Martinez,shawn79@example.net,124 Ronald Prairie,Beckerborough,Connecticut,United States of America
9440,James,Frederick,harmonbonnie@example.com,9787 Cynthia Tunnel,East Haley,Arizona,Senegal
9441,Christine,Woods,baileymartin@example.com,2358 Wiggins Harbors,South Ashley,Kentucky,Saint Pierre and Miquelon
9442,Kelly,Conway,michaela24@example.org,6430 Anthony Forges Suite 764,Hardinville,New Mexico,Dominican Republic
9443,Ian,Odonnell,kenneth59@example.net,180 Mullins Gateway Apt. 359,Tarastad,South Carolina,Saint Martin
9444,Austin,Nash,cameronirwin@example.net,58127 Julian Harbors,Lake Laurafort,Michigan,Norfolk Island
9445,James,Stevens,belljames@example.com,44076 Waters Oval,North Rhondastad,Minnesota,Western Sahara
9446,Laurie,Moore,john61@example.com,485 Andrea Isle,Lake Jessica,Wyoming,Luxembourg
9447,Mark,Berry,srogers@example.com,103 Ortiz Views Suite 841,North David,Massachusetts,Heard Island and McDonald Islands
9448,Dale,Hernandez,robertsonlaura@example.net,6391 Dawson Pines Apt. 648,Hendersonmouth,Colorado,Slovenia
9449,Ralph,Rodriguez,mark97@example.org,32982 Justin Shore Suite 191,Ramirezfort,Nebraska,Philippines
9450,Paul,Blackwell,eric67@example.net,12968 Brown Stravenue Suite 481,South Michelehaven,West Virginia,Western Sahara
9451,Shelby,Johnson,kristinemendez@example.com,45356 Allen Key,Rodriguezstad,Kentucky,Brunei Darussalam
9452,Ronald,Duncan,rachel88@example.net,22316 Parrish Run,Carlatown,Florida,Germany
9453,Andrew,Norman,emilyporter@example.org,8459 Hopkins Row Suite 574,Villarrealland,New York,Jordan
9454,Tamara,Tran,lozanochristopher@example.net,669 Melissa Trail Apt. 188,Port Michaelmouth,New Hampshire,British Virgin Islands
9455,John,Myers,kleinalison@example.net,416 Jones Overpass Suite 513,South Ericaton,Alabama,Pakistan
9456,Stephanie,Simpson,figueroasherry@example.net,20530 Vicki Trace Suite 478,South Johnview,Massachusetts,Philippines
9457,Ann,Clark,loganwilson@example.org,9348 Bryan Lake Apt. 878,South Michelle,California,Turks and Caicos Islands
9458,Maureen,Becker,laurafoster@example.net,07293 Holly Valleys,Kristinchester,Wyoming,Netherlands
9459,Matthew,Browning,joseph16@example.net,5055 Harris Squares,East Christopherland,Massachusetts,Lithuania
9460,Ashlee,Jimenez,samantha24@example.com,34595 Reed Mountain Apt. 716,Jensenville,Texas,Bolivia
9461,Victoria,Barron,thomasmichelle@example.net,34770 Albert Gateway,Laurenland,New Jersey,Slovakia (Slovak Republic)
9462,Michael,Fisher,hrodriguez@example.com,4330 Johnson Fall Apt. 044,Anneport,South Dakota,Kyrgyz Republic
9463,Cindy,Jordan,josephrobert@example.net,4077 Smith Shores,South Travis,Oregon,Turkey
9464,Samuel,Hernandez,nicholas20@example.org,480 Dean Ferry,Lake Rebecca,Illinois,Jamaica
9465,Debra,Jensen,youngdeborah@example.org,10796 Robinson Loop,Ryanchester,Wisconsin,Jordan
9466,Michael,Berger,maryalexander@example.org,06050 Maria Rapids,Port Jodimouth,Colorado,United States Virgin Islands
9467,Amy,White,campbellwayne@example.org,65907 Christopher Causeway,Mayerfurt,California,Costa Rica
9468,Jon,Hughes,brian84@example.com,144 Brittany Dam,Edwinville,Maine,Turks and Caicos Islands
9469,James,Luna,gpeterson@example.net,61120 Michael Inlet Suite 384,Millerport,Oklahoma,Indonesia
9470,Diana,Glenn,monica54@example.net,8407 Charles Islands,Caitlinborough,Mississippi,Bahrain
9471,Dustin,Palmer,bakerrobert@example.net,9105 Susan Tunnel Apt. 348,Selenaland,Connecticut,Anguilla
9472,Brandon,Brooks,angela18@example.org,489 Michael Corners,Kristinfort,Kansas,Colombia
9473,Ronald,Anderson,cthornton@example.org,90242 Walters Mountain Suite 859,North James,Louisiana,Andorra
9474,Jason,Davis,gardnerdaniel@example.org,266 Sims Greens Suite 262,Michaelhaven,Florida,Venezuela
9475,Carlos,Preston,ayalashawn@example.com,410 Khan Rapid Apt. 611,Kentchester,Pennsylvania,Vanuatu
9476,Andrew,Davis,wgriffin@example.org,9631 Kevin Expressway Suite 267,Lake Johnmouth,Georgia,Myanmar
9477,Kevin,Rodriguez,yking@example.com,10313 Vance Spring Suite 773,West Kevin,Tennessee,South Africa
9478,Erika,Arellano,wallacematthew@example.net,97407 Howard Park Suite 212,Woodside,Mississippi,Pakistan
9479,Mark,Boyle,garrettronald@example.org,834 Jessica Canyon Apt. 298,North Tiffany,Alaska,Cook Islands
9480,Denise,Knox,christopher50@example.net,92502 Garcia Prairie,Robertberg,Utah,Bulgaria
9481,Stanley,Rice,arthurmayo@example.org,3283 White Wells Suite 500,Davisborough,Nebraska,Vietnam
9482,Rachael,Davis,lynn87@example.com,178 Shawn Spur Suite 709,Mccarthyburgh,Iowa,Japan
9483,Anthony,Mitchell,beverly81@example.com,876 Adam Key,Port Brandy,Nevada,Bouvet Island (Bouvetoya)
9484,Victor,Mitchell,wrightbrian@example.net,7603 Carson Parkway,Johnsonmouth,Maryland,Belgium
9485,Brandon,English,whitedeborah@example.com,685 Melissa Islands Suite 608,Kathleenland,Rhode Island,Gabon
9486,Mary,Dean,sarabishop@example.org,877 Dougherty Shoals Suite 207,Port Angela,Florida,Korea
9487,Kristin,Henry,diane51@example.com,01976 Christina Port Suite 834,Port Stephaniechester,Kansas,Poland
9488,Michael,Wilson,julielynch@example.com,928 Deanna Streets,New Larrystad,Kentucky,Argentina
9489,Joseph,Parks,carlos55@example.net,2431 Mckenzie Walk,South Johnfort,Nevada,Cocos (Keeling) Islands
9490,William,Dickerson,derekcarr@example.net,919 Young Lakes,Dianaport,Iowa,Malaysia
9491,Michael,Ford,wellsjessica@example.org,2180 Walters Forest,Guzmanstad,Utah,Guernsey
9492,Tyler,Fields,brookehudson@example.com,944 Glenn Landing,Emilyland,Kentucky,Thailand
9493,Bobby,Barrera,bcohen@example.com,993 Thomas Mews Suite 371,Millerhaven,Utah,Korea
9494,Tasha,Phillips,jenniferjohnson@example.net,02581 Diaz Turnpike Suite 000,South Colleenstad,Utah,Pakistan
9495,Daniel,Howe,james41@example.org,140 Jason Row Suite 703,Port Beverly,Oklahoma,Latvia
9496,Scott,Cooper,rcolon@example.com,875 Paul Parkway Suite 579,Fordchester,Maryland,Lithuania
9497,Paul,Freeman,richardhoward@example.net,011 Adam Run,New Priscilla,Indiana,United States Minor Outlying Islands
9498,Larry,Henderson,huntmichael@example.org,442 Chavez Tunnel Apt. 475,Curtisfort,Rhode Island,Saint Kitts and Nevis
9499,Rebecca,Brown,kelly15@example.net,19687 Melanie Crescent Suite 081,Bensonchester,West Virginia,Sierra Leone
9500,Darryl,Marsh,ocoleman@example.net,7957 Gary Island,East Lukeborough,Idaho,Micronesia
9501,John,Johnston,kellyjason@example.com,572 Conway Summit,New Carla,Delaware,Nepal
9502,Deanna,Goodwin,derrick27@example.com,965 Wilkerson Stream Apt. 112,Patrickland,Delaware,Taiwan
9503,Philip,Garza,gabriellejohnson@example.net,9696 Heather Islands,Washingtonstad,New Hampshire,Cayman Islands
9504,Diana,Flores,mark90@example.net,49471 Justin Ridges,Michelleton,Arkansas,Palau
9505,Belinda,Novak,riosgeorge@example.net,51219 Espinoza Summit,West Christine,New Mexico,Saint Pierre and Miquelon
9506,Robert,Robinson,lindsey07@example.com,83297 Parsons Shores,Chadbury,Missouri,United States Minor Outlying Islands
9507,Michelle,Ruiz,haydenjanet@example.org,2160 Garner Mews,North Troytown,Delaware,Tajikistan
9508,Joseph,Cuevas,eddiebaker@example.com,66392 John Loop,Mooretown,Montana,Falkland Islands (Malvinas)
9509,Kenneth,Allen,dfarmer@example.net,2133 Katelyn Field Apt. 992,Mooreborough,Arizona,Cape Verde
9510,James,Potts,kevingarcia@example.org,1889 Grace Pine,Lake Kaitlyn,Tennessee,Luxembourg
9511,Grace,Duncan,cbennett@example.net,1346 Ware Valleys,West Normamouth,Minnesota,Tokelau
9512,Rebecca,Wagner,halledward@example.com,090 Ralph Heights Suite 008,South Randy,Vermont,Nepal
9513,Shawn,Wilson,jose48@example.com,301 Hayes Extensions Apt. 446,Petermouth,South Carolina,Andorra
9514,Eric,Hamilton,fitzpatrickrobert@example.com,61454 Jennifer Burgs,Gregoryborough,Oklahoma,Bhutan
9515,Matthew,Duffy,courtneycabrera@example.com,00966 Hood Drive,Lake John,Colorado,Suriname
9516,Greg,Russell,qbrewer@example.org,1212 Jeffrey Trail,East Stephanieburgh,Texas,Mongolia
9517,John,Mitchell,utucker@example.org,9948 Brown Loaf Apt. 248,Cassandraside,North Dakota,Marshall Islands
9518,Gabriel,Walters,opeters@example.net,582 Romero Park Suite 432,New Aprilview,Arizona,Afghanistan
9519,Jeffrey,Flynn,heatherrichardson@example.com,3710 Wyatt Stravenue,Lake Aprilbury,Washington,Barbados
9520,Cathy,Shah,connorparks@example.net,03815 Wilson Union Suite 954,Annshire,Louisiana,Somalia
9521,Alexandra,Nixon,dpetty@example.org,568 Marilyn Club,West Brianfurt,Virginia,Finland
9522,Janice,Washington,kevin69@example.net,684 Stephen Walk,Williamsberg,Oregon,Marshall Islands
9523,Caitlin,Maldonado,christopher82@example.org,7858 Lindsey Junction Suite 103,Lake Anthonymouth,Alabama,Guinea
9524,John,Adams,njones@example.com,0378 Jessica Prairie Apt. 337,Cameronview,Utah,Bouvet Island (Bouvetoya)
9525,Elizabeth,Smith,rodriguezshawn@example.com,03818 Emily Views,North Jamieland,Wyoming,Saudi Arabia
9526,Margaret,Watson,lindablack@example.net,83778 Kenneth Ford,Morganview,Michigan,Brunei Darussalam
9527,Paul,Jimenez,kimberly95@example.org,373 Roth Stravenue,South Jamesmouth,Illinois,Somalia
9528,Jessica,Williams,alvaradopatrick@example.org,24161 Navarro Mall,New Tammymouth,New Mexico,Tuvalu
9529,David,Rodriguez,henrykimberly@example.com,3471 Crystal Summit,Lake Gregory,Rhode Island,Uruguay
9530,Curtis,Gallegos,joeguerra@example.com,12446 Richardson Path,Mistyview,Colorado,Rwanda
9531,Todd,Allen,kirbykimberly@example.org,47931 Brown Lodge Apt. 120,Ginaberg,Ohio,Hungary
9532,James,Stone,jenniferfitzgerald@example.org,82006 Castro Falls,Lake Sonia,North Dakota,Gibraltar
9533,Amanda,Johnson,paynelisa@example.net,33277 Suzanne Shoals Suite 938,East Tim,New Mexico,Finland
9534,Brandon,Golden,maldonadostephen@example.org,46473 Dawn Throughway,Youngport,New York,Mongolia
9535,Whitney,Knapp,christine96@example.org,843 Emily Highway,South Nathan,Kansas,Burkina Faso
9536,Nancy,Noble,lawrenceallen@example.net,197 Valenzuela Island,Victortown,New Hampshire,United States Virgin Islands
9537,Sandra,Ray,matthewdavis@example.net,515 Mark Lodge Apt. 000,Lake Thomasberg,Massachusetts,Bahamas
9538,Patricia,Berg,abbottebony@example.org,43344 Doyle Forges,Lawsonborough,Rhode Island,Turkmenistan
9539,Nicole,Delgado,stephaniewilcox@example.com,8797 Patricia Ferry,Millerview,Wisconsin,Northern Mariana Islands
9540,Vanessa,Garcia,stephaniemitchell@example.net,459 Becker Fields,Sandraland,Colorado,Djibouti
9541,Julie,Hogan,qfisher@example.org,62973 Bentley Trace Suite 859,Joshualand,Virginia,North Macedonia
9542,Stephen,Ortega,jordanangela@example.net,850 Daniel Turnpike Apt. 507,Lake Cody,Oregon,Gibraltar
9543,Ellen,Ross,cheryl00@example.com,0507 Eric Common,Jameston,Connecticut,Bangladesh
9544,Tracy,Ruiz,valdezjane@example.net,138 Gay Extension Apt. 889,Port Joseph,Minnesota,Iceland
9545,Heather,Wiley,gsmith@example.net,6954 Roberta Vista,South Karen,Alabama,Iceland
9546,Jason,Sutton,ywilliams@example.org,304 Gabriella Groves Apt. 286,North Tammybury,Iowa,Norway
9547,Cassie,Contreras,bradysteven@example.net,00866 Sawyer Ferry Apt. 385,Paulaside,New Mexico,Switzerland
9548,Deborah,Franklin,brendan44@example.org,83312 Hayes Square,Port Michaelchester,West Virginia,Uzbekistan
9549,Karen,Benton,jhutchinson@example.org,1840 Sarah Stravenue,New Kelly,Vermont,North Macedonia
9550,Stephanie,Hansen,shoover@example.net,604 Porter Crest,Juanchester,Alabama,British Indian Ocean Territory (Chagos Archipelago)
9551,Jonathan,Day,gabrielle19@example.org,7226 Steven Motorway Apt. 981,Kristinafort,Maryland,Egypt
9552,Ronald,Hill,karasmith@example.com,090 Natasha Square Apt. 813,Griffinmouth,Hawaii,Jamaica
9553,Amy,Haynes,austinmartinez@example.net,582 Dana Rue,West Natalie,Maine,Korea
9554,Veronica,Brooks,thomas10@example.com,209 Johnson Orchard Apt. 494,Caldwellville,Montana,Uruguay
9555,Nathaniel,Diaz,murraygregory@example.net,166 Stafford Trail Suite 528,New Lisaland,Wyoming,Georgia
9556,David,Mitchell,gcruz@example.org,56312 Williams Junction,West Gabriela,Utah,Ethiopia
9557,Robert,Mendoza,david63@example.org,21899 Jason Pass Apt. 898,New Austin,Missouri,Switzerland
9558,Jay,Hess,troy36@example.com,03138 Farrell Camp,Richardsonberg,Rhode Island,Tanzania
9559,Mary,Rivera,bakerchristopher@example.com,122 Arthur Harbor,Morrisontown,Arizona,Guyana
9560,James,Griffin,travis99@example.com,409 Christina Spurs,Martinezberg,California,Korea
9561,Kayla,Stevens,wlopez@example.org,811 Jasmine Causeway,East Jason,Nebraska,Ireland
9562,Jennifer,Robinson,jesse72@example.com,856 Patrick Pass Suite 798,West Tiffanyburgh,Arizona,Bouvet Island (Bouvetoya)
9563,Douglas,Dean,smithjennifer@example.net,35541 Bradley Expressway,Port Brandon,Kansas,Germany
9564,John,Harrison,gabrielle80@example.com,43196 Jacob Islands,North Laurieland,Nevada,Suriname
9565,Robert,Dunn,adambuckley@example.org,717 Lynn Light,Diazton,Kansas,Algeria
9566,Kathleen,Lowe,jamesmartin@example.net,43098 Johnson Village Apt. 991,Sandraview,Connecticut,Guinea
9567,Justin,Scott,lauracoleman@example.com,5301 Keith Wells,Eddiechester,Nebraska,Netherlands
9568,Lori,Mayer,natasha49@example.org,55854 Massey Spurs Apt. 563,Thorntonborough,South Dakota,Nicaragua
9569,Alexandra,Townsend,carlybest@example.net,982 Hardin Lock Apt. 061,Lake Dakota,North Carolina,Ethiopia
9570,Robert,Weaver,simpsontina@example.com,07014 Tyler Points,Novakland,Illinois,Andorra
9571,Pam,Boyd,goodwinamy@example.org,317 Lori Mountain,Bartlettville,Massachusetts,Switzerland
9572,Angela,Bryant,jeffreywilson@example.net,89055 Romero Summit,North Daniel,New York,Mauritania
9573,Jose,Johnston,williampatel@example.com,60825 Jerry Dam,Laurenfort,Rhode Island,Central African Republic
9574,Amanda,Conley,bbullock@example.org,11350 Michael Walk,Danielleview,Oklahoma,Morocco
9575,Philip,James,stephenrivera@example.org,48480 Steele Freeway Apt. 460,North Jasmine,Massachusetts,Guernsey
9576,Dan,Bailey,lawrenceclaire@example.org,54634 Amanda Spring Apt. 513,West Amy,Arizona,Peru
9577,Vanessa,Cuevas,barbaraaguilar@example.com,792 Patrick Island Apt. 301,Tammyton,North Carolina,Greece
9578,Megan,Miller,michael75@example.org,2432 Robbins Way Apt. 636,Harringtonstad,Maryland,Antigua and Barbuda
9579,Megan,Jones,rthomas@example.org,0027 Julie Extension,South Tylershire,Iowa,Congo
9580,Neil,Elliott,kathryncollins@example.net,388 Chelsea Drive,Port Deborah,Missouri,Norway
9581,Tyler,Jackson,angela18@example.net,9199 Wright Junction,Pattersonland,Minnesota,Iceland
9582,Chelsea,Baker,angel22@example.net,71440 Warren Ways,Lake Angelhaven,Kentucky,Bolivia
9583,Nathan,Poole,sosborne@example.net,789 Stephanie Way Suite 727,East William,Washington,Uganda
9584,Jonathan,Tran,ann19@example.com,48484 Hall Loaf,Stephenview,Mississippi,Chad
9585,Monique,White,terriwilson@example.org,68661 Benson Crossroad Suite 732,Lake Chelseahaven,Montana,French Guiana
9586,Richard,Armstrong,qlin@example.org,6017 Evans Garden,Christopherstad,North Dakota,Singapore
9587,Tiffany,Johnson,goodwinwendy@example.com,845 Zachary Overpass Apt. 638,South Lindaport,Hawaii,Poland
9588,Joan,Davis,jesus92@example.com,741 James Flat,Port Brettbury,Maryland,British Indian Ocean Territory (Chagos Archipelago)
9589,Eric,Randall,brittney36@example.org,0451 Smith Path,New Crystalport,Tennessee,Isle of Man
9590,Andrew,Garcia,johnturner@example.com,9449 Suzanne Via,Danielchester,Colorado,Saint Martin
9591,Tiffany,Doyle,knoxanita@example.org,542 Michael Field Suite 382,East Ryanside,New Mexico,Ukraine
9592,Ashley,Taylor,brian96@example.com,72494 Sydney Shoal Suite 905,East Joseph,Washington,Tunisia
9593,Timothy,Murphy,michelle02@example.org,43522 Green Springs Suite 474,East Timothytown,Delaware,San Marino
9594,Edward,West,bclayton@example.com,9351 Pope Ports Suite 993,Nancyville,Pennsylvania,Denmark
9595,John,Wiley,valerienash@example.com,40025 Brian Forge,East Virginia,Alabama,Haiti
9596,Sandra,Rios,hpena@example.net,5791 Jordan Skyway,South Janet,Tennessee,Poland
9597,Sean,Taylor,josephwoodard@example.com,912 Jose Lodge Apt. 025,Lake Ericstad,California,Saint Barthelemy
9598,Bryan,Daniel,ruthmyers@example.com,71715 Rodriguez Crossroad Apt. 218,West Tanyaberg,Arkansas,Guernsey
9599,Julia,Garcia,marywalter@example.org,2216 Lewis Hollow Apt. 003,Lake Clinton,South Carolina,Faroe Islands
9600,Angela,Martin,cochranlinda@example.net,3268 William Street Suite 901,Fredville,Illinois,Indonesia
9601,Theresa,Harris,mayoheather@example.com,55852 Michael Walks,West Randyborough,Virginia,Peru
9602,Alan,Howe,warddana@example.com,16059 Martinez Glen Suite 579,East Thomas,Kansas,Mongolia
9603,Mitchell,Crawford,rose74@example.net,25769 Danielle Ridge,Wongburgh,South Carolina,Western Sahara
9604,Jennifer,Lane,guerravickie@example.org,3278 Osborne Forks,Melissatown,Ohio,British Indian Ocean Territory (Chagos Archipelago)
9605,Valerie,Griffin,xcarney@example.org,3985 Brian Loop Apt. 969,Kimberlyton,Kansas,Christmas Island
9606,Tracy,Garza,benjaminfranklin@example.org,46843 Moody Spur,New Darryl,Nevada,French Guiana
9607,Diana,Hicks,vancemichelle@example.com,12516 Jarvis Creek Suite 279,West Linda,Pennsylvania,Algeria
9608,Leslie,Delgado,kirkmelissa@example.org,1892 Crane Crescent,Lewiston,New York,Germany
9609,Nicole,Jacobs,robinsonjoseph@example.net,53920 Valdez Way Suite 156,Lake Shelbychester,Louisiana,Guadeloupe
9610,Traci,King,matthewwilliams@example.org,9245 Jimmy Road Suite 744,Larryshire,Washington,Russian Federation
9611,Stephanie,Armstrong,aguirreadam@example.org,9094 Gloria Gardens,South Jessica,Texas,Belize
9612,Julie,Best,cynthiahopkins@example.com,768 Kelly Stravenue,Port Kimberlyville,Michigan,Serbia
9613,Kelly,Mejia,watsonkent@example.org,16699 Barron Radial,East Elizabethfort,Hawaii,Burkina Faso
9614,Brandon,Jones,npena@example.org,4063 David Run Apt. 079,North Shannon,Pennsylvania,Dominica
9615,Michelle,Brock,ujimenez@example.org,29846 Sheila Circle Apt. 710,Richardton,Montana,North Macedonia
9616,Ronald,Torres,jlewis@example.net,4254 Turner Manor Suite 903,Lake Brendan,Alaska,Brazil
9617,Rachel,Smith,zlane@example.com,59105 Taylor Mount,Port Lisaport,Georgia,Malawi
9618,Tara,Stein,morrisalexandra@example.net,9734 Nguyen Causeway Suite 018,Lake Michaelstad,Illinois,Bangladesh
9619,Jermaine,Gonzalez,kaitlynjones@example.com,336 Jones Drives Suite 748,East Todd,Mississippi,Burkina Faso
9620,Richard,Wood,tabithaburns@example.net,27095 Marquez Skyway Suite 897,Lake Alexstad,Pennsylvania,Holy See (Vatican City State)
9621,Brooke,Maddox,peggyvillanueva@example.net,1182 Heidi Lights Apt. 675,Warnerburgh,Florida,Cote d'Ivoire
9622,Travis,Shelton,grimesronald@example.net,793 Patricia Crossing,Webbport,Minnesota,New Caledonia
9623,Scott,Boyd,bentleyjoshua@example.net,6944 Lawson Shore Suite 922,Port Geraldberg,Arizona,Belgium
9624,Adam,Zhang,bjohnson@example.org,7518 Alex Forest,South Juliastad,Minnesota,Togo
9625,Stacey,Vasquez,derrickdorsey@example.com,08739 Krystal Court Suite 214,Joshuachester,Florida,Colombia
9626,Jason,Lewis,sarnold@example.org,183 Hayes Row,South Melissa,Illinois,Mauritania
9627,Cory,Freeman,cassie73@example.org,23204 Potter Mall Apt. 306,Hallhaven,New Mexico,Chile
9628,Todd,Acosta,carrollamy@example.net,5645 Vanessa Squares,Thomasville,Iowa,Serbia
9629,Melinda,Aguirre,browndavid@example.com,5884 Jessica Court,South Thomasmouth,Pennsylvania,Vietnam
9630,Felicia,Hudson,andrew59@example.net,51246 Gates Road,Port Glenn,Alabama,Micronesia
9631,Yesenia,Cooper,vanessagood@example.com,25018 Madeline Parkway Suite 026,West Ryanberg,New Jersey,Andorra
9632,Jennifer,Fisher,brenthernandez@example.net,74731 Kenneth Mission,Walkerport,Nevada,San Marino
9633,James,Green,abrady@example.org,3965 Donald Flat Suite 931,North Mallory,Maryland,Kazakhstan
9634,Sarah,Blevins,gutierreztodd@example.org,5497 Jessica Lake Apt. 662,Knightburgh,Idaho,Myanmar
9635,Alison,White,harriskristi@example.org,30684 Rodriguez Walks Suite 581,Port Jillton,Oklahoma,Tunisia
9636,Blake,Baker,devinhansen@example.net,28846 Matthew Expressway,Kristineland,Montana,Guyana
9637,Daniel,Jordan,susan35@example.net,8155 Thompson Villages Suite 307,North Deniseton,Indiana,Algeria
9638,Christopher,Rodriguez,klutz@example.net,9418 Adam Landing,North Mark,Massachusetts,Kenya
9639,Roberto,Castro,iblackwell@example.com,84934 Nichols Shore,Danielleside,Pennsylvania,Hungary
9640,Deborah,Garcia,rbanks@example.net,392 Joseph Summit Apt. 310,Port Christopher,Oregon,Qatar
9641,Tiffany,Adams,ffuentes@example.com,31805 Davis Wall,Port Holly,Massachusetts,Montserrat
9642,Jacob,Shaw,mallory24@example.org,0610 Gomez Freeway,East Amanda,Missouri,Saint Kitts and Nevis
9643,Stacy,Jackson,samantharobinson@example.org,046 Anthony Cliff,Lowemouth,Nebraska,Saint Lucia
9644,Rachel,Bates,ashley78@example.net,39057 Gonzalez Divide,New Jessicamouth,New Mexico,Tuvalu
9645,Jessica,House,richardsonchelsea@example.com,06169 Anthony Mountains,Lake Stephanie,West Virginia,Northern Mariana Islands
9646,Michael,Mendoza,jhernandez@example.net,4903 Levy Drives Suite 652,Tatechester,West Virginia,Heard Island and McDonald Islands
9647,James,Martinez,jasonthomas@example.com,147 Wilson Path,Stephenbury,Utah,Comoros
9648,Andrea,Snow,mmartin@example.net,62526 Snyder Circles Apt. 049,West Charles,Maine,Jordan
9649,Donna,Wilson,nicoleroberts@example.com,6563 Ruiz Meadow,Wongborough,New Hampshire,Portugal
9650,Elizabeth,Wilson,thomaschristine@example.org,61207 Gibbs Locks Apt. 784,Chanshire,Wisconsin,Saint Barthelemy
9651,Christopher,Mcconnell,nicolesolis@example.org,1817 Tiffany Crescent Suite 875,New Jerryville,Vermont,Malaysia
9652,David,Rojas,qhall@example.com,5712 Pearson Viaduct Apt. 638,East Ariel,Idaho,Lebanon
9653,Christopher,Hall,micheal80@example.org,08553 Laura Wall Apt. 354,Lake Oscar,Washington,Iceland
9654,Danny,Briggs,monroestephen@example.org,48973 Anne Landing,Port Stevenborough,Oregon,Kiribati
9655,Jordan,Horn,cgarcia@example.org,0173 Jason Extension,South Curtismouth,Iowa,Honduras
9656,Wesley,Garrison,enewman@example.com,48586 Chambers Locks Apt. 346,Millsville,New Jersey,Anguilla
9657,Barbara,Leonard,richardlewis@example.net,759 Jon Isle Apt. 698,North Charlotteland,Iowa,Solomon Islands
9658,Brian,Williams,leonardkathy@example.com,10279 Misty Circle Suite 586,East Angelachester,South Carolina,Niue
9659,Shaun,Ferguson,christopherpetersen@example.net,2335 Hayden Brook Suite 675,East Andrea,California,Martinique
9660,George,Benson,richardlisa@example.net,7107 Gay Rue Suite 862,North Jennifer,New Mexico,Iraq
9661,Christopher,Ross,chavezmitchell@example.org,212 Dalton Coves,Port Angelaside,Montana,Saint Lucia
9662,April,Edwards,nwilliams@example.com,616 Holt Squares Apt. 829,North Carl,Oklahoma,Botswana
9663,Jade,Avila,qsmith@example.net,838 Vaughan Pass,North Johnnyshire,Rhode Island,Serbia
9664,Bryan,Wright,nicholas84@example.com,117 Howell Center Apt. 571,Matthewstad,Kansas,Tanzania
9665,Thomas,Webb,sholloway@example.net,9516 Freeman Mills,East Linda,Washington,Ghana
9666,Sean,Johnson,taylorjames@example.com,8300 Aaron Fort,Heatherborough,Nebraska,Australia
9667,Martha,Barber,olong@example.com,90695 Stephens Lane Apt. 241,Lake Christineville,West Virginia,Mauritius
9668,Steven,Johnson,deborah10@example.org,2913 Logan Lights,Marquezchester,Wisconsin,Wallis and Futuna
9669,Charlotte,Butler,dennisrich@example.org,7800 Daniels Mountain Apt. 400,Anthonybury,North Dakota,Slovakia (Slovak Republic)
9670,Kristina,Brown,sparksrobert@example.com,1873 Vega Route,Johnsonfort,Oklahoma,Barbados
9671,Stephen,Brown,pkey@example.org,113 Diana Mountain,Port Gary,New York,Romania
9672,Stephanie,Crosby,fischerwendy@example.org,52820 Alexander Brooks,Lake Justin,Missouri,French Polynesia
9673,Garrett,Jackson,dustinlevine@example.net,5065 Davis Plains,Markland,Idaho,Trinidad and Tobago
9674,Allison,Blair,valenzuelacrystal@example.net,48819 Rodriguez Unions Apt. 348,Port Elizabeth,Connecticut,Romania
9675,Dennis,Williams,alexismaxwell@example.com,2314 Williams Field Apt. 301,Port George,Idaho,Guernsey
9676,Gerald,Cohen,marybarnett@example.org,58174 Rachel Forest Suite 707,Lake Vanessaland,Oregon,Turkey
9677,Kristen,Terry,perkinsedwin@example.com,415 Butler Passage,South Latasha,Ohio,Israel
9678,Mary,Torres,zoe75@example.net,960 Ashley Way Apt. 735,Ashleyport,Maryland,Jersey
9679,James,Miller,frankkaren@example.net,703 Watson Views Apt. 257,New Annafort,Indiana,Uganda
9680,Mark,Phillips,ana18@example.org,3063 Hinton Burg,New Amandaberg,Virginia,Saint Vincent and the Grenadines
9681,Peter,Davis,mistyweaver@example.org,91477 Victor Burgs Apt. 669,New Maxwell,Arkansas,Hong Kong
9682,Christopher,Meyers,mary08@example.com,21321 Dakota Locks Suite 674,Lake Kristopher,Nebraska,Palestinian Territory
9683,Kimberly,Robertson,imccormick@example.net,372 Cochran Expressway Suite 307,Benjaminhaven,Kentucky,New Caledonia
9684,Patrick,Harrell,shunt@example.net,58382 Kane Hills Suite 080,Martinport,Hawaii,Saint Helena
9685,Alexander,Clayton,apalmer@example.net,42519 Deborah Wells Apt. 782,Fernandezbury,Florida,Burkina Faso
9686,Joseph,Anderson,hudsonbrandon@example.net,83745 Mitchell Common,New Joshuashire,Maryland,Oman
9687,Gregory,Davila,tkramer@example.org,5731 Frank Lights Suite 825,Chapmanchester,Delaware,Belgium
9688,Kristin,Ramos,rachel95@example.com,461 Melissa Viaduct Suite 982,Port Samantha,Nevada,Niger
9689,Nicholas,Johnson,kcook@example.com,844 Lozano Station Suite 897,West Jennifer,Wyoming,Thailand
9690,Jane,Neal,jamespatterson@example.net,593 Faulkner Flat Apt. 784,Johnshire,Alaska,Singapore
9691,Regina,Mcgee,inewton@example.net,24750 Darren Ways Apt. 634,West Claudia,Maryland,New Caledonia
9692,Andrea,Williams,jennifer72@example.net,66485 Ashley Gardens Apt. 148,Port Eric,Missouri,Bahamas
9693,Charles,Brady,david50@example.org,703 Latoya Centers Suite 045,North Micheleport,Maryland,Sao Tome and Principe
9694,Jason,Hall,lauriewalker@example.net,47773 Mcguire Loop,Port Timothy,Connecticut,Cuba
9695,Ashley,Kirk,shirleygardner@example.net,93206 Barker Tunnel,Port Annton,Delaware,Somalia
9696,Caleb,Rivera,youngclaire@example.net,90244 Brian Village Suite 846,Colleenshire,North Carolina,Lao People's Democratic Republic
9697,Blake,Nguyen,melindabradley@example.net,89909 Bernard Inlet,Lindseyview,Hawaii,Spain
9698,Jessica,Floyd,gadams@example.com,53765 Katherine Ports,Angelafurt,Missouri,Guadeloupe
9699,Stephanie,Bush,caincindy@example.org,325 Evans River,Woodborough,Colorado,Nauru
9700,Alexa,Nunez,katherinemiller@example.com,9025 Benson Forge Apt. 728,East Caitlinfurt,Arkansas,Moldova
9701,Levi,Kline,david12@example.com,14372 Young Land Apt. 861,Port Paige,Kansas,Tunisia
9702,David,Clark,meyerchristopher@example.com,42347 Middleton Extensions,East Aprilmouth,Kansas,Cambodia
9703,Sean,Hudson,joseph01@example.net,00864 Jason Station Apt. 285,South Christine,New Mexico,Zambia
9704,Kimberly,Clark,carol42@example.net,600 David Wall,Benitezland,Vermont,Tokelau
9705,Rachel,Jimenez,bakerglenn@example.net,713 Brown Plaza,West Carl,Hawaii,Thailand
9706,Evelyn,Moore,evelyngregory@example.org,1156 Christopher Freeway Apt. 819,Webbberg,Georgia,Brazil
9707,Jacob,Fuentes,robert48@example.org,6395 Robert Land,Cowanhaven,Montana,Uruguay
9708,Sarah,Martin,halejulia@example.com,58127 Donna Turnpike Suite 897,Lake Jacob,South Dakota,Mozambique
9709,Raymond,Fernandez,matthewssusan@example.org,574 Scott Manors,North Georgeview,New Mexico,Saint Martin
9710,Justin,Jones,lindsay35@example.net,414 Gomez Plains Apt. 550,Burtonchester,Idaho,Malaysia
9711,Stacey,Benitez,rduran@example.com,3868 Mary Camp,West Thomas,Indiana,Azerbaijan
9712,Sierra,Bailey,snowmichael@example.com,787 Olson Bridge Suite 172,East Brittany,Ohio,American Samoa
9713,Amanda,Ware,paul16@example.com,284 Larson Centers,North Stevenfort,Virginia,Mongolia
9714,Angela,Torres,hillchristopher@example.net,0868 Elizabeth Points Apt. 877,North Benjamin,New Jersey,Colombia
9715,James,Rodriguez,michaelrobinson@example.com,863 Rose Inlet Suite 531,Tylerside,Texas,Guatemala
9716,Tracy,Oliver,kenneth66@example.com,333 Adam Run,Thomaschester,Kansas,Mali
9717,Gregory,Young,kristen53@example.com,50060 Jason Via Suite 202,Ramosborough,Wyoming,Italy
9718,Mark,Blair,qjuarez@example.com,5231 Schroeder Locks,East Destinyfurt,Wyoming,Luxembourg
9719,Connor,Parks,michaellewis@example.com,0550 Robertson Parkway Suite 543,Patelmouth,North Carolina,El Salvador
9720,Lynn,Weber,kwright@example.com,7109 Ryan Point,Smithborough,Tennessee,Saint Vincent and the Grenadines
9721,Selena,Haynes,joseph89@example.net,98288 Perez Plaza Suite 637,New Briana,North Dakota,Hong Kong
9722,John,Schultz,kristensmith@example.org,78434 Kendra Hollow,New Amandashire,South Carolina,Macao
9723,Patrick,Martin,cynthialivingston@example.com,386 Hall Crossroad,North Andrewfurt,North Carolina,Benin
9724,Patrick,Ware,lisaford@example.com,65944 Richardson Pass,Lake Dustinfurt,Texas,Panama
9725,Robert,Osborn,stephaniefox@example.com,902 Michael Camp Apt. 810,Port Stacyport,Massachusetts,Croatia
9726,Jennifer,Richardson,morandeanna@example.net,331 Blanchard Station Suite 077,Jordanchester,Connecticut,Singapore
9727,Joseph,Baxter,ubowen@example.org,25250 Wade Terrace Apt. 840,Carmenbury,Iowa,Belize
9728,Sydney,Mitchell,josephramsey@example.com,16716 Henderson Plains Suite 269,West Caitlin,Massachusetts,Anguilla
9729,Paige,Carter,nielsenjacqueline@example.org,80272 Rachel Lights,Sonyabury,Iowa,Afghanistan
9730,Tracy,Rogers,noblemichael@example.org,79484 Tina Station,New Johnmouth,Kansas,Lithuania
9731,Christian,Kramer,ricechristine@example.com,6947 Wright Extension,South Georgestad,Tennessee,Puerto Rico
9732,Steven,Walker,pdominguez@example.net,295 Joshua Plains,Murphyhaven,New Mexico,Heard Island and McDonald Islands
9733,Daniel,Mclean,erik56@example.org,431 Smith Shore,East Jeanetteton,Vermont,Bahamas
9734,Dawn,Martinez,wschneider@example.net,97521 William Mount Apt. 199,North Kathryntown,Massachusetts,Mauritius
9735,Jessica,Smith,stewartcollin@example.com,5914 Wood Ramp,Port Shannonmouth,Washington,Latvia
9736,Vanessa,Barron,brandon07@example.com,048 Case Road Apt. 948,Johnsonstad,Idaho,Turkey
9737,Kimberly,Jones,rachaelturner@example.com,7923 Jessica Mills,Wrightton,Idaho,Oman
9738,Brad,Oliver,levydavid@example.com,6871 Jimenez Ford,West Jennifer,Texas,Japan
9739,Joseph,Murphy,matthewmitchell@example.com,238 Kathleen Corner Apt. 341,Savagetown,Louisiana,Antigua and Barbuda
9740,Michelle,Johnson,justin74@example.net,849 Hooper Passage,North Samanthafort,Indiana,Syrian Arab Republic
9741,Courtney,Gray,gregorymoreno@example.net,56327 Diana Loaf,East Nathan,West Virginia,United States of America
9742,Mark,Warren,robert23@example.com,616 Danny Plains Suite 756,Danafurt,Illinois,Saudi Arabia
9743,Kyle,James,fowleramanda@example.net,68170 Caitlin Passage Apt. 868,West Amandaside,Wisconsin,United Arab Emirates
9744,Jamie,Baker,willisjohn@example.com,0319 Sarah Shore Suite 295,South Williammouth,Nebraska,Trinidad and Tobago
9745,Christopher,Stewart,gomezkevin@example.net,87371 Woods Summit,New Rachelmouth,North Carolina,Andorra
9746,Edward,Jackson,rebeccarhodes@example.org,168 Mary Tunnel,Tonyafurt,Maine,Bhutan
9747,Roy,Evans,xholloway@example.org,026 Pacheco Island Suite 776,Port Jamesshire,South Carolina,Jersey
9748,Andrea,Garrison,edward13@example.org,1220 Cardenas Fields,Jonesstad,Connecticut,Tanzania
9749,Daniel,Oneal,johnburton@example.net,3665 Le Courts,New Edgarburgh,Minnesota,Burundi
9750,Susan,Palmer,rweeks@example.net,481 Jackson Station,New Tonyaview,Arizona,Jersey
9751,Peter,Mullen,davismelissa@example.net,27549 Amanda Lane Suite 105,Georgeside,Maryland,United States Virgin Islands
9752,William,Greene,laura81@example.com,616 Nguyen Common,Raybury,Rhode Island,Belize
9753,Mary,Ross,tammy61@example.org,47085 Ochoa Isle,East Vincentbury,Nebraska,Antigua and Barbuda
9754,Valerie,Stout,omiller@example.net,9056 Fox Shore,Williamfort,Kentucky,Ukraine
9755,Kelsey,Harris,elizabeth23@example.org,3211 Rodriguez Overpass,Duncanmouth,Mississippi,France
9756,Connor,Robinson,dkelly@example.net,3082 Meghan Lane Apt. 559,Scottport,Vermont,Saint Kitts and Nevis
9757,Maureen,Trevino,haleybrown@example.com,429 Jasmine Grove Suite 384,East Kevin,Utah,Guam
9758,Seth,Silva,gregory29@example.org,285 Martin Valleys Apt. 053,North Brianastad,Kentucky,Isle of Man
9759,Kimberly,Taylor,austinsimpson@example.org,3937 Lang Cove,New Mark,Minnesota,Guinea-Bissau
9760,Peter,Dawson,rileyjoseph@example.org,004 Lee Plains Suite 026,Franklinfort,South Dakota,Turkmenistan
9761,Diana,Ward,sonyaclark@example.com,3096 Alexandra Turnpike,Kaiserfort,New Mexico,Reunion
9762,Elizabeth,Ramsey,paul46@example.com,6822 Bradley Trail,Port Josephfort,Arkansas,Pakistan
9763,Mary,Smith,troyfox@example.org,86578 Vicki Island Apt. 728,Marshallburgh,Nebraska,Yemen
9764,Jacqueline,Lewis,paul87@example.net,579 Cruz Spring Suite 178,Vazquezhaven,Delaware,Western Sahara
9765,Terri,Barnes,campbellkristen@example.net,3247 Jordan Ways Apt. 302,Stephenland,Pennsylvania,Vanuatu
9766,Kelsey,Doyle,jacobmyers@example.org,99558 Brian Unions,Williamston,Texas,Turkmenistan
9767,Ruth,Thomas,aklein@example.net,141 Weber Summit,Theresachester,Kentucky,Algeria
9768,Sandra,Tucker,tracylevy@example.org,007 Robert Roads Suite 087,Nicholsberg,Nebraska,Bermuda
9769,Renee,Gonzalez,john79@example.com,767 Thomas Summit Suite 145,South Emily,Massachusetts,Seychelles
9770,Shawn,Moss,douglasnewton@example.net,6538 Michael Harbors Suite 360,Colemanshire,Oregon,Latvia
9771,Brian,Miranda,lscott@example.org,072 Rhonda Plains,Lake Pamelaland,Montana,Cuba
9772,Samantha,Phelps,travis90@example.org,3415 Ashley Spur,Port Miguelshire,New York,Jamaica
9773,Jennifer,Cain,kathleen08@example.com,19001 Johnson Canyon,Steventown,Montana,Hong Kong
9774,Kelly,Gutierrez,uterrell@example.net,98451 Michelle Pike Suite 195,New Donald,Illinois,Guinea
9775,Gregory,Holmes,xmcclain@example.org,50992 Goodman Grove,West Barbara,South Dakota,Guernsey
9776,Kayla,Smith,haroldsantiago@example.com,7549 Veronica Isle,Port Laura,Nebraska,Liberia
9777,Angela,Stuart,dawn19@example.com,2056 Heather Lock Suite 393,Micheleborough,Idaho,Congo
9778,Aaron,Mcgee,ricky76@example.org,624 Carrillo Stream,Walshbury,Arizona,Tunisia
9779,Courtney,Mcguire,jwatson@example.com,2536 White Brooks Suite 441,Lake Timothyfurt,Kentucky,Netherlands
9780,Kristi,Stokes,stephaniemejia@example.org,1067 Lopez Trafficway Suite 009,East Michelle,Arkansas,Timor-Leste
9781,Julie,Little,thomaspalmer@example.net,3103 Nancy Forge,Griffinberg,Arizona,Chile
9782,Diana,Peters,phillipsedwin@example.net,37646 Kevin Heights Suite 729,Richardbury,Wyoming,Isle of Man
9783,Patricia,Crane,micheal45@example.com,913 Perez Harbor Suite 531,East Scottshire,Texas,Bangladesh
9784,Ivan,Love,brendaparker@example.com,500 Johnson Field Suite 441,Rodneyfurt,Maine,Tonga
9785,Elizabeth,Bennett,nicole62@example.org,863 Sanchez Bridge Suite 994,Richardsport,Hawaii,Niue
9786,Sandra,Ramos,acollins@example.com,0860 Brittany Loaf,Kramerside,West Virginia,Italy
9787,Amber,Lyons,triciaanderson@example.com,96778 Megan Club Apt. 787,Port Jefferychester,Michigan,Lao People's Democratic Republic
9788,Karen,Mcpherson,ballardlaura@example.org,1058 Knox Ranch Suite 871,West Thomasside,Nebraska,Dominican Republic
9789,Regina,Austin,markschmidt@example.org,11942 Chad Forges,Smithtown,North Dakota,Bangladesh
9790,Rebecca,Delacruz,monique41@example.org,3267 Singh Path Apt. 603,Tiffanyville,Alabama,Saint Kitts and Nevis
9791,Christopher,Rollins,mccalldaniel@example.net,9367 Johnson Drives,Joneschester,Indiana,United Arab Emirates
9792,Tonya,Nguyen,erinjohnson@example.net,21057 Michael Meadow,West Lauraport,Virginia,Nepal
9793,Brittany,Taylor,wilsoncaleb@example.com,39761 Hansen Ports Suite 059,Meganborough,Michigan,Belarus
9794,Emily,Peterson,thensley@example.com,3252 John Forges Apt. 041,New Antonio,California,Turks and Caicos Islands
9795,David,Jenkins,btodd@example.org,884 Crystal Spurs Suite 526,Port Valeriebury,California,Tuvalu
9796,Keith,Graham,velezmaria@example.org,3416 Ford Manors,New Christopher,South Dakota,Guam
9797,Jesse,Perry,lindseyluke@example.com,297 Phillip Village,Zacharytown,Montana,Bouvet Island (Bouvetoya)
9798,Jennifer,Smith,vaguilar@example.org,977 Ferguson Drive,Port Laura,Missouri,Palestinian Territory
9799,Julie,Weeks,gduke@example.org,3872 Kimberly Point,Tatetown,Tennessee,San Marino
9800,Amber,Cook,tannertorres@example.com,570 Mathis Spring,West Rachelside,Rhode Island,United States Virgin Islands
9801,Diamond,Michael,davidelliott@example.com,502 Reid Union,South Matthew,Pennsylvania,China
9802,Jorge,Wood,richard35@example.org,96078 Sarah View Apt. 871,Lake Brittanyburgh,New Hampshire,Nicaragua
9803,Ray,Thompson,clayjane@example.org,609 Anthony Place,Patriciaberg,Alaska,Trinidad and Tobago
9804,Kathy,Maldonado,jerryhenderson@example.com,629 Tami Mount,Cannonton,Iowa,Iceland
9805,Juan,Cole,miguel75@example.net,590 Coleman Freeway,Port Stephaniestad,Oregon,Svalbard & Jan Mayen Islands
9806,Carolyn,Perkins,choward@example.org,554 Brown Gateway,Port Jodyburgh,Mississippi,Namibia
9807,April,Davis,thomas90@example.net,41837 Anderson Ville Apt. 969,Staceymouth,Delaware,Vanuatu
9808,Renee,Garcia,rossjeremy@example.net,85332 Jeff Port,Jessicaland,New Hampshire,Kenya
9809,Richard,Strong,joshuaterry@example.org,24187 Morgan Rapids Suite 506,Katelynfort,New Jersey,Poland
9810,Kelly,Cochran,allendale@example.com,24398 Torres Knoll,East Jacob,Wyoming,Guinea-Bissau
9811,Isaiah,Conway,wgarcia@example.com,8944 Vang Fort,Jeromefurt,Florida,Korea
9812,Brittany,Pierce,sheryl90@example.com,5107 Kayla Roads Suite 702,North Joannafurt,Georgia,Japan
9813,Diana,Ball,nicholsdonna@example.org,4257 Allen Field Apt. 880,Harrellmouth,New York,Cape Verde
9814,Michael,Davis,qporter@example.com,263 Adrienne Coves Apt. 849,South Johnshire,Colorado,Svalbard & Jan Mayen Islands
9815,Shawn,Jacobs,johnfrost@example.net,50400 Weber Knolls Apt. 492,Christophermouth,Maryland,Kazakhstan
9816,Shawn,Daniel,phernandez@example.org,72128 Lucas Ridge Suite 060,West Markville,Iowa,Burkina Faso
9817,Juan,Clark,collierderek@example.org,43019 Eric Villages Suite 705,Juliebury,North Carolina,Macao
9818,Nicole,Nelson,jamespena@example.org,982 William Hollow Suite 486,Lake Connieside,Iowa,Cyprus
9819,Zachary,Rivers,oliversummer@example.net,1338 Barry Bridge,West Lindsay,New York,Norway
9820,Kathy,Waters,brian22@example.net,2851 Gray Cape,Abigailview,Illinois,Botswana
9821,Rhonda,Christian,aaron05@example.net,814 Scott Courts,East Anafurt,Florida,Kyrgyz Republic
9822,Terri,Levine,kimberlyross@example.org,887 Hull Spur Apt. 834,Georgetown,Michigan,Belize
9823,Amber,Krueger,rachelvillanueva@example.org,67382 Flores Port Suite 440,Jennyburgh,Oklahoma,Iran
9824,Diamond,Smith,brandi91@example.net,76717 Walker Underpass Apt. 009,West Stephanietown,Oregon,Pakistan
9825,Ronald,Orr,andersonerica@example.com,5167 Higgins Glen,Jeremytown,Mississippi,Nicaragua
9826,Brian,Proctor,kevin16@example.net,6029 Teresa Shore Suite 636,Williamsland,Connecticut,Germany
9827,Hannah,Barnes,santiagostephanie@example.com,561 Danny Mountains,Robertfurt,Kansas,South Georgia and the South Sandwich Islands
9828,Alexis,Hughes,katherine76@example.org,31983 Martin Port,New Morgan,Alabama,Bahamas
9829,Cameron,Schaefer,tanyanash@example.org,102 Charles Street,Port Ross,New Jersey,Mali
9830,Carrie,Maddox,casethomas@example.org,813 Garcia Lake,East Daniel,Washington,Puerto Rico
9831,Melody,Jones,oscar37@example.net,3745 Lori Springs Apt. 279,East Jasminemouth,Texas,Bhutan
9832,Daniel,Jones,xgarcia@example.com,39924 Vargas Manors,West Shawn,New Hampshire,Philippines
9833,Brittany,Sullivan,taylor40@example.com,5410 Mejia Ridges,North Todd,North Carolina,Saint Kitts and Nevis
9834,Jason,Hoover,changapril@example.com,99775 Ashley Plains,Loritown,Vermont,Anguilla
9835,Isaiah,Black,owood@example.com,77642 Jones Parkway,North Reneetown,South Dakota,Lithuania
9836,John,Walsh,munozann@example.org,81777 Dawn Loop Apt. 519,New Ericburgh,Massachusetts,Kenya
9837,Michael,Thompson,robin47@example.org,0077 Hubbard Circle,New Davidview,Colorado,Bulgaria
9838,Michael,Watson,tylerblackburn@example.com,07097 Richardson Point Apt. 885,North Patricia,Rhode Island,Tonga
9839,Robert,Henry,aaronhamilton@example.net,7242 Sean Pass Suite 361,Lake Ryan,South Dakota,Christmas Island
9840,Zachary,Morales,joseallen@example.com,69878 Ralph Circle,Port Daniel,New York,Western Sahara
9841,Leslie,Hardin,fpatel@example.com,0248 Pope Road,Vanessachester,Mississippi,Indonesia
9842,Crystal,Jones,lelindsey@example.org,7141 Phillip Bypass Suite 270,South Mariamouth,Washington,Singapore
9843,Olivia,Boyle,robertgarcia@example.org,0466 Watson Cove,New Crystal,South Carolina,Iraq
9844,Tasha,Wu,herbertbennett@example.net,064 Mariah Track,Bellstad,Montana,Cape Verde
9845,Richard,Moreno,barneslaura@example.org,3120 Vincent Passage Suite 280,North Evanstad,Indiana,Paraguay
9846,Tiffany,Stewart,miguel71@example.org,761 Park Camp Suite 289,South Katie,Michigan,Luxembourg
9847,Crystal,Martinez,cindy32@example.net,4296 Maria Cliff Suite 622,Richardhaven,Hawaii,Korea
9848,Craig,Johnson,nkline@example.com,36489 Mary Parkway Suite 631,New Johnborough,Mississippi,Wallis and Futuna
9849,Michael,Lopez,rhonda86@example.net,16311 Turner Park Apt. 617,East Tylerville,Kansas,Greece
9850,Manuel,Foster,perkinsjulie@example.net,338 Turner Cliffs Apt. 329,Gonzaleshaven,Michigan,Croatia
9851,John,Wallace,manningjoel@example.net,4150 Dyer Ranch Suite 878,North Richardside,New Jersey,Burkina Faso
9852,Danielle,Harris,xruiz@example.org,23527 Chung Common Apt. 880,Kristinberg,North Dakota,Germany
9853,Mark,Gentry,swallace@example.net,89341 Kristen Drives,Singhhaven,New Mexico,Bangladesh
9854,Marc,Smith,levinenancy@example.com,9938 Angela Islands Apt. 364,Richardsonport,Michigan,Mayotte
9855,Cassandra,Mitchell,lesliejoyce@example.net,56366 Gibson Mill,East Brianchester,Kansas,Monaco
9856,Samantha,Morgan,wmoore@example.com,162 Cunningham Parkway,East Shannon,Utah,Namibia
9857,Samantha,Kim,twest@example.org,538 Gabriel Club Apt. 513,Markside,Massachusetts,Lebanon
9858,Keith,Manning,cynthia04@example.net,75135 William Walks,Phelpsberg,Oregon,Paraguay
9859,John,Mcgee,rollinsclaudia@example.org,410 King Circles,East Allison,Oklahoma,Jordan
9860,Matthew,Nicholson,fgonzales@example.org,402 Bradley Cape Apt. 037,North Thomas,Massachusetts,Mali
9861,Tonya,Howard,erindelacruz@example.net,3792 Eric Park Apt. 637,Fletcherfort,Oklahoma,North Macedonia
9862,Dalton,Pratt,jsanders@example.org,997 Scott Flat,New Janet,Rhode Island,Puerto Rico
9863,Brian,Levine,cindyperez@example.com,931 Rose Street Apt. 204,East Elizabethport,Indiana,Tuvalu
9864,Stacey,Williams,jacqueline66@example.net,86253 Heather Landing,Smithchester,Kansas,Tuvalu
9865,Angela,Horn,jennifer98@example.org,8181 Leslie Plain Suite 501,Knightmouth,Alaska,Micronesia
9866,Kyle,Richards,danielle45@example.org,89450 Marsh Village Suite 416,Ashleytown,Oklahoma,Australia
9867,Kimberly,Valencia,hheath@example.net,8914 Simon Pine Apt. 186,South Dylanfort,Montana,Bolivia
9868,Philip,Williams,katelyn99@example.com,90647 Stephen Mills Apt. 196,Lindaberg,South Carolina,Svalbard & Jan Mayen Islands
9869,Edwin,Arnold,dereksmith@example.net,7795 Carter Green Apt. 006,South Garyview,Wisconsin,Saint Vincent and the Grenadines
9870,Shawn,Parker,sheadavid@example.net,517 Butler Common Apt. 368,Brendafort,North Carolina,South Georgia and the South Sandwich Islands
9871,Timothy,Johnson,nathaniel08@example.net,74976 Tracy Motorway,Espinozamouth,Virginia,Palau
9872,Nicholas,Thomas,morenobrandon@example.net,0859 Reynolds Courts Suite 341,Samuelfort,South Carolina,Canada
9873,Zachary,Wells,dalebrown@example.net,4834 Moore Avenue Apt. 956,Port Catherineborough,Minnesota,Uganda
9874,Philip,Myers,jacob57@example.org,6300 Emily Vista Apt. 809,Velazqueztown,Michigan,Togo
9875,Lisa,Sweeney,moorechristopher@example.net,33686 White Rest Suite 892,Port Judy,South Dakota,Lebanon
9876,Brett,Garcia,brian45@example.org,978 Green Street,Youngborough,Hawaii,South Africa
9877,Scott,Dickerson,angelasimon@example.org,8186 Ronald Place Apt. 647,Port Josephton,South Carolina,Bangladesh
9878,Timothy,White,brian01@example.net,3507 Brooks Views,Wallsburgh,Rhode Island,Martinique
9879,Robert,Rice,carolynjones@example.net,24044 Joshua Junctions,Lake Michael,New Hampshire,Greece
9880,Kristi,Thompson,gallegoschristopher@example.net,10260 Henry Valley Apt. 291,Turnermouth,Maine,South Georgia and the South Sandwich Islands
9881,Jason,Esparza,agarcia@example.net,402 Wheeler Mountains Apt. 302,Port Richard,Vermont,Cambodia
9882,Jeffrey,Thomas,susanspears@example.org,25315 Olson Ports Suite 768,South Shaneport,Montana,Vanuatu
9883,Timothy,Thompson,nsalazar@example.net,35545 Krista Falls,New Michael,Wyoming,Tunisia
9884,Zachary,Ayala,henryrobin@example.com,7242 Donald Drives Suite 993,Bushside,Michigan,Suriname
9885,Brittany,Anderson,kimberly13@example.com,522 Timothy Knoll Suite 055,Port Danfort,New York,Eritrea
9886,Priscilla,Stone,fmartin@example.org,38981 Hansen Walk Suite 348,Lake Jenniferfurt,South Carolina,Saint Lucia
9887,Darrell,Leach,esmith@example.org,368 Martinez Isle,Port John,California,Guernsey
9888,Debra,Hoffman,sjames@example.org,656 Manuel Plaza Suite 188,Rossside,Wisconsin,Portugal
9889,Catherine,Riddle,perezjames@example.net,4068 Stacy Mountains Suite 516,East Tammyshire,Virginia,French Polynesia
9890,Jeff,Howard,kingpatricia@example.com,436 Lauren Rue Apt. 125,Feliciafurt,Utah,Central African Republic
9891,Catherine,Hernandez,shane92@example.com,178 Amy Station Apt. 993,South Alejandra,Wisconsin,Kyrgyz Republic
9892,Michele,Obrien,fishermelissa@example.org,29942 Brown Mall,Lake Jill,Illinois,Australia
9893,Mary,Schwartz,fdavis@example.org,84950 Conner Fields Suite 437,North Madelineside,Pennsylvania,Wallis and Futuna
9894,Cindy,Wilson,robertjackson@example.com,1742 Julia Fork Apt. 076,Stoutfort,Kentucky,American Samoa
9895,Michelle,Harris,michelle70@example.net,79269 Harris Falls,North Megan,Nevada,Gambia
9896,Priscilla,Keith,hthornton@example.org,02207 Wayne Underpass,Zimmermanstad,Virginia,Argentina
9897,Kevin,Underwood,jerrymoore@example.org,33890 Jennifer Port,Christopherland,New Hampshire,Saint Pierre and Miquelon
9898,Robert,Johnson,zhess@example.com,1824 Sarah Falls,New Alex,Virginia,Yemen
9899,Max,Smith,pwilson@example.com,134 Lucas Flat,Kaylafurt,Arizona,New Caledonia
9900,Mark,Sanchez,amysanchez@example.net,7359 Decker Rue Apt. 675,New Marcus,Michigan,Slovakia (Slovak Republic)
9901,Laura,Phillips,billygregory@example.org,580 Anderson Station Suite 696,New Jamesland,Missouri,China
9902,Carl,Garcia,susangarcia@example.org,91837 Joseph Gardens Apt. 762,Lindsayhaven,Nevada,Heard Island and McDonald Islands
9903,Nicholas,Smith,qmcintyre@example.com,51343 Love Isle Apt. 975,North Catherinemouth,North Carolina,Tonga
9904,Christopher,Navarro,angela98@example.net,07569 Young Rapid,Annmouth,Alabama,Congo
9905,Brian,Ray,daisy73@example.org,7302 Hall Garden Apt. 697,Smithbury,Utah,Samoa
9906,Teresa,Henry,amydavis@example.org,24100 Butler Key Suite 301,Kylemouth,North Dakota,Togo
9907,Kelly,Hodge,brian08@example.org,8567 Hart Route,East Karl,Oklahoma,Bahamas
9908,John,Cantu,cristinasantiago@example.com,5026 Hannah Center Suite 946,Port Paigebury,South Carolina,Korea
9909,Sharon,Watkins,raymondrichard@example.net,6614 Brown Harbor,Katrinaland,Virginia,Jersey
9910,Tonya,Anderson,elliottjulie@example.com,67636 Keller Isle,Millermouth,New York,Timor-Leste
9911,Megan,Myers,scottschaefer@example.net,65484 Laura Way,Gainesmouth,Massachusetts,Saint Kitts and Nevis
9912,Kristin,Chambers,mmason@example.net,07968 Diane Oval,East Julianburgh,Georgia,French Polynesia
9913,Gene,Richard,hwalker@example.net,2886 Williams Overpass,Savannahport,Indiana,Hong Kong
9914,Margaret,Johnson,kellysmith@example.com,516 Jennifer Plaza Apt. 426,Port Sherri,Connecticut,Turks and Caicos Islands
9915,Jeffery,Mills,amber30@example.com,3822 Robinson Radial Apt. 495,Brownstad,Delaware,Russian Federation
9916,Sabrina,Moses,allisonlong@example.com,215 David Coves,Simsborough,Connecticut,Kiribati
9917,Amanda,Bennett,beckywang@example.net,9592 Angela River,Woodardtown,Maine,Cote d'Ivoire
9918,Shane,Gonzalez,jennifer64@example.net,4385 Rodriguez Falls Suite 482,Harrishaven,Indiana,Malaysia
9919,Kelly,Atkins,edwardsstephanie@example.net,21734 Campos Road Suite 110,Dixonland,South Dakota,Gabon
9920,Christopher,Brandt,terryelizabeth@example.org,46327 Williamson Expressway Suite 218,Valdezberg,Massachusetts,Djibouti
9921,Ariana,Jones,mayerkarla@example.org,47770 Richard Neck Apt. 588,East Shannonshire,Massachusetts,Gambia
9922,Denise,Obrien,morgancarrie@example.com,0855 Linda Gateway Apt. 957,Johnsonbury,Washington,Antigua and Barbuda
9923,Amy,Chapman,ckelly@example.org,355 Nicholas Rapid,Ramireztown,Iowa,Liechtenstein
9924,Kim,Holt,katiejohnson@example.org,55805 Winters Ports Apt. 034,Stephensshire,South Dakota,Falkland Islands (Malvinas)
9925,Blake,Graham,uolsen@example.net,246 Gonzalez Track,Kevinhaven,Arkansas,Spain
9926,Debbie,Dennis,nmatthews@example.org,5127 Lisa Rapids,New Cindyborough,Tennessee,Eritrea
9927,Tamara,Gardner,aallen@example.net,319 Sims Mount,Nixonland,Indiana,Saudi Arabia
9928,William,Santos,erinmoore@example.com,5727 Cook Spur,North Barbaraview,Illinois,Andorra
9929,Alexis,Drake,kimberlysparks@example.com,6413 Jonathan Hills,Sandratown,Washington,Iceland
9930,Russell,Mcconnell,srodriguez@example.net,9047 Stephanie Mountain Apt. 983,New Michaelmouth,North Carolina,Guyana
9931,Frank,Holden,jimenezmelissa@example.com,335 Rogers Streets Apt. 897,South Christopher,California,Guernsey
9932,Lisa,Crosby,brownharold@example.org,880 James Canyon Apt. 154,Millsport,North Carolina,British Virgin Islands
9933,Adam,Hardin,bryan26@example.com,48914 Holland Valley,Martinbury,Mississippi,Samoa
9934,Brandon,Bates,zacharylyons@example.com,550 Morales Fort,Jordanborough,Iowa,Finland
9935,Alicia,Williams,smithrobert@example.com,7580 Bentley Crescent Apt. 581,West Michaelport,Nebraska,Northern Mariana Islands
9936,Melinda,Ramos,rhughes@example.net,7663 Amy Stream Suite 044,East Joyce,Pennsylvania,Kiribati
9937,Frank,Thompson,kellimoore@example.com,67718 Russell Radial Apt. 123,South Robinbury,Florida,Taiwan
9938,Ethan,Kelly,erika04@example.com,3890 Torres Valley,Port Brandonbury,Maine,Hungary
9939,Erin,Pena,stephanieellis@example.com,7307 Little Road,Ariasburgh,Arkansas,Bosnia and Herzegovina
9940,Leah,Kennedy,bethanybennett@example.org,436 Pham Ports,Woodville,Hawaii,Zimbabwe
9941,Jeffery,Perez,charles34@example.net,7840 Hunter Freeway,Conleyside,New Mexico,Cuba
9942,Stacey,Ferguson,cynthia60@example.com,7421 Rogers Common Apt. 390,Mathisview,Tennessee,Saint Barthelemy
9943,Brittany,Thompson,yross@example.com,90134 Shields Trafficway,Lake Robertton,Wisconsin,French Polynesia
9944,David,King,rebeccacarter@example.net,6064 Price Tunnel Suite 339,Petersside,Connecticut,Tonga
9945,John,Wallace,christopher09@example.com,41464 Robert Wells Apt. 316,Stevenview,Massachusetts,Madagascar
9946,Valerie,Hicks,sanchezmitchell@example.net,5844 Hart Underpass Apt. 821,Kimberlymouth,Nevada,Ethiopia
9947,Suzanne,Richmond,yatesdevon@example.org,7680 Laura Crossing Suite 290,Port Tammyburgh,Wisconsin,Trinidad and Tobago
9948,Dawn,Cline,millerdonald@example.org,9796 John Lane Suite 596,East Jennifer,Idaho,Turkmenistan
9949,Michael,Hill,gavin42@example.net,630 Travis Views,Jamestown,Oklahoma,Saint Pierre and Miquelon
9950,Tony,Francis,sfreeman@example.org,49366 Richmond Squares Suite 992,Mendozachester,Delaware,Malawi
9951,Jeremiah,Fox,markmendez@example.net,738 Craig Island,Port Michelle,Arkansas,Saint Martin
9952,Mary,Mcmillan,robert26@example.org,23729 Jose Extensions Suite 523,Duarteside,Utah,Montenegro
9953,Craig,Rivera,perezroy@example.net,3405 Charles Mission,South Carloschester,Oregon,Sweden
9954,Andrew,Hall,raymondjohnson@example.com,23114 Villarreal Streets,Port Sherylview,Texas,Serbia
9955,Lauren,Collins,chavezrachel@example.org,397 Brooke Vista Suite 237,Charlesshire,Connecticut,Greenland
9956,Timothy,Stevenson,gutierrezlaura@example.net,64293 Hernandez Roads Apt. 131,South Carly,Mississippi,Palau
9957,Tina,Hernandez,kimberly65@example.org,284 Bailey Trace,Anthonyport,Hawaii,British Virgin Islands
9958,April,Hansen,veronicarobinson@example.org,7186 Scott Wells Suite 011,Carolynton,Kentucky,Nepal
9959,David,Morgan,melissa53@example.com,5435 Vazquez Prairie Suite 338,Port Nicole,Montana,Saint Barthelemy
9960,Sherry,Peterson,matthew47@example.com,433 Jordan Bridge,Rogerburgh,Idaho,Lebanon
9961,Christina,Murphy,mwilliams@example.net,2075 Jesse Heights,Doyleport,Texas,Serbia
9962,Joel,Smith,christopherlee@example.org,882 Kyle Ramp,South Amandaland,Colorado,Dominican Republic
9963,Jason,Sanchez,sheafrancisco@example.net,50566 Denise Neck Suite 914,South Traceystad,Alaska,Dominican Republic
9964,Bruce,Savage,john53@example.org,98906 Medina Mills Suite 855,Cruzbury,Colorado,Palestinian Territory
9965,Emma,Mcmillan,jessica48@example.org,2392 Rios Extensions Suite 313,South Jillian,Maine,Tonga
9966,Brandi,Wright,amoon@example.com,97922 Monica Neck Apt. 074,Port Richard,Kansas,Montenegro
9967,Andrew,Baldwin,ymoore@example.com,26021 Sean Spring Suite 072,South Davidhaven,Delaware,Mozambique
9968,Christopher,Nguyen,ogates@example.com,417 Craig Street Apt. 790,East Jason,Wisconsin,Paraguay
9969,William,Gonzalez,sbrown@example.net,890 Miller Unions Suite 678,East Markshire,Iowa,Myanmar
9970,Mary,Phillips,lhodge@example.org,216 Henderson Forges,Charlottestad,Arizona,Burundi
9971,Kyle,Wells,rfrancis@example.org,8138 Wong Keys,Cassandrafurt,Delaware,Cape Verde
9972,Jessica,Schmidt,fjohnson@example.com,58809 David Neck Suite 687,New Jeffrey,New Mexico,Ukraine
9973,Christopher,Gonzalez,zrosario@example.com,2221 Wilkinson Drives Apt. 655,Monicatown,Oklahoma,Faroe Islands
9974,Nicholas,Shah,rachel40@example.com,162 Aaron Shores Suite 668,East Daniel,Wyoming,Hong Kong
9975,Brian,Coleman,jimenezthomas@example.org,97069 Christina Shore,Yolandaport,Maryland,Antarctica (the territory South of 60 deg S)
9976,Steven,Patterson,joel73@example.org,8073 Mays Crossing,Rossside,Minnesota,Togo
9977,Jonathan,Neal,zpena@example.com,9436 Fletcher Square Apt. 595,North Joshua,Missouri,Somalia
9978,Amber,Warren,kellerronald@example.org,639 Brandon Greens,Langfurt,Idaho,Tajikistan
9979,Sarah,Krueger,costarachel@example.com,30442 Spears Meadows,Stephenville,Alaska,Nepal
9980,Emily,Jackson,stephenharper@example.net,011 Smith Corner Apt. 435,Joyceside,Montana,Sierra Leone
9981,Richard,Romero,villanuevacrystal@example.org,5787 Merritt Ridges Apt. 249,Barberchester,Maine,Guernsey
9982,John,Williams,uevans@example.net,2445 Patrick Knolls Suite 698,Meganberg,Arkansas,Zambia
9983,Jay,Lambert,kmelendez@example.org,75608 Berg Rapids Suite 153,Smithton,Maryland,Guatemala
9984,Elizabeth,Kirk,xvillanueva@example.net,8997 Sanford Islands Apt. 261,South Daniel,Michigan,Tanzania
9985,Gina,Matthews,suzanne52@example.org,499 White Orchard,Ryanstad,Pennsylvania,Malaysia
9986,Kyle,Greene,lpowell@example.com,7445 Alyssa Meadows,Port Michelle,North Dakota,Timor-Leste
9987,Caitlin,Ward,wellsdaniel@example.com,7689 Goodwin Grove,New Jenniferhaven,Alabama,Portugal
9988,Timothy,Whitaker,kimkarla@example.com,0087 Joseph Mills Apt. 035,North Alejandroshire,Oklahoma,Reunion
9989,Joseph,Schultz,ashleycarter@example.org,053 Howard Heights Suite 276,Port Denise,North Carolina,Netherlands
9990,Karen,Smith,jlee@example.net,408 Lee Ridges,Williamsport,Oregon,Russian Federation
9991,Hannah,Dixon,harriscindy@example.com,8351 Wallace Station Apt. 163,New Mark,Minnesota,Malawi
9992,Elijah,Park,ricky26@example.net,2032 Wendy Estates Apt. 197,North Christopherhaven,Idaho,Singapore
9993,Angela,Sandoval,walshsandra@example.org,37705 Matthew Shore,North Melissa,Michigan,Sri Lanka
9994,Calvin,King,stephaniechen@example.org,316 Guerrero Fort,West Aimeeport,Wyoming,Faroe Islands
9995,Sharon,Mathis,morrisgeorge@example.org,706 Howard Passage,Port Justinmouth,New Jersey,Moldova
9996,Debra,Johnston,slee@example.org,77013 Mark Meadows,Lake Laurenville,Florida,Namibia
9997,Rebecca,Bass,mollywood@example.net,183 David Ford Suite 196,North Eric,Nevada,Guinea-Bissau
9998,Lisa,Acosta,brandimcfarland@example.com,4349 Coffey Corner,Lake Todd,Illinois,Honduras
9999,Kelsey,Silva,avaughn@example.com,2721 Stanley Rest,Port Nathan,Maryland,Moldova
